Author,Content
b58b70f8,okay i have to sleep i have a test in 6 hours
24ea4ff4,English could just say narcotics fr
20bf120f,So she would have to be related to him?
72661a6c,are there really 2 streams worth after that?
fa09cb53,damn bro wholesome oval trajectory
7e5b9ca6,nah he might not get there today
d64c58dd,but I'm told it never gets that bad again
d64c58dd,Yoo. I was trying to find it cuz theres a song later on that uses the same motif in a sneaky way
e1688f3c,i thought that was fake>??>?>?
d053e1b9,My bet is on Joe's name being Alan
bfa4eaa7,what was it gonna be
87df89af,We need a Battler and Beatrice drawn in Italian Dante and Beatrice appropriate clothing
fa09cb53,he got milk on da floor 😩😩😩
d25281cf,what if the world was made of pudding
b58b70f8,beatrice actually let george try a virtual boy prototype so he thinks hes in purgatory
d053e1b9,Like how long has it been?
d25281cf,"still not sold on higurashi's artstyle but umineko's just clicks, i feel"
015b370b,Weird collab hope it goes well
94b5b4c9,"WHAT ARE THESE, TUBES???"
fd46192f,"i'm pretty sure erika didn't use the red, think it was bern that did it"
13a6ed2b,i would @ one of the dev's who's in jads but i dont wanna be rude and bother them 😭
b478b463,Are you gonna be able to make it for Tuesday streams Medley?
f06d395c,Are there going to be NO murders this time?
2e441894,Why even post it here
56d90223,I was created to create
e1688f3c,i will split statistics between women and men to determine your homosexuality
07e46c25,what maintenance do they need
c3e052ec,There was a third one?
96962f09,well hachijo is basically just ryukishi so fuck it
b088e603,"Here for stream
Reading club for partial personal 
Unlimited umineko works for all umineko"
478c0a65,I'm editing dmc5 highlights
eef09ada,Btw im about to post a poll and no umifullers are allowed to respond to it
b58b70f8,oh sorry i saw this and assumed
b088e603,Time to catch up on the vod
f06d395c,I won't spoil anything but I definitely did have to ignore some issues with Pentiment
d053e1b9,I just know that the belmonts like to spam specials
fa09cb53,stop scratching your face bro your skin will become bad 😤
b58b70f8,especially the scene it first plays in where ange idealizes suicide
b4690dc2,hits some sort of cultural niche that it didn't in its home country
5376ff2f,At the least I don't think he revisited it on stream if he did
5b7aedab,"The Good, The Bad, and The Nanjo"
5dc7b18f,that was on Women's Day btw
40497259,Come! Pendragon Snail Corps! Obliterate this chatter!!!
d9135df8,and also sometimes its a clueless
5b7aedab,mouse said read the pins
17ce7674,Too drunk to realise how it's even a spoiler
eaddc5d1,Okay so I'm getting the feeling my assumptions aren't uneducated
e1688f3c,maybe he should've learned gamemaker instead
bfa4eaa7,(obviously dont click the channel where this came from)
b9f82b61,So are Umituesdays gone permanently?
eaddc5d1,"I just really fucking love literary analysis, this is one of my favorite things in the world to do"
df4aa97d,This is why SHE:S THE GOAT
f06d395c,Yeah got the dates wrong but it's not midnight of the first day?
e1688f3c,they made me fill out 20 people
fa09cb53,rest in pease ccp foghter 😢
73e128e5,fuck him doing umistreams tomorrow means i should finish my finals today so i can watch lmao
db13175c,i guess it's tough to shake something like that yeah
ba999415,nanjo bullshit incoming everybody umi4
d053e1b9,It should be quick. I'm just getting a 3d scan done so I can get a new bite guard
e1688f3c,swearing = edgy and funny
5b7aedab,for given values of funny
fa09cb53,top (wisdom tooth) extract
73e128e5,brandon sanderson visual novel?
fa09cb53,yeah saw this when was at campus
219c8209,"some bird flew into my room
it's not a seagul but it's huge man what the fuck with birds sometimes"
b58b70f8,"its a catchphrase by the character furude rika, who i believe is who bern is a reference to"
d25281cf,Idk what you’re even referring to Crystal
d64c58dd,how do you do mouseover dictionary? that seems like a good pro strat for learning a language
882bcc01,Fuck my whole body went numb from crying
d64c58dd,turns out gohda can cook
fa09cb53,just do some urban graffiti
e1688f3c,bitches idnd;'t give me hole card 😠
b4690dc2,petitioning for a jads holiday where we turn the pvp off
f06d395c,This is a very visceral reaction btw
d64c58dd,There was a period of time when umineko was unfinished
bfdf84c8,ZTD is a cream stream
eaddc5d1,OH HIS FACE IS SO BAD
8264f965,is umi ost on spotify?
fa09cb53,you when tmr you lacks sleep because you were quoting ba tung parody
20bf120f,(I can't even disprove that possibility)
94b5b4c9,"the catbox metaphor is used as a really roundabout way of saying ""we don't know lol"""
51a6abb9,damn i'll watch it again then i guess
20bf120f,"It is implied that Meta Battler experiences the things normal battler experiences, right?"
d64c58dd,ah yes rokkenjimagate the word that is said ONE TIME in all of umineko
29178c9d,it sounds like kirby music to me
d64c58dd,if you hate those things then don't watch it
23cb59d8,I never played that one
d053e1b9,I'm back from the dentist and Joe still hasn't started fanart
b9f82b61,oh god he did it again
fa09cb53,bro its like the most famous fiction novel ever bruh
f06d395c,Why is discord mobile so ass
f06d395c,Sorry they're lockd up in the chapel?
a997b01f,Yes and 9 women can birth a baby in one month
e1688f3c,fortnite 100 tips and tricks to become pro like ninja
ae10a8f4,Bern's just intial reaction to the game being
b58b70f8,down with the beatrices i say
fa09cb53,the extinction event...
fa09cb53,financial jjargon bull shit
b58b70f8,theres an amazing edit of the stageplay for the question arcs
e1688f3c,"where are you from, loser?"
d053e1b9,Give me five minutes
ba52ee3b,How many chans have you made crystrice
bfa4eaa7,I've been through this before 😭
51a6abb9,also i'm so curious about where kumasawas witch comes from
5c345fff,"no, when was that? sounds familiar"
bfa4eaa7,"at least in this case the ""devil's proof"" is actually relevant to the themeing of the story"
73e128e5,i'm not umifulll raaaaaaaaaaaaaaaaaaaaaaagh
e1688f3c,is this posted in the third of july 2024
02ff68a1,"I just dont know how we get there, I should add. The tea party could bridge to it."
637beb8b,I have a lot of hate towards the pachinko sprites 🥰
d64c58dd,THE FIGHTING GAME ACTUALLY IS A TAG FIGHTER
441da1e5,At least this time we’re discussing things we’ve actually seen on stream
d053e1b9,You just have to behave and can't switch roles
d0cb4aa9,It should be said that Trails from Zero and Trails to Azure were localized by fans.
29178c9d,"Ushiromiya Battler, the young member of the Ushiromiya family"
8441b39f,Thank you beautifuls
441da1e5,Must be suprising how all of the magic cast aside from Beatrice are only introduced in Ep3
13a6ed2b,because someone sent it and i just added it
e1688f3c,this is an image from the interwebs
47247786,"I WAS HERE THE WHOLE TIME, NII-SAN.

She really is a Beatrice."
eaddc5d1,It's trope subversion and character building and thematic establishment at the same time
20bf120f,Theres a key for the bathroom
f06d395c,Yeah stuff like that is why some of their ages feel fuzzy
73e128e5,maria is an S tier character i love her
0eccefda,WAIT THIS IS A FUCKING GENIUS BIT
d053e1b9,"I mean it's NOT, but under these circumstances it is"
68aa81ad,it's most likely wrong anyway
fce5d05f,It'll probably finish by september
d25281cf,your theories are fun :)
e1688f3c,the onster collection
17ce7674,"Haha, we did it! He will surely go back to the VN now!"
db13175c,i think  i expressed interest in reading it when i was a pre-teen but i never did so
60a3779e,Do they have another online presence besides these YT comments?
7b056647,Felt excessive in its depiction of some topics
30a0ff40,especially those anime fights scream weebs wrote this to me
8441b39f,This fits with the idea that beatrice can just do whatever the fuck she wants because magik
d08f3d94,there’s a wordle game where you guess the prices of costco items
f06d395c,I wonder how I'll feel about Fata Morgana
b4690dc2,I’ll add my vote despite only seeing like four hours of it
b478b463,Uh oh I feel like I went around in a circle
250b0a9b,George is so great theres no way he couldnt do magic. Can you believe that hes single
ae10a8f4,"It's jover, there'gonna be a civil war"
f06d395c,It's also pretty wholesome that Dlanor and co repeatedly try to get Erika to back off
07e46c25,"""should i say this?"" [says something completely reasonable]"
478c0a65,Dragonsden is still 🔛🔝 for toxicity
fa09cb53,but if you try can you hear a melody atleast
e1688f3c,math is compromised! 11
6b81da02,I kind of am if you just see the times
31a02125,other than that uhhhhhh
b478b463,add a dd before the word instagram
7e5b9ca6,its a top 10 scene in the game
fa09cb53,why you tryna make the drum melodic???????
17ce7674,"see, this is evidence that some takes are objectively incorect"
87df89af,I reckon this is all just the afterlife
a41e37a5,but it adds so much to the scenes when it plays
fa09cb53,i cant blame anything else but education on this one
e1688f3c,real life aka oni haunting
250b0a9b,This is what Joe has
daee0717,tragic that i didnt get to read this actually
f06d395c,"But as usual, at no point in this story have I ever been able to predict what it'll do ever"
0be52b7c,Anyway it was probably an artistic choice to make the characters appealing
e1688f3c,but now it sounds empty
eef09ada,"Thats unfortunate, if you do ever replay the Final Cut id really recommend doing that vision quest."
ecece11b,Umi 7 I read 7 in like 2 days and one 10 hour reading session lol
fa09cb53,gotta go back to writing my weekly blog and balls torture...
b4690dc2,the good parts of disco elysium are the good parts of most crpgs
7829cb39,"analysis so good that nobody even noticed you said ""metaphor"""
e1688f3c,the server is just an isaac server
0f04debb,i can't wait to bawl at the ending
eaddc5d1,why is beato's mouth so big and why does Battler Look Like That
5b7aedab,personally i really value that ps3 battler looks more mature
1fd2119c,That last one was just warmup
e1849ed8,was expecting a cliff this stream but now I'm considering otherwise
fa09cb53,my only class is at 12h 🥰 🥰
f06d395c,"Yeah lol. It's fine I guess. Expect the worst, celebrate when it's not"
e1688f3c,gdp equals gross domestic product retar
c73b2cb7,"ryukishi made 77 expressions for Beatrice, this an insane amount"
13a6ed2b,one of my favorite emotes
e1688f3c,and bitches separated the events into different arcs
219c8209,"Maybe when actually playing? Sure, watching this was super sleep inducing"
f06d395c,Turned out they'd been playing on censor 0 or 1 or whatever the lowest is
e1688f3c,damn only 3 months left??
505a43d8,umineko OG sprites are great and i will take no rain animations any day of the week to have them
89d41233,What the hell are you smoking I can think of multiple more in 3
13a6ed2b,Selfcest which is neither imo
bfdf84c8,"Yeah, he could have done like, a higu stream for the bit and then stream Umi on sunday"
8248ef7e,When you get to the Golden Land but it's chinese:
e1688f3c,won't sound that much different though if you don't know what's different
30a0ff40,"For now most of my speculation is completely 4fun, I expect almost none of it to be correct"
13a6ed2b,so that means it takes me a while to get through things
eaddc5d1,A MEAL? A SUCCULENT MONOCOIN MEAL???
fe7bc02b,is mustard is USA made for babies? wdym it's not spicy
63518930,going back to 1 is weird tho cause there's no red truths so there's way more possibilities
d053e1b9,Remember how I drew my pfp as a catgirl once
ba52ee3b,like if i had to watch a stream on mobile then i'd be done
c73b2cb7,save yourself from some really really nasty thumbnails
d2cbae83,You mean what I posted?
e1688f3c,literally getting the vaccine at 3pm
810fde7b,Joe is the sub for sure
f06d395c,They're poring over the riddle
5b7aedab,i mean same? but i guess i'll reframe it then: this isn't joe at his best at all
e1688f3c,air conditioner is fixed
e1688f3c,baby  😩  baby 😩 baby  😩
a997b01f,Valid for some of Dalmek's bit messages tbh
b58b70f8,since that has an international cast LMAO
6cd41a0f,Joe is reading peak trickshot 6 hes at the part where ball almost hits the cup
f06d395c,I LOVE the transition between the holy cathedral of the Council and the parlour room
078a32ed,I know who she chose
fe851805,This sounds like you're using lotus
fa09cb53,fwd:fwd:fwd: grandpa going off again!
4e2a80fc,it makes me want to punch her which i guess is the intention
d25281cf,"I would have to agree, kojima’s style doesn’t fit horror as well imo"
24ea4ff4,based on your pfp I fully believe you are the one that stabs
b58b70f8,the earlier arcs are pretty decent with its pacing
b8eaf23d,It's cheesy but i called it my wtc pilgrimage. Cause you gotta go at least once as a fan of both
fa09cb53,getting into the youtube
8441b39f,A meteor can fall and kill the boat
b8eaf23d,Thays for songs not regular videos
44721f1f,oh we got to a twilight alright
219c8209,Will we ever hear Dread of the grave ever again
d053e1b9,Left click a maze to perform a glory kill
17ce7674,literally just play the game
30a0ff40,If Beatrice is misogyny then battler is feminism 😎
e1688f3c,activision blizzard working with a lot of companies doe
a997b01f,"Enola Gay: 1.55 tons? lol, lmao"
8f76cfa5,i really dont think natsuhi was the criminal
fa09cb53,just let it be feature 👍
8e4a44e5,"lp archive, but be careful not to scroll down into episode 4"
fa09cb53,new producer in town
fa09cb53,he kinda sound like old eminem real
7350c9e4,"there is another that already exists, and is apparently crappier"
fe851805,They should all go into stuff I made as a big collectible set
da0c8d98,A slap isn't meant to hurt so much as it's meant to humiliate
fa09cb53,this is out of context bro 😡😡😡
94b5b4c9,When they cry you ask? right fucking now?
d053e1b9,Have you all never used blanket before?
e1688f3c,yo brody new mandela effect just dropped
e1688f3c,guilt is a strong emotion
fa09cb53,goes incredibly hard
a997b01f,Gotta go through his bodyguard (mouse) first
ab7f097f,EVA IS A PART OF THE FEY FAMILY
bfdf84c8,"Umineko doesn't really have a stellar translation, I don't think"
e1688f3c,(joke for agent reading this)
d25281cf,she commits to the bit
c3e052ec,"So i have to like
imagine the hot anime women"
17a6b71b,Wasn't Battler with Kanon after Shannon was killed in ep1?
b4690dc2,5 is out soon I think?
02ff68a1,I just clocked the answer to this and groaned irl
87df89af,"I thought of the law when I heard that, because it's like applied equally and shit"
a997b01f,Welcome to Kettleneko: When they Boil
1fd2119c,"It's intoxicating, truly"
f06d395c,Seems like there's about the same amount of smiting
7ebc065d,"i dont remember when though, so it mightve been at the wrong time"
02ff68a1,it feels like a very cozy schedule.
e1688f3c,like so brody can see
ba52ee3b,SOOOOOOOOOOOOOO crazy how they've just confirmed jesus shows up with that spoilered message
1fd2119c,Man how did your brain come up with that
d64c58dd,I don't think desu ga means however
fa09cb53,le going to take my 2nd shot
b58b70f8,theres possible spoilers or hints lol
fa09cb53,xeno morph will attempt to eat his face 😨
60a3779e,Truly the umineko experience
1fd2119c,Fuck this made me laugh
327e4623,THE SENATE WILL NOT BE QUIET ABOUT THIS!!!
f06d395c,Hmm maybe. I guess after the murders it would still be vague if they'd go back to the bedroom
e967d591,but it does a lot of things in a very interesting way
17ce7674,That I am not sure on. The cause of death must probably remain consistent
94b5b4c9,"She has her school life, and... well..."
02ff68a1,"except like, the filler dlanor assistants."
fa09cb53,some shit cooking....
505a43d8,"i believe in magic, i just dont think it takes the form that beatrice tries to convince us it does"
bfdf84c8,Which one is Joe using?
e1688f3c,trollage on sunday :trollage:
d1bdff86,unnecessary s€x scenes
5b7aedab,schedujoe is your fren
87df89af,So I can't imagine BG3 is going to be that much better
29178c9d,chat is turning on the scene
0be52b7c,"I mean, even ryukishi HIMSELF knew what ep5 would stir and begged the reader to keep going"
db13175c,Dunban is lowkey a hype moments and aura character to me but i still love him
5c345fff,that just makes me feel bad for persona fans
fa7275a3,Imagine being umi 8 and knowing way too much to be here yet still not enough for umifull
e1688f3c,man just tried fl keys
87df89af,I'm going to take this discussion to mean some serious shit happened lol
fa09cb53,centre univeridad mexico
d2cbae83,Well too bad since Battler already got fuckin yeeted and deleted rip bozo
d54830ca,"And she goes ""well it's because he's a guest"" or something?"
6a9a4ab6,That's my wife you're talking about
621bad4b,is that where the fucking secret passage is
34ab5fad,the ushiromiyas are also the #1 bulliers of other rich people (themselves)
e1688f3c,what's the naruto rap song called again
f06d395c,Except the bits that are bad
d2cbae83,"Take the portrait, make the epitaph about the legend and the gold etc"
1fd2119c,"You mean Maria, right"
87df89af,And Sayo is the author for 1 and 2 as far as we know
71084104,Irumakun is some of the cuttest and most wholesome school life manga Ive ever read
fa09cb53,ask mum to buy for you
fa09cb53,ayo teacher just made us watch this top 10 games made by one person video
d5284187,someone post the subahibi image
eef09ada,Maybe chats standards are really low or maybe im more biased than i think
7829cb39,I have thought that yes
162b34e4,send me 5 dollars and ill pay you double if it happens
ba52ee3b,jelly theorizes a lot and it makes joe theorize more openly as well
5b7aedab,my goodness there's belphegussy
fa09cb53,ayo dawg do you hjave a portable version of fl studio
eaddc5d1,"no youre fine, i want to make sure im right in that regard as well"
fa09cb53,bro classmate just shown me a video of some students jacking each other off in the library
13a6ed2b,"Ciconia is only planned for 4 eps right
But it moves a lot faster than higu/umi?"
eef09ada,Mouse did you say anything that couldve sounded like that at all
d64c58dd,it doesn't ruin the story or anything
e1688f3c,how deep does the needle go
5b5d9821,"Actually my favourite entry, Leif my GOAT"
d64c58dd,yeah but I loved pact's protagonist and like his two friends
b8eaf23d,and then it snowballs into wtc full
c73b2cb7,everything copies them
e1688f3c,and besides bro the music jam talking to them was awkward as hael fr
fa09cb53,mario the prostate examiner
0395bfca,"Beatrice is a cheap player, we know the red truth can be interpreted differently"
fa09cb53,yeah bro lufgy one piece running for president
653b6fd3,You could stake someone with that chin
17a6b71b,Kinzo just invested very heavily in laser projection technology
17ce7674,MORE THAN ANYTHING ELSE
e1688f3c,found this on reddit bro
13a6ed2b,i use type L with a replaced file to make the logo go away
e1688f3c,yeah this shit is starting to look like dungerz's laptop grade 7 era
b58b70f8,WEEBS CALLED OUT LMAOOOO
725720d2,That shit is Diddy territory
f06d395c,The two versions look slightly different
ff63de9e,battler saying stupid shit is his best aura moments
fd46192f,all of them have weird names. it's gotta be plot relevant
0f04debb,if we trust that he is 18 then he was born a year after that
b621b1a2,is there fanart tomorrow?
e1688f3c,it had like a bunch of names and social security numbers and shit on it
20bf120f,We should have a george pin in here
b478b463,i'm so excited for him and jelly to read that
5dc7b18f,will I love the protag though?
ba52ee3b,ARE WE READY UMIBROS
d2cbae83,Strength and competence become almost tragic traits when your (acceptable) only role is to obey
8c2d3d2b,I now know not to post spoiler images if discord fucks it up that bad
b4690dc2,someone who reads/watches mid piss
f06d395c,Nah I'm talking about the games hosted by Bern/Lambda
d2cbae83,And thus does have a legitimate lose condition
fa09cb53,shit in my pantws hwo crazy shit is
162b34e4,If he was there 18 years he would certainly have the Ushiromiya crest by now
fa09cb53,piccolo from dragon balls z!!!!!
b4690dc2,or at least most of them
e1688f3c,tainted lost but awesome
a937077f,That Aha! Moment is so powerful
eaddc5d1,WE'VE HAD AN EMOTE OF HER THIS WHOLE TIME???
fa09cb53,also video above spooky 🥶
e1688f3c,or i may just be paranoid
e1688f3c,this break going faster than i thought
b34c2493,"it's a bit, his name is George"
07e46c25,cream stream potential
0fc6bdb1,howdunnit/whydunnit/whodunnit
fa09cb53,he likes the bratty babe
505a43d8,i dont remember so i wont use strong language
3635ecbf,yall aren't ready for the mouse collab soon
56d90223,EVERY DAD IS BAD IN THIS TYPE OF STUFF
24ea4ff4,the connections are not as strong as might seem
810fde7b,Does anyone have a playlist for the stageplay openings
13a6ed2b,Watching battler and ronove get freaky when they suddenly start spoiling who the culprit is
1fd2119c,Nanjo is a handsome devil
fa09cb53,time for the real test
e1688f3c,featuring special actor
ff63de9e,we are letting super paper lead the country...
70cb8f0d,"nah, that one is a given.
normal user won't just stumble into it"
02ff68a1,Kumasawa the younger
e1688f3c,shit is called vinfuture real ass name
db13175c,correctness is moreso something you would get feedback on after you fnish aarcs
13a6ed2b,so joe can actually read the japanese when it shows up
29178c9d,umi 5 DIE THE DEATH jumps out a window
7e5b9ca6,thats a whole point on the scale
e1688f3c,probably only reason i stayed is because of the scholarship
b4690dc2,I could see kinzo liking the randomness
8441b39f,So anything that has been covered on stream is ok
fa09cb53,chinese people when they hear ching chen hanji
44721f1f,channeling my inner battler/joe
c0bf1352,"Ahh, I guess she didn't inspect them after all"
0c247e09,Krauss is a better man than me for not trying to fight Kyrie immediately after she accused him
f06d395c,Obviously I have no idea what's happening right now but holy shit
e1688f3c,story of my divine revelation
e1688f3c,heading back right now
c3e052ec,He's going to tear it apart at the last minute and Beatrice is going to be so happy
e1688f3c,bro i unironically saw this on my news feed
ba52ee3b,the one i'm a mod in
e1688f3c,yeah bitches are just using this clip as a leverage to start saying how other people opinion bad
fa09cb53,yeah looking for back up head pone\
b088e603,Milady lock the fuck in
96962f09,and then they see the original sprites and it's double over
e1688f3c,but i'll have to do it on computer
5376ff2f,You cried to my VN and you gave it a 6?
8248ef7e,"it's absolutely recommended, the first few episodes especially are earthshattering on a re-read lmao"
5b7aedab,yeah.... a single channel for all in-progress readthrough posting is a bit... unfortunate
fa09cb53,dugner birthday today
fa09cb53,bitches in germany ready to work in coal mines again 🥶🥶
e1688f3c,probably just going to reuse old track doe 🧌
e1688f3c,not to mention shit was hot as hael
f06d395c,But Erika did specify the bodies
af26db04,"fellow fm enjoyers, is that sequel-ish vn (requiem iirc) worth reading?"
b4690dc2,"I think this is true, but I think we've had perspectives that aren't allowed to lie"
fce5d05f,And if you've finished umineko read higurashi
fa09cb53,phuong hoang se tai sinh
219c8209,Writing yourself into a ~~wall~~ room amiright
637beb8b,Toilet paper time indeed
7e5b9ca6,a fluglehorn of skiff
f06d395c,It really is her looking too young and not wearing pants
60a3779e,Each episode's opening is better than the last
13a6ed2b,removing george as a character 🔥
fd46192f,knox's rules have been there the whole time as i see it
17a6b71b,The manga art is so good. It's been a treat to read along with the vn
f06d395c,HE REALLY DOES LOVE BEATRICE
fa09cb53,i was going to download adobe daw but it also needs fucking admin for some reason
16196e15,so even your sibling owned you....
ecece11b,Next leap day will just be umineko no 07th mod stream 2
b58b70f8,i gave up at some point with it
623f305e,i looked into it and it seems black battler is (mostly) just a worse version of battler lol
ff63de9e,therefore we can conclude that does cry = seagull
e1688f3c,preperations for the rest of the run
13a6ed2b,This one is the guesthouse right?
637beb8b,sounds somewhat close but no
fa09cb53,i dont know i think the bot is finding this shit funny
b4690dc2,"oh, I think you can talk about piracy"
d2cbae83,Stay strong Ani 2 in 1 will never be true
20bf120f,"Is that the term? Regardless, I think this sprite really nails that expression"
056f5f8d,there are people that havent finished umineko (like me)
ecece11b,"You can't just, rip the packet from the side?"
02ff68a1,And its too early in the morning for this.
94b5b4c9,I don't think demon furnitures and witches count
a997b01f,No but I appreciate them being adults
daee0717,he’s brave for many reasons
409aa8ed,a reward for the umiheads who are awake at 3 am
fa09cb53,yeah bro his ass was like i got glared at by a professor and i felt so bad that i had to skip class
02ff68a1,"And the prose was actually held together rather well for like, a few scenes."
621bad4b,kinzo really seems like the only one who doesn't give a shit about material wealth at this point
250b0a9b,I love when Beatrice speaks in English. I always let those lines playout in full
f06d395c,I like that it confirmed how the gold got here and who Beatrice is
d54830ca,You were cookign wiht this one
02ff68a1,THINK ABOUT THE HORSE JOE MAKE THE CONNECTION
fa09cb53,i already saw those bru
62c1fbf7,a crime in most countries
49b618b9,Man I really should read homestuck
637beb8b,you can bounce the stakes on the mirrors inside the room
d053e1b9,I am back on desktop
048fc8de,Sounds like something that would happen there
e1688f3c,que???? no mi hablo ingles???
29178c9d,well umi full would probably fall into the further than streams range
f06d395c,She's had a stomach ache and been waylaid in her room
fa09cb53,and multiple platform build 🧌
d053e1b9,Affinity is paid too
d64c58dd,"Whats 300,000 words between webfiction?"
df4aa97d,could even say interesting(???)
b4690dc2,umi3  and hence lambda delta's characterization of her never really playing for a win
eaddc5d1,not even bunnygirl battler?
5b7aedab,>joe during the sburb install sequence
73e128e5,fuck ronove marry ronove kill the other two. love wins
c3e052ec,"Fuck Street fighter
Fuck Tekken
Screw Mortal Combat"
8248ef7e,jessani is my favorite water brand
e1688f3c,top 10 scraist images
fa7275a3,The cheister sisters would have killed them
f06d395c,It's all user reports
6cd41a0f,I think we drove away the umi readers guy
b621b1a2,jelly can and should keep using their english major powers for evil
e1688f3c,i'll consider as i go along
e1688f3c,and we decided to share custody with it
5c345fff,"he adopted those orphanage kids on Energy Sword Sunday, it was medieval alchemy"
949814c4,Wait.. isn't rosa killed a baby or pushed someone previously?
d25281cf,when contrasted to Murder Mystery Island
0c7d56d4,Umifullers are STARVED for umi content
96bf8c05,3rd person a bit too loud(?)
eaddc5d1,"Not your fault for not realizing 
I changed my name AND pfp in the same day"
ae10a8f4,if they don't like the climax of 1
d64c58dd,Why would you be sad maria is so happy
ba52ee3b,i was aboutta ask which ones was your fave
ecece11b,Didn't cook any mackerel...
30a0ff40,Defo not what I predicted when some guy asked us to guess what happens
f06d395c,Joe doesn't read chat though
e1688f3c,2 factory games in the top 3
fa09cb53,you mine on the laptop?
d053e1b9,All my twitter followers (zero)
db13175c,this  is yuri channel
fa09cb53,30 mins walk to the fucking dam 😤😤😤😤
da0c8d98,Where did it talk about the specifics of when it was locked
a4536011,there's some stuff I love there too
e1688f3c,if i am to die jesus will make the final judgement
94aea54b,Tom is a bottom for sure. Joe is a service top
fa09cb53,when the dog exist on the 4th directional plane
6cd41a0f,No like notepad the windows app yk
1dd860ce,rgd tall sprites remind me of yaoi portraits 😭
fa09cb53,when you find dugner
b4690dc2,ah so it's like masu desu form?
5b7aedab,his existence is pretty essential to telling maria's story on a purely emotional level too
d54830ca,"None of its real, its  a VN"
02ff68a1,Put way better than I could
fa09cb53,"""whos that on the line jim?"""
5b7aedab,"Kyikikikikiki--- HAHAHAHAHAA \cackle\cackle\cackle\~!
HYAAHAHAHAHAHAHA-!"
250b0a9b,Kinzo stocks plummeting
5b7aedab,irrelevant to his characterization then
f358d26a,I forget is 4 the Maria backstory deep dive with sakutaro or is that 3
7e92c265,You can read the original in your browser if you so please
d053e1b9,WHAT VOICE IS THIS!?
87df89af,The Latin version of Clairvaux even sounds more feminine. It's Claraevallensis
c73b2cb7,yeah sorry these voices are not the ebst
73e128e5,i need a battler and beato plushie so bad rn you don't even know
e1688f3c,i meant this morning
5c345fff,"oh absolutely, but if i had this issue then i’d probably hate like all anime games in general"
250b0a9b,Old School RuneScape is a good mmo
fa09cb53,bro literally sent you couple of reaction
e1688f3c,hmm perhaps that bear's name could be sir fredrick fazeinbear II
048fc8de,funny but nobody is actually trying to argue that point bc it doesn't win the vibe check
e1688f3c,and i'm out of money so i can't call the numero
94b5b4c9,He looks like a kid in an oversized coat
b18daefb,> only the common goats
e1688f3c,and he tried to enhance it
d64c58dd,I don't think second person did
2485b0b8,I think it is easier to see Rosa as worse because of how much more focus her abusive moments got
7e5b9ca6,okay okay every sport is the gay one
daee0717,this message made me laugh
af26db04,oh shit i was on autopilot i didnt notice i was on stream chat
e1688f3c,what episode right now
d25281cf,my fave song in the ost ^
ff63de9e,"when i see a new character i want to learn more about them, i don't wanna go back to the old ones"
f06d395c,I'm sure Joe will love... uhhh... Dokusatsu Tenshi Dokuro-chan...
b2620544,Okay but the translation was really cheap by making the background image = Cake
ff63de9e,WELCOME TO ANGE CITY
c73b2cb7,but it's not worldend~~ing~~
eaddc5d1,that was supposed to be a full message
cb0e9e65,well maybe he would but cmon
72661a6c,the tubes in a crt tv screen
07e46c25,like at least kinzo is funny as fuck
b478b463,i hope greg comes back  during the battles in ep 3 or ep 4  umi4
d25281cf,The answers arc is identical to the questions except Joe’s narration plays over every scene
94aea54b,no fanart. Just Mouse and Joe for the ep 4 finale
53a6e340,wait why do i have to spoiler then
5b7aedab,no but the reputation is somewhat earned
fa09cb53,nah bro the bottom right image
fa09cb53,in game ui or editor ui 😩
17ce7674,But the streams have been so fun
2d9323cd,"according to mouse schedule I think?
I know 2nd twilight is on Saturday"
fa09cb53,shower ideas be like
b088e603,we are prepped for the crashout of all crashouts
fa09cb53,what is this though??
f06d395c,Can't believe they've only really been a stream character for less than a year
12e5897b,Chat I think the shooting rabbit people are cool and I don't know what that says about me
725720d2,"Log into any lobby, get juggled and full comboed by a shadow character or adachi"
a4536011,george's dumb face in the background is killing me
1fd2119c,Don't worry it most definitely has
df4aa97d,And boy am i in a pit
d64c58dd,it's a bit from a jerma stream
b4690dc2,or not make an umineko mod because I have actual tests to study for
37f869c9,Sakutaro killed Joe during the Sakugasp reveal so I'm afraid he isn't clean
725720d2,Ok rare W for the Soviet KGB
e1688f3c,sudan technologies keyboard
b4690dc2,"she could be, they were wondering about a 19th person"
e1688f3c,where the hael you looking???
eaddc5d1,i think thatd be fun
29178c9d,missing like maybe half an hour or 45 minutes
6a9a4ab6,But I was reborn uryu
b4690dc2,like literally just french words
fa09cb53,mfw my ancestor see me play sex with hitler
47247786,Broke the scale. Endless Nine.
b4690dc2,ate the bate bate fruit
bfa4eaa7,actually peak casting
810fde7b,"You know what, us umidenizens should boycott mouse herself"
e1688f3c,last one if i have enough time
e1688f3c,bitches won't let me move and i got sucked in and die 😤😤😤😤😤😤😤😤😤😤
e1688f3c,nsa network right now!!!!!!!!!!!!!
24ea4ff4,you unlock different paths by backtracking in metroidvania I guess?
d25281cf,next streams are gonna go even harder
f06d395c,Oh I think you're good
0c247e09,"It's chocolate gold, that was kinzo's treasure"
b478b463,The demons roulette is basically the same shit ego be doing anyway
1a0cc9d8,George is the witch of being fat and lame
b58b70f8,i heard that one was great
3635ecbf,It do be a tad longer than it should be
f06d395c,I feel like some parts could still be shorter
d053e1b9,Just pick it up by not the sharp edges
da0c8d98,"Don’t worry with umi 6 she’s moved up a peg from hate to dislike, and Erika is moved down "
e1688f3c,ok maybe this is facts
1fd2119c,The L in her name was given to her immune system on October 4th of 1986
f06d395c,I'll check out the OP/ED
b58b70f8,its why japan is so prevalent in cyberpunk
e1849ed8,we got a sample of what FF14 streams would be like by playing FF16
70cb8f0d,0d 2h 34m 49s - 97.31219%
e1688f3c,try asking me a mathematical problem so i can prove my intelligence
250b0a9b,Why is she sitting on jam?
b4690dc2,I’d argue it all revolves around battler
fa09cb53,im gonna be here for like another hour fr
b58b70f8,"you can solve it rn if you wish, it has been done before"
5b7aedab,they're all so exaggerated
e1688f3c,going to be awesome 👍
1fd2119c,Oh what the fuck is this
162b34e4,Joe DM'ed me on Sunday and asked me what i thought of Twin Peaks 👉👈
02ff68a1,is that why I can't see umi full den?
83cb2bb1,Is Kanon's key found in Jessica's room or only Jessica's key?
e1688f3c,no way anime is real??
e8769870,"the real message of umineko is that math is the real magic, and is thus not real."
e1688f3c,android sheeple sucking bill gate's cock
da0c8d98,Have them as a nest egg for your descendants
fa09cb53,untested hypothesis failed to deliver practical results???
e1688f3c,creaate a new channel
f06d395c,Oh I think I'm going to skip the rest of the stream
bfa4eaa7,men are cool too tho 👍
e1688f3c,you just gotta i will explain after
e87f292e,umineko subathon seems out of character for tom but im on board
02ff68a1,"like, yeah it's campy but they deserve it."
9ffae087,ah yes... you either agree with me or you lack empathy
c0bf1352,"Can't really say, but she does seem like she would be"
fa09cb53,"""he marry his daughter, but she legal 🥰 """
02ff68a1,He liked aspects of the larger story
f06d395c,Maybe I was theorising or something and missed what happened
71084104,Its japanese animaniacs
e1688f3c,real vhs resolution is half that but i felt that it looked too shet
c3e052ec,Ronove doesn't give a shit
fa09cb53,i dont believe you 😤😤
eaddc5d1,ACTUALLY TRUE CORUPOSTING
daee0717,"it is, i’m there every saturday"
fa09cb53,lebron taking a piss and meeting a part of his lost soul
fa09cb53,idk what the hell they need me there for since probably no coding but it makes my cv less empty
441da1e5,WHY NOT SAY KINZO PUT THE RECEIPT BACK OR SOMETHING?
13a6ed2b,if you do not have ao it cannot be ao
d64c58dd,it's ok mouse the redditors don't even like umineko
23f5bed1,"well, yeah, he's admitted he used to be jealous"
72b922f5,its the loser flags man
e1688f3c,don't know their rank doe
e1688f3c,holy shit it actualy happened
d053e1b9,Big fight and all? Or just getting TO it?
b4690dc2,on like a spectator level?
e1688f3c,not that surprised actually all these vietnamese game studios always got this type beat
ba999415,Incredibly fair and true
8aca22aa,but tbh Saturday streams are better since other people are more likely to be on them
da0c8d98,And caused Martin Luther to split off and start the Christian churches
30a0ff40,"hmmm guess i understood that she ""evaded"" the attack"
da0c8d98,umi 4 is apparently in a different order than the vn fyi
1fd2119c,"Beatrice has entered the ""Find out"" phase of her plan"
f06d395c,I wonder how much Umineko fanart there is today
725720d2,Oh that’s not even spoilers
e1688f3c,or they won't get you another oneo
56d90223,Manic will also be there
eaddc5d1,Beato talking to the fucking Ghost of Witchmas Past about the true meaning of magic
17a6b71b,The car honks in the music really completes it
7e5b9ca6,i took a japanese arch class and we talked about shintoism and shinto design philosophy a bit
29178c9d,probably 3 streams left for umi 2 i would say
d053e1b9,Stake sisters chasing kyrie and rudolf
17ce7674,"hates the peak, likes the magic"
7e5b9ca6,i think they mean the red truths he's said
d64c58dd,which one is desert and which one is dessert I can't remember
7e5b9ca6,yeah the instakills are annoying
fa09cb53,a1(1-r^n/1-r) moment
788e42ce,little witch academia yea
20bf120f,Someone said that in here earlier 🙂
73e128e5,the fanart is all umineko related tho
219c8209,At least that's my thoughts for now
5376ff2f,There's a bunch of youtube videos about it
84589370,She's getting lost in her mind palace and losing grip on reality
96bf8c05,"""and nanjo was also there"""
87df89af,I don't think any physical attribute is particularly reliable
deb8f4c6,This is the day Renall literally cooked like Gohda.
f06d395c,As long as you engage with it in a reasonably healthy way I don't think there's much of a problem
df4aa97d,no because then he might reignite those feelings /j
f06d395c,"In my restless dreams, I see that horse girl... Tamamo Cross"
e1688f3c,don your gay apparel
ef91bbd0,Headphones users vs speaker is the equivalent of Battler vs Beatrice for twitch chat
d0cb4aa9,2 is still my favourite as well. 1 and 3 are tied.
505a43d8,hope you aren't watching in a dark room
7e5b9ca6,i kinda agree i think english translations are kinda weak sauce on a lot of aspects
40497259,I forgot his fuckass military fatigues on TOP of the pinstripe trousers
bb426429,it probably has scene commands mixed in like sprite callings and what not
e1688f3c,i actually never knew who jeffery epstein is
e1688f3c,and the blood does not know
1fd2119c,"If Joe likes One Piece, then he has to read something else"
13a6ed2b,"i've heard bad things, but i'll probably read it eventually to get my own opinion on it"
d053e1b9,I saw a bit of it in umipro and it was actually so much better
fa09cb53,r/scatporn (do not look at)
20bf120f,I only appropriated the art for my own nefarious purposes
fa09cb53,my angel room chances 😡😡😡😡😡😡
e1688f3c,as long as it is past 11
e1688f3c,damn bro why it do this also
1fd2119c,Actual psycho behavior
73e128e5,potentially the worst fumble in history?
20bf120f,"Well, maybe 4, but the 4th is dubious if she even existed"
e1688f3c,damn still rendering from yesterday 😔
c73b2cb7,it's gonna be amazing
a997b01f,(I know nothing about SMT)
20bf120f,Him immediately going from that to slam dunking beato seems quite the stretch
eef09ada,Genuinely is there any reason George couldn’t be away from that scene for a while?
0eccefda,PLEASE PIN THIS SOMEONE
f12c8aac,Joe won't get there but I suspect ep 3 would bum him out beyond belief. It's so hard to read.
13a6ed2b,powerscaling familial abuse 😭
29178c9d,"trust me, you will all know which line people are talking about when it comes up"
f06d395c,Amakusa was fun when he appeared but he's mostly a sort of nothing
e1688f3c,youd idndtjtha thave tp cut emoff!!!!
b58b70f8,talk about method acting lol
db13175c,they dont teach it in school in a lot of places anymore
d053e1b9,I can do an incredible rabbit girls impression if I do say so myself
1fd2119c,Almost 1½ hours of stream
e1688f3c,ayo bruv you gaming in 4k?>???
ba52ee3b,however unwarranted snails are against our policy
fa09cb53,does he have no job before
e1688f3c,wait it aasked me for a credit card
db13175c,the entirety of xc1 lmfao
fa09cb53,how long you want to spend on it
c73b2cb7,wait we finalyl getting the umineko fanart on tuseday?
441da1e5,How outdated is the script?
d2cbae83,Even the most awful stuff
d14f2ac1,THERE IS A ROSA DOOM FANGAME APPARENTLY?
f358d26a,My sister loves him cause he’s so fat so she can make endless fat jokes
fa09cb53,my grand kids also likes to play games on our family pc
fa09cb53,im listening to most based song rn
87df89af,"I do, but they're necessary. Once again another way of mocking the redditor mindset"
d64c58dd,But I think the differences are VERY important
0c427976,I'd love to hear more about it in detail (if you would like to explain ofc)
8e4a44e5,bg3 stream im pretty sure
5c3e45cb,I KNEW EVA WOULD PUT THAT PAPER ON THE DOOR
b4690dc2,I need three letters of recommendation to watch isekai these days sorry
31a02125,H2O has the same writer/artists as Sakura no Uta and Subahibi so i got mixed up
02ff68a1,Though I probably did have all the piece.s
754e75ac,I really misunderstood that
0b843864,Lowkey have to go to dinner for my birthday tomorrow so uh see everyone when the smoke clears
fa09cb53,shame cant tell other people about it 😉
db13175c,I can do that unironically
20bf120f,Why are only the umi7ers negatively reacting to my message
87df89af,"I don't disagree with what he's saying, I just don't see where the problem is"
b4690dc2,one piece  fake luffy gear 4...
ae10a8f4,the one thing the anime did that was great right?
7e5b9ca6,whipping out the most obscure sports commentary/umineko jokes
b4690dc2,"it does just barely work for me though, assuming a 4 hour stream"
c11040f9,So that’s why Krauss hates his wife….
478c0a65,the REAL best winner is Dungeon Meshi
d64c58dd,It has spoilers for things
60a3779e,I mean it would be 8 books
daee0717,"OH, this is how he was spoiled on knowing there were murders"
bfa4eaa7,it's an RPG and it's a roleplaying game
20bf120f,That scene in front of the portrait was brutal
f06d395c,Why's there a LotR length poem under this auburn lady's portrait?
90feb6fc,"I feel like that could all be done in one chapter easily, but who knows"
d053e1b9,post the thighs one again
0be52b7c,"Nah Joe said it was a bit 
The catbox has been opened 
He completely missed the point of Umineko smh"
fa09cb53,insane new revelation to the plot of 2008 hood wars
d0d252d6,Some people are kinda haters too
d053e1b9,I can't believe you missed it
d9135df8,What even is like the average reading length of a book lmfao
1fd2119c,Joe lost his witch privelige...
e1688f3c,damn the images go way back
fa09cb53,no longer missing a comma
5dc7b18f,"Are we gonna get a ""What are these, boobs?"" scene with Kanon?"
a997b01f,Wait until you find out who the Italians were allied with during WW2
eef09ada,I promise you its in it
d25281cf,do you have a screenshot
e1688f3c,ain't no way this will be better than the renter marathon
ae10a8f4,and we should all rspect that
81be09b8,I don't think it's a good idea for the Answer Arcs to become the main game.
f06d395c,Yeah all the spoiler chats I've been in are still there
b9f82b61,"I'm going to bed, good night y'all"
7e5b9ca6,we're gonna be saying that every stream
62c1fbf7,"Lion is Lion's name, and Lion had just come from Lion's room"
1fd2119c,Tsumari: You pay for someone else's subscription
e8769870,"its ""even if you were"" in umipro fwiw"
fa09cb53,yeah bro she still talking about nft rn
f06d395c,Oh the one where it's the womens' turn to be creepily into way too young guys
d64c58dd,I need to finish AAI2
015b370b,Unfortunately as aways i wont be able to watch it live
70cb8f0d,I also didn't realize that that face changes into a new emooji every time you hover over it
13a6ed2b,bro folded under zero pressure
87df89af,"Has a similar prefix, but nothing she's said gives me his vibes"
53a6e340,yea but it’s a great way to get people into the vn
b4690dc2,See I know this voice better from pimpy son opp
f06d395c,Or maybe is in contact with Beatrice?
fd46192f,we're getting back into philosophy land again if we're gonna try figuring out what's the real world
575d8667,"I forgot that existed, thanks"
250b0a9b,"Wait I voted Magic, nevermind"
fa09cb53,and first part he fucked up and only got 1 point
f06d395c,The animation is different from the anime S1 at least
fa09cb53,after reading this review i have decided to invite my family to watch
f358d26a,But that's just my interpretation
5376ff2f,Umineko wouldn't hit as hard without the music tbh
13a6ed2b,joe loves beato soooo much
da0c8d98,"Actually that’s a thought, maybe Kyrie morbed something was gonna happen and told him about it"
250b0a9b,Why is Kyrie's tie like that
fa09cb53,ayo theres hitler on top left
fa09cb53,the gmod goatse shit
1fc172f8,Joe sounds this close to going completely insane I'm crying
94b5b4c9,"I mean, the signs were there"
3161237a,I kinda want to see Joe play a pure slice of life VN to see him disintegrate
da0c8d98,Proper mirrors are coated with a layer of silver right
409aa8ed,would joe play kingdom hearts
16651f76,embrace the goat man and the cute anime girls 🙂
5c345fff,but that speaks to how low the bar is
fa09cb53,those will comment lrtting people know
8c33dd74,No more than 3 people have died on that cliff
0395bfca,happens with literally every piece of media tho
1fd2119c,So it caught me so off guard
f06d395c,I read all of The Fable in about 6 hours and that's 240 chapters
fd46192f,i am more confused than ever
5b7aedab,she dream on my end till i USER WAS BANNED FOR THIS POST
ba52ee3b,"main character from library of ruina, a guy called roland"
fa09cb53,also some other tv from other coutnries
13a6ed2b,the catbox one is the switch version
e1688f3c,she just says online community
fa09cb53,free market no government type beat
409aa8ed,i had a dream last night
6d468d99,"it's ""roughly in order"""
b2620544,Beato slamming Natsuhi's head with a baguette
c73b2cb7,very intelligent show
e1688f3c,this is 8th floor garden bro
aa8f5f2f,Trust me you have too look so much back for it to be worth
bfdf84c8,Man the cheese puzzle could show up as well
70cb8f0d,Is mouse literally just Joe in Beatrice makeup be real with me chat
f06d395c,Yeah it's subjective
f06d395c,"All the time I'm thinking ""is the mystery actually solvable or not"""
e87f292e,He's no nanjo but he's fine I guess
b58b70f8,certain tracks in ep 3 still stay with me
683b95f7,i need to fucking read muramasa one day
e1688f3c,this shit way too crazy
048fc8de,But swapping between questions and answers would maybe be a good time to do it if he wanted to
7e5b9ca6,i popped in there for football talk and it got way hornier than i was expecting
eef09ada,If she is actually dead id be amazed
b4690dc2,kyrie could treat me like her dog
048fc8de,JK Rowling evil mold theory is awesome
9ffae087,jelly morb the english major energy directly into Joe's brain
13a6ed2b,they just all pretended to not have modern technology to fuck with the audence for no reason
683b95f7,we should introduce umineko tangents to dragon-den too
b2620544,"Okay, we went truth ending"
b18daefb,but i though the game was equal 🤔
f06d395c,At least that's so short it doesn't feel right
b58b70f8,it has a slight green tinge on the ps3 portraits
13a6ed2b,umipro is way better tho
8aca22aa,"what do you mean, carnival phantasm is great"
94b5b4c9,you know who else is smart? THE KILLER
d25281cf,capcom's leadership bullshit
f06d395c,This episode was EXTREMELY good. I can't wait for the next one
c73b2cb7,well you changed the direction of the finger here
02ff68a1,Okay so this is easily the best fucking scene of ep 3
d25281cf,LOVE that nerd ass laugh
dfbdeb12,"Or rather ""The culprit is Battler"", don't remember the quote"
ff63de9e,what do we say chatters cream stream?
f06d395c,I will not react further to not give the answer to the others
e1688f3c,as that one obama isaac mod
b18daefb,"""BATTLER WATCH THIS"""
e1688f3c,how you going to store your cum then
5b7aedab,"why fem battler so cunty,,"
e1688f3c,and currently active right now
3a068e31,why is he googling higurashi
fa09cb53,alien took picture of le moon
e1688f3c,or make it to linear
1fd2119c,Just riffing on the fact that it took him like 20 years to taste rice
76d9877b,🌂 or speculate and theorize for an hour?
3c96715a,Mr. Evart is helping me find my chat message
d25281cf,Hard to top the end of ep2 but this will be fun too
ba52ee3b,"Gohda, a big mac please"
fa09cb53,first day finished!!!!!!!
b4690dc2,imo it should usually be ou
ae10a8f4,"but i still like her more then george, ez"
0fc6bdb1,he clearly pays attention to western literature in any case
e1688f3c,his balls wouild have hang much lower
94b5b4c9,I assume the last part is true
21853408,mystery of the lost streamer
02ff68a1,I WANT TO MAKE IT CLEAR RIGHT NOW THAT I WAS NEVER BEATRICKED
fa09cb53,this the future liberals want
b4690dc2,"but you know, it's also worse"
db13175c,thank you i love ange
fa09cb53,though i ll watch it on campus because watch at home scary 😖 😖 😖 😖
d9135df8,WhoTheFuckAreYou.mp4
b478b463,People like EP3. It's just not often ppls favorite
87df89af,"Shocking I know, but I'm a pretty staunch atheist"
fa09cb53,taking up law enforcement resources 😩😩😩😩
21853408,who the hell is Mouse
daee0717,women can't do ANything
c73b2cb7,it was cool that umineko 2 got revelead on state of play
eaddc5d1,Didn't say it in red btw
df4aa97d,not me. I float 3 cm off the ground at all times
deb8f4c6,"I hope they bring this Joe guy back next stream, he is funny"
f06d395c,heh you're only scratching the surface of weird stuff
0395bfca,The ui doesnt actually update untill in person battler is told by his family
13a6ed2b,oh i think i misread smth
81be09b8,This stream was just 3 hours.
b9f82b61,what the fuck is ep6 about
d64c58dd,"and there's a pin in chat saying the name of the song is ""wingless"""
13a6ed2b,can you believe it guys ciconia phase 2 just a week away
b4690dc2,"It is set in the ancient stones now, I Will Watch It"
b58b70f8,it placed far more emphasis on music and sound effects
1dd860ce,clannad might be lol
f06d395c,I feel like Rudolf was kind of shafted too
eaddc5d1,im so sorry dalmek i feel like you accepted my handshake and then i headbutted you
1dd860ce,i should have not looked that up 😭
fa09cb53,mostly i determine shit by drums
13a6ed2b,they're making up locked rooms to logic battle with
e1688f3c,and we never talked about it again
30a0ff40,Usually those nice guys have almost no spine
267ef0d6,i think joe's right that people will try to backseat bg3 to make him see the funny scenes
83aa7c93,"The way Joe said SHE, he is SO HYPED"
53a6e340,yea have you heard of white album 2
bfdf84c8, Noooo my Gohda theory was wrong! 
7ebc065d,she does seem the most out of character to me
ab7f097f,umi 3 I wish I was delusional enough to hallucinate my gun as a bunny girl
31a02125,yeah this fixes everything
e1688f3c,real duplication jeff bozas life hacl?
d25281cf,nice quote(?) on your profile
d1712dc0,"I see. Well, i wasnt going to watch it anyway"
72b922f5,hideyoshi as a pug is so fitting
87df89af,I'm completely blind outside of streams
20bf120f,"uhhh, that must have been really bad"
b621b1a2,i tried to go for like a JRPG character concept art look
96962f09,true it makes no difference to the story
fa09cb53,idk what you mean by off set but i was working on the drums before bitches 😤
f358d26a,"Hey berettas are a classic, I could see him being a fan"
441da1e5,Does it have a special textbox/speech bubble or a different font?
409aa8ed,reading to his 11th month odl???????????
7e6f63ae,It's too short and has too much of an energy curve
37f869c9,Who else could it be though
8264f965,it doesnt exist what do you mean? all holograms
b4690dc2,"umi4  I can say things in blue? what next, maybe I'll beat up furniture"
e1688f3c,also bro trollage this week 👍👍
1fd2119c,She ushiro on my miya till I Battler
1fd2119c,It was a nice attempt
29178c9d,kinzo is the cutest ushiromiya
0fc6bdb1,I'm here if you need to vent
1179fed8,"What does ""tag"" mean anyway?"
ff63de9e,btw the dread of the grave we just got was the normal one right?
29178c9d,it was kumasawa in a beatrice dress all along
e1688f3c,and he be like how about we share the device
20bf120f,"yeah, the ps3 song is what I expected. I like that I was subverted though"
96c933b5,Can you remind me when she admitted to the murders I want to go back and check
fa09cb53,im now extremely bored and the story fucking sucks
409aa8ed,and then she burns her finger  by accident and krauss almost chokes on his drink cuz he laughs
13a6ed2b,amogus stocks going up
b8c9a0b4,"i really liked the characters in AI1, havent played the second one yet"
daee0717,dont think we're gonna do well with silent hill
eaddc5d1,"I was really feeling that last one, ngl"
8264f965,Joe will lose his mind at her
17a6b71b,Why is she wearing reverse shorts
3a068e31,thats honestly pretty impressive
b2620544,and she kills Joji too
5b7aedab,which is fucking atrocious
f06d395c,It all reads like fanfiction now that we've confirmed that the bottles exist
eaddc5d1,"There's a pinned message which addresses this. Yes, it happened enough times to need a pin."
87df89af,I suspect it's some kind of dreamscape or straight up the afterlife
83cb2bb1,Say it in red! Say there’s no hair there!
13a6ed2b,because its less of a trailer and more of just the first big scene of umi
b4690dc2,"I'm just that good, a clairvoyant even"
bfa4eaa7,that is definitely not the only reason
e1688f3c,omg ! ! ! !  ! ! !  !
c73b2cb7,As a fan of both I can't tell which brainworm has eaten more of my brain
96962f09,i'm kind of like ani as the most weeby guy in my friend group sadly
8aca22aa,obviously not as bad as the shit they did take out but llu
162b34e4,Damn I dont even remember that
df4aa97d,An Ji is how i'd promounce it as a midwesterners
b2620544,It really is going to be is magic real
02ff68a1,Truly what I was put on this earth to do.
e1688f3c,will watch after temple os
29178c9d,is that actually a tier list
94b5b4c9,I now need dogjo and bombjo live reactions
1fd2119c,It might just be the most peak umi stream yet
b4690dc2,okay I'll make sure to complain even louder about the audio
02ff68a1,"Hold on, so under this theory, are we assuming Sayo is lying about her age?"
83aa7c93,"I felt nothing, can't believe the story lost me that much"
0f04debb,actually hype moments and aura
5c3e45cb,me when im asking what time it is
fa09cb53,check trollage general last post
3c6ae2a1,you can see remnants of it with Apollo's plots in the last cases of both 5 and 6
b9f82b61,did you check whether you got the right answers yet for the murders
e1688f3c,that's fucking hot bro gooning right now arahggh arhghgha aaaa
31108803,Magic can be escapism love can be poison
7e5b9ca6,they got neutered too 💔
7e5b9ca6,i'm doing this from a magical characters vs human characters angle
f06d395c,Ok fucking let's spoiler tag stuff please
f06d395c,No just the first question
13a6ed2b,God im upset that i missed a peak stream
fe7bc02b,"as i said, bribed or threatened. bribed works great for all of those"
29178c9d,we're gonna have 4 readers next week
49b618b9,"Good writers create, great writers copy or something"
30a0ff40,With how this game is I don't even know what x chapters mean 😭
505a43d8,umi 2 oh this scene ends with rosas massive bitch moment doesn't it lets gooo
d64c58dd,umineko stream den is so smart
72b922f5,krauss crashing down on the pole like his stocks
505a43d8,nah i am mainly on ao3 or sometimes ffn if i have to
20bf120f,"Also, because this probably didn't happen 😦
Genji would be able to do that though"
549f4fe0,my prophecy grows in validity
94b5b4c9,The first twilight of Episode 3 was probably my favorite murder mystery-wise so far
b4690dc2,so do you remember the movie morbius
e1688f3c,you haven't had lunch yet hot zamn!!!
ae10a8f4,she just challenged beatrice and lost that
fa09cb53,all i have been doing this afternoon is fixing sony vegas
f06d395c,I'm more dreading the next reading stream
02ff68a1,I cant believe we're in the umineko endgame now...
0f04debb,it's featherine actually 😭
5b7aedab,"this is.... painfully american. ""kerfuffle"" is like... a tabloid newspaper headline word in the uk"
162b34e4,who do you think has been writing the winds of winter these last 5 years
e1688f3c,and then etherium to litecoin
ae10a8f4,nah I believe it some kids really like bragging about knowledge in one field
73e128e5,is that not the same idea as the sat though
e1688f3c,i just tried to eat oreos with milk shit just tastes like wet oreos
fa09cb53,you at the establishment rn???
7e5b9ca6,"krauss said ""fuck women's rights"" and kinzo just heard the ""women's rights"" part"
fa09cb53,oh yeah we gonna have online class today
6b890d58,oh shit I didn't even think of that
f06d395c,Eh Rudolf and Hideyoshi love Kyrie and Eva respectively
f06d395c,DO YOU KNOW WHO YOU ARE I AM
e1688f3c,i would read if this was in school
683b95f7,"when i use the search bar and i type in ""umi 2"" and i see the exact same reaction to something"
1fd2119c,I love those honestly
df4aa97d,turn on the computer. its on every (twitch) channel.
17a6b71b,"Yeah, I just realized, thought we passed it right before I posted 🙇‍♂️"
eaddc5d1,"is it time for a ""george is so noble and cool"" scene"
56d90223,Umi 5 OH IF ONLY THEY KNEW
0b843864,These are in EP5 and EP6 respectively
b58b70f8,and the answers arc when they cry 4
e1688f3c,and mf in chat be like
b4690dc2,and its bishop isn't very threatening
fa09cb53,follow for more sudan humour 🇸🇩 🇸🇩 👍👍
fa09cb53,if hes below s spit in his face
f358d26a,It's fine it's a love story with magic it's forgiveable
5c345fff,it’s the collapsing cold
441da1e5,The Umineko content will continue in the memes
f06d395c,Yeah I guess it's not really ADHD but just a lack of motivation
e1688f3c,damn bitches made me miss my lunch for a fucking meme contest
505a43d8,"Guh: get up Hannah (your already sleeping, this is a dream)"
ecece11b,"I was, for some reason, just not all that surprised watching it on stream lol"
d053e1b9,When everyone else has had tens of hours
d64c58dd,This is the right site
b18daefb,"B E A C O I
O S F N O E"
b58b70f8,i refuse to be this person
b4690dc2,and worm den just for me and like four other people
02ff68a1,"Well, still where dat hair come from."
b088e603,Only those with pure hearts can see him
409aa8ed,ill flame it with love
fa09cb53,outsmoked snoop dogg
d2cbae83,That is pretty normal actually
fa09cb53,how bitches study for tests these days 😤
e1688f3c,you will find out why soon 🚎
e1849ed8,"thank god he's taking so long, I may be able to stay caught up if he takes long enough"
b4690dc2,"btva says they are, but I wouldn't confirm that for youself unless you plan to risk other spoilers"
af26db04,watch out about discussing things like that on this server
e1688f3c,are you also going to buy a monitor or do you already have it
441da1e5,Wait what? That scene takes place before midnight?
ba729249,Which is precisely why an Italian won’t have their master’s gold lol
b2620544,"My point of view is, I get it. It's entertaining. It's not as good."
e1688f3c,setting up port forwarding right now
9976f035,will joe reach the bunnies on this stream? umi 3 full
d64c58dd,she knows the secret
71084104,I think she meant Eva
17ce7674,The camera man never asked
b58b70f8,asian culture is also a lot more collectivist and family oriented
e1688f3c,next semester i only have to study for 3 days a week
3161237a,"""You belong in the Kitchen Eva"""
fa09cb53,you should contribute
d053e1b9,this is what happens when he doesn't use the umipro translation smh
37f869c9,What about MVP? Minimum viable product
e1688f3c,opening the floodgates
d2cbae83,No idea how they would pull at shit off but it would be amazing
eaddc5d1,Joerika and Jellttler
fa09cb53,you mixed signal destroyed the flow 😔
621bad4b,kind of feel shannon for regular death
e1688f3c,:kanye::kanye::kanye:
bfa4eaa7,(I do not speak Japanese)
219c8209,ULTRA-NIGHTMARE BECHDEL
70cb8f0d,hi chat did he drop it or is it still Umineko day today?
1fd2119c,This has got to be the best stream so far
e1688f3c,former eastern arabian resistance force
24ea4ff4,At the time I read higu rei wasnt translated yet
bfdf84c8,That's why Battler wrote ep 6
8264f965,if they are supposed to be what you wish you were then i guess?
70cb8f0d,and music is just air waves
e1688f3c,wordington commenter
fa09cb53,gonna try bargain for over 30 million
d25281cf,"joe's gonna say ""oh what the fuck"" and move on"
da0c8d98,My favorite isekai as a kid was Kyo Kara Maoh
13a6ed2b," after he tells her to kill herself? its called Black Liliana, unless you mean a different part "
fa09cb53,i will black male her 😠
6cd41a0f,The visual whiplash would be kinda too much tho
f06d395c,I didn't even really like S1
7979ec9a,I don't understand the rant but okay
e1688f3c,that is a shit ton of people you have to mark and check again
e1688f3c,and browse the reddit
b4690dc2,"shannon also says it in episode 2 to kanon, about the blueness of the ocean"
f06d395c,Ok so it's that extra character
db13175c,Too many of this topic
f06d395c,"We're heading to a ""praise the witch"" moment"
b4690dc2,I'm guessing you see it for pact and ward mostly
e1688f3c,ukrainians literally escaping to poland right now
fa09cb53,so monday still stay home iguess??
84589370,Ange coping with the loss of her family by writing a visual novel
d64c58dd,in retrospect I just realized I spoiler tagged this wrong
bb426429,jden had a field day with that debacle
fa09cb53,bro this guy posted ukrainian army hiding location for reddit karma
fa09cb53,may god praise her amen
60863448,you can literally HEAR ange sounding like a toddler lol
e1688f3c,when she gets to heaven
fa09cb53,man standing out side my window
e1688f3c,anyways going to try new save with some new mods 👍
fa09cb53,ok jeff im tucking in please!!!
94b5b4c9," because she is losing, kinda. Like he's still limited by her abilities "
2485b0b8,the umineko gold we never got
f06d395c,I would murder Sai twice
13a6ed2b,yeah thats what it looked like when joe went to re-read a scene in 2
e1688f3c,what the hael is may dap ding phong
1fd2119c,MOTION SICKNESS: WHEN THEY THROW UP
219c8209,Eva and Rosa got one episode each
d64c58dd,One you havent heard yet
f06d395c,It's leaning into the synths a bit
5b7aedab,"there is furniture everywhere, for those with eyes to see"
b4690dc2,and it apparently has umifull spoilers
37f869c9,ufo 50 is a great experience i think everyone should give a try
70cb8f0d,Holy cow did Joe kill the best girl anime discussion?
c102de5b,Mods when they have to moderate
bfa4eaa7,"it doesn't, you keep thinking about it endlessly"
810fde7b,"By “tea” I mean, hehe"
fa09cb53,sound not sinister i guess??
73e128e5,why are you posting in here
70cb8f0d,it hasn't been warranted... until now
7e5b9ca6,and he was born in october 1986 that's pretty much all you need to know
a997b01f,Is self-satisfaction a euphemism
b8eaf23d,is hideyoshi feminist literature
f06d395c,But the current part is just really poorly done
b8c9a0b4,its a miracle we got english tsukihire
d64c58dd,ok well I didn't catch them
fa09cb53,"the onion: insane, shit went missing before being flushed"
d64c58dd,I LIKED THE SONG ALREADY BECAUSE THEY USED IT IN THE STAGEPLAY OP
e01533e7,Happy birthday Kanon!
da0c8d98,I only caught the end
ab7f097f,the early bird gets the worm
13a6ed2b,Umineko fan who would use concerto but it uses lato instead of arial
219c8209,"I rewatched greg steam AND GOD, ep 1 tea party ending is so good!"
96bf8c05,this truth smells like oranges
bfa4eaa7,so maybe if you're more used to JP writing it sticks out less
fa09cb53,nah bru idk how to recover
e1688f3c,damn if i said i have sexdaily it would be reddit R\TechnicalTruth
bfdf84c8,"We only really know that family from Sayo's perspective, yeah"
e1688f3c,but it's loopable doe
e1688f3c,and the area with the line
e1688f3c,yeah i guess but it just feels like i did something wrong
fa09cb53,bro you would not believe this
1fc172f8,Yeah like Ash said it's a complete nothingburger
fa09cb53,2pac death could still affects bloods-crips relations though...
d64c58dd,can you imagine trying to translate the epitaph LIVE
162b34e4,i saw the sea in 2018. thought it was a bit overrated
d37288cb,you know the goats (ep4?) and all that
b4e1f40d,that was the real cliff when umifull ||Battler just forgot to ask about Tworia and Threeria|
c73b2cb7,that's where I remember you from
17a6b71b,Is furniture a literal translation from Japanese?
8c2d3d2b,"""has its problems"" he fucking hates it"
fa09cb53,the bridge but anime!!!!
fa09cb53,eating in c major...
db13175c,"so distilled and gentrified as all AAVE words, it just means to get really angry and lash  out"
0c427976,I just played Umi Project with Witch Hunt translation
219c8209,was it 99% of budget
409aa8ed,out here like yukari takeba from persona 3
b9f82b61,"eric i swear if you say ""third rate"" one more time"
17ce7674,"I feel a bit bad for her, but Rosa is just."
fa09cb53,where is the 3d penis receival
8b197101,It's so funny that he just appears everywhere
fa09cb53,im at the school bruv smh u stupid
d25281cf,"“No good” sounds like something a 10 year old would say, “useless” at least has some Oomph to it"
683b95f7,i had one for teh first time
60a3779e,We're scheduled to finish all episode 2 content this stream if all goes well right?
b4690dc2,which clip? I don't think I remember it
5b7aedab,disgusting. discord please be normal
07e46c25,THE POWER OF FRIENDSHIP
5dc7b18f,I wanna see Rosa being a good mother while hunting down demons
e1688f3c,going home at 2 in the afternoon
81be09b8,Nanjo did not go to medical school to be hit with this slander.
7e92c265,Yeah I combed it over like that
d64c58dd,We cant talk about that until next stream
13a6ed2b,i like that sort of thing
8aca22aa,its plausible at least; im not sure about krauss and rosa though because im not that nazipilled
0ef04394,"shit, 70 more characters are showing up in answers arc"
40497259,"oh speaking of squeezing the juice out of someone,"
7e5b9ca6,for no particular reason
fa09cb53,like right when he finished 2pacalypse
5b7aedab,i think that's less likely but yeah possible
683b95f7,when you're convincing your parents to buy you shit at barnes and nobles
1dd860ce,i have never turned pings off in my life and I never thought about that 😭
e1688f3c,that is spoilers bro
bfdf84c8,The Ange magic toxin
20bf120f,"Doesn't seem like the greatest reason, I must say 🙂"
b088e603,When umineko died none were left alive
162b34e4,We need to get Joe to watch Steins;Gate with the English dub and then he'll understand it's peak
b8097e51,WAIT HIS NAME IS TOM
e1688f3c,on manga volume 357 and the anime episode not out yet 🤣
5c345fff,it’s on the secret list
0f04debb,SHANNON I NEED TO GET YOU OUT OF HERE
e1688f3c,i clicked the link from the notification bro 😔😔
b9f82b61,uh-huh. sure you did
fa09cb53,that joke so stupid it went over my head
e1688f3c,man had scary childhood
fa09cb53,you have to kill them
fa09cb53,just change the synth a bit
e1688f3c,there starts to be an excess amount of swear words present
1fc172f8,Your honor I was not filibustering I was just doing a Umineko Bit
29178c9d,ace attorney investigations 2 i don't think he's in this one but i might be misremembering
f06d395c,Wait are these British or American chips. Is it chips or chups
ba52ee3b,I'VE ALREADY WRITTEN THE SNAILPITAPH MY WEEB
e1688f3c,no i'm free over the summer
ba52ee3b,which is literally the longest piece of fiction ever written
deb8f4c6,"Man. I miss Japan
I will probably come back after I figure out some important IRL things atm"
e1688f3c,anyways gaming tonight
fa09cb53,boom boom boom nuh nuh nuh nuh na nah nah
20bf120f,The adults want to seal the room immediately when they see the children stroll closer
e1688f3c,independent fact checkers has confirmed this to be FALSE
8f76cfa5,me after seeing the humble and lovely eva ushiromiya:
f06d395c,Well up to where the stream is
f06d395c,I want to see what some of his older works are like like Fevre Dream
c221bc92,beatrice should probably be in the louvre
f06d395c,He's the detective from Agatha Christie
17a6b71b,Joe doesn't like witch politics 😔
75a04ee5,a lil more than goofy
e1688f3c,yeah turning off mining for a moment
2a73986c,joe is my favorite background noise
20bf120f,"Yeah, that region looks really cool"
fa09cb53,nword grabbed my dick
fe851805,Lol I'm sure if you complete it umifullden can spend 2 days grading and debating
f06d395c,Does the story say dental records?
f06d395c,That upgrade system was pure ass
d053e1b9,I'd post a picture for reference but
deb8f4c6,"if adapting narrative and all, correct"
e1688f3c,mua thuoc lac gap xuan  bac 😰
fa09cb53,not really abt 2 mins
db13175c,I think Umineko  has great dynamics to enjoy even if you don't like the mystery yeah
b088e603,she said she saw them through battlers eyes right? so is it more transcribe than written?
7e6ebcab,"yeah this was amazing, great shot at what Joe was saying at the time too"
e1688f3c,on vibrate right now 👍👍
e1688f3c,you really got a shit nft
d64c58dd,Nanjo and his 2 chandelier wives and 2 lamp daughters
441da1e5,This the same Maria that pulled her Mom limb from limb?
68aa81ad,i just started to ponder what the hell would a scene like this be for beatrice and i got scared
653b6fd3,Alright double cross out that theory then
94b5b4c9,"No, but lowkey it would be soooooo funny if it would be the end"
0be52b7c,"well, this one could be valid, it's a personal truth i think"
f06d395c,Could he have put it up? Wasn't it stuck and perforated to tear up when the door was opened?
87df89af,Oh yeah I forgot Odin just exists
e1688f3c,that's kinda gay bro
eef09ada,Damn thats surprising
87df89af,The bible itself is a free flowing and ever-changing allegory
73e128e5,"it literally calls the reader a fucking weeb if they're upset about it too, it's so peak"
fa09cb53,then realize those are id numbers to identify you
20bf120f,"I am alright with semi time travel, where someone distorts the past. But not actual time travel"
02ff68a1,"Wdym?

Tue--Umi
Wed--bg3
Thur--bg3
Fri--bg3
Sat--umi"
e1688f3c,let's drop this topic feel like i'm balling right now
b58b70f8,i know jelly is gonna be great
e1688f3c,you ghave been trolled
49b618b9,This too is part of the April fools
0fc6bdb1,lmao even joe admits we've lost all empathy and mystery to construct an unfair villain
b9f82b61,welcome back lesbians
2e441894,"Most do use ""Umi Saku"" Post game bonus content tho"
ba52ee3b,did you read those only after ep 2?
441da1e5,"Sorry then, I assumed you meant the thing where unreliable scenes are just imaginations"
13a6ed2b,yeah he could probably do a decent battler
078a32ed,Kayliegh isn't a true umifuller as she hasn't seen the stage play
56d90223,Tough but also man hoe
da0c8d98,Umi 3 wow spoilers for the guest house
e1688f3c,wait so when you officially start the game design
56d90223,kinzo 100% commits crimes
f06d395c,This feels like Bern torturing Ange by showing her parents out to be unimaginably evil
a937077f,His motives are very complex
2d9323cd,dude just vibing lol
7e5b9ca6,rudolph laying his thick pipeline all over asia
e1688f3c,also have you got grape surgery yet
bfa4eaa7,not if you advance two of your pawns to the other side of the board...
fa09cb53,bitches cant even pick up a book 😤
fa09cb53,this shit look so bad
e96e7c0f,that dress is NOT her colour
f06d395c,"But overall, for now he's saying that he's the culprit to take the heat off Natsuhi"
aa8f5f2f,Kanon pulled his cock out
c102de5b,And the monkey's paw curled
250b0a9b,Yeah but they are there techically
5b7aedab,that's every fanbase
b9f82b61,i think he might've been killed by a witch
e1688f3c,i thought you doing it
7e5b9ca6,other than rika all the ones ive seen kinda fuck me up
0be52b7c,The story that slayed the rodent
f06d395c,Game boards specifically. Stuff with Ange and the real world don't count
1982b5a7,Dm me and I'll tell you later
7e5b9ca6,"battler would say ""that's no good"" instead of ""objection"""
b4690dc2,I really can't believe how much joe morbed about this episode already
b18daefb,JHKGBDFJKSHDFGHJKDFSGJHFSD
13a6ed2b,such a good expression
60a3779e,Umineko predates Hatsune Miku by less than a month
d0cb4aa9,Ryukishi best understands his characters
f06d395c,For steering them back to reading every so often lol
b478b463,I still ain't seen any of these since finishing higu
5dc7b18f,does she exist? I'm so unsure after ep3
409aa8ed,i need to study torts
0b843864,I am super confused about a red truth from last stream and want to know if people have thoughts
725720d2,TOO BUSY READING CORSCANT KNAVE
e1688f3c,also bro i have idea
20bf120f,These are different korean gachas
7e92c265,How many times have I seen the word guffawed and not looked up what it meant
73e128e5,parmigiano reggiano?
13a6ed2b,twitch chat not be annoying as shit challenge
e1688f3c,though one thing i'm sure about is that this revelation must've been from long ago
d0d252d6,I thought it was only the beggining
e1688f3c,many waifus in the sea but none will come for me....
02ff68a1,Yoko Taroccam's razor
441da1e5,"Ehhh, they also don’t that because the receipt could be placed back"
d1bdff86,I don't even disagree I'm just takin the piss
505a43d8,was it vixit who did the lambda judge edit? shame they aren't here to post it now
5c3e45cb,why is your md support different on mobile you coding psychos
fa09cb53,not better not worse
5b7aedab,"strong disagree that they're ""only really interesting [...]"""
b4690dc2,also knowing umineko wouldn't be a huge stretch
f358d26a,Or maybe not episode 4
219c8209,Ciconia don't have ps3 version so once joe finishes umineko he will have to look at OG sprites
ba52ee3b,the owned subplot happened
d053e1b9,That's a neat detail
7b056647,I’m really struggling to finish this stream
daee0717,SO WE HAVE TO DO SOME SHIT
b58b70f8,some umifull people are angry with me because of it LMAO
df4aa97d,Umineko but all the Fate:SN fights are replaced with rap battles
0f04debb,love it when beatrice has beef with shannon specifically
7e5b9ca6,yeah the real cliffs come later
409aa8ed,"""a ring is something you put on your finger, after all"""
810fde7b,Maybe I should get my own theme song
e1688f3c,is this why cute north korean leader is so chubby 🥰
1fc172f8,Although maybe there's more steps involving the process to getting to the key to begin with
94aea54b,holy fuck that cackle
7e5b9ca6,and saying there's a scene in umi6 that made me like him
0e8ba699,this was me with the goat
24ea4ff4,"some have great gameplay, others do not"
e1688f3c,nah bro i'm way too underweight to be that overweight 👍
ff63de9e,"not enough people to buy, also expensive to reprint prolly"
94b5b4c9,I HAVE TRUST ISSUES WITH THIS GAME
7b01763e,no i meant the message about not reading it lmao
5b7aedab,ARROW NOTATION ISN'T CONSISTENT
fa09cb53,yeah but im taking a shit rn in like 10 mins
eaddc5d1,"im rewatching it with lerf and lemme tell ya
i cry SO fucking easy, dude"
1fd2119c,Speaking of Kinzo and Domino's
f06d395c,They were very funny but also oof
02ff68a1,You hate to see Lambdadelta get a narrative W
47247786,"Yeah, but that was when his asshole relatives were dying. Why should he care?"
f06d395c,True crime has been a thing since forever
1fd2119c,"""Weaponized Sexual Tension"", wow, this really is anime"
e1688f3c,math test for me tomorrow too
b2620544,but if you look at the basics some of it falls a little flat
ecf3ed35,Smh this jadder doesnt watch mouse’s streams
fa09cb53,when dung drop the oreos
c11040f9,I’m playing Neo as we speak god bless the United States of Shibuya
ba52ee3b,does 'someone' say this in the game btw because joe'll lose his shit if they say it
e1688f3c,count the stripes global offensive
37f869c9,"Battler would cheat and then cry about it, Rudolph would cheat and then say “cry about it”"
60a3779e,"""I'm only reading Umineko on that one leap day"""
e1688f3c,they said they going to build more there
358aad55,you should start with 5d rance with multiverse time travel
87df89af,Is this talking about the banquet?
1dd860ce, repeat it in red-chan  umifull
505a43d8,i really did not to read too far ahead to not get overtaken this time huh
cbee777f,It also spoils the Simpsons
7e5b9ca6,"bro's name is ""Magicpilled Witchmaxxer"" i think he has other reasons to hate battler"
e1688f3c,damn dude my mom just told me one of my relatives got conscripted today at 26
f06d395c,Everyone needs to disable auto updates on their apps
b9f82b61,Last time you showered was episode 5?
e1688f3c,second half of the paper
db13175c,when I saw UP because I realised WH just. DIDN'T FUCKING TRANSLATE THE DIALOGUE
fa09cb53,would be a waste you know
a14d6655,why didnt they just... tell manga gamer to fix the regular version
e1688f3c,trying to make a difference in the world right now
810fde7b,Umineko has big sekimeiya vibes fr
f06d395c,I wonder if he's going to play BG3 and finish it
e1849ed8,HIGH SCHOOL JUMP SCARE
e1688f3c,sell the cum video? ? ? ? ? 😭
fa09cb53,innovative game design
e1688f3c,was about to type it out
cbee777f,Editor when Ryukishi somehow found the command for that
b4690dc2,Brother homestuck peaked way before that
47247786,This stream just got an hour longer.
b4690dc2,this risk will become our magic!
d0d252d6,Is this pre channing?
5376ff2f,Eva was never supportive of the engagement but Hideyoshi in that moment at least is
e1688f3c,he be helping me on da game right now
f06d395c,"All he's done is gotten himself covered in ""fell for it again"" medals"
87df89af,My read on this is very much with the idea that this only superficially a mystery
f0578b25,white person blunder
d64c58dd,japan why would you let your writing systme have that as a thing that can happen
c5c6f49b,please drink 5 liters of water
db13175c,this is during her school life yes
e1688f3c,insect more like insex 😂😂😂
e1688f3c,i sprayed a shit ton of alcohol on a cockroach bitch still moving
e1688f3c,down sprite done though!!
8f76cfa5,my favourite is 3 right now but 1 and 2 are tied for me
fa09cb53,you misdropping like
8f76cfa5,but if it's two stories being told at the same time it would also solidify the existence of virgil
d2cbae83,Yeah everyone who has had magic so far as had REAL peaceful lives Ange sure
d1879277,Usually its all good stuff from there.
fa09cb53,need to get as heated as possible while gaming bro
d64c58dd,if you've seen umi4 gaap you've seen umi4 juuza
ba52ee3b,I'M BEING HELD AT GUN POINT TO HAVE  THIS PFP
e1688f3c,you have been brutally murdered
51a6abb9,they're engaged in this panel
c3e052ec,And I don't blame him holy shit
fa09cb53,fucking awesoem how you do
db13175c,like melia but more hands on
ba52ee3b,Wait i won against nanjo?
f06d395c,THE FUCK IS THIS SONG THIS IS GREAT
6cb1e58a,He has a wild imagination man
60a3779e,It leaves out so much its not even funny
07e46c25,bulder is going to ult
b58b70f8,the cg joe showed is from a spinoff iirc
fa09cb53,aight just le me turn on computer
fa09cb53,but we also have teams so i will have to convince bitches
162b34e4,Calisto Yew Nanjo when
fa09cb53,bro i remember story about a guy who got hit through the head with a metal rod
60a3779e,I thought the question arcs equivalent was out
fa09cb53,its not showing up bro
f06d395c,So it's George or Kinzo by my reckoning
d0d252d6,I loved how ridiculous they were
2d9323cd,"at the end of ep1 IIrc he did parties then ended.
Start of next ep was from next stream"
fa09cb53,haha bro good luck talking to him
ae10a8f4,"""I CAN BUILD MY OWN BUISNESS EMPIRE, WITHOUT ANY HELP FROM MY FAMILY SHNNAON."""
fa09cb53,the only deterrence of the project is that its about obama
5b7aedab,DID ANYBODY GET THE NUMBER OF THAT _WITCH_
fa09cb53,bin laden is balling
f06d395c,Hey they said no such thing. Maybe chill?
b9f82b61,well the manga is pretty good imo
f771a96d,Honestly I should stop using twitter
c3e052ec,beatrice has canonically taken opiates
60a3779e,Bern would be a better matchup
13a6ed2b,"yeah, it just finished actually, so i've just gotta skip to the part"
17a6b71b,"I love Beatrice's argument ""nah it's magic"""
20bf120f,I can look it up in a second
1fd2119c,"Battler slapping her had another reason for slapping her, aside from just wanting to hurt her"
e87f292e,damn you got a literal book club going
20bf120f,To bear with unbearable sorrow
13a6ed2b,the umi4 in the username:
fa09cb53,asked your mom cause her line short
eaddc5d1,"NO PLEASE, I HAVE SO FEW TIMESLOTS LEFT FOR MY OWN STREAMS ALREADY"
7e5b9ca6,ok nvm i lost all my speech bubbles
f06d395c,Very suspicious that they're not addressing that there's only 5 corpses in this twilight
6b890d58,Really sorry there's no stream today  btw umichads. Got a lot going on.
a72309aa,I think Coru could make a fire post about RT playing the stimulation game
1dd860ce,nanjobros rejoice...
fa09cb53,just know that bass can really change shit
0fc6bdb1,post war economic boom?
fa09cb53,choose your linux operating system
ba52ee3b,YALL DON'T LOVE ENOUGH
0ef04394,there are like 6 storylines winding all over the place its so fun
5c109dad,LOOOOOOOOOOOOOOOOOOOOOOOOOOOOOOOOOOOOOOOOOOOOOOOOOOOOOOOOOOOOOOOOOOOOOOOOOL
056f5f8d,plus having to build 15 characters you like for the gauntlet is dogshit
409aa8ed,also this bitch right here
219c8209,English have punctuation?
ae10a8f4,"Joe didn't hate it, cliff was reached"
5dc7b18f,wait did Jacksepticguy actually come in?
3a068e31,feels like every single youtuber i watch has played it at least once
a912f63f,and mouse is wasting her training
b4690dc2,I would actually quit the internet if umineko got a live action
b088e603,I'm gonna have to take off points for not swaying precariously (I love safety hazards)
e1688f3c,passed all the competition checks
e1688f3c,mom calling something
3161237a,Let's talk about George instead
7e6ebcab,dude this image is sooo fucking funny
30a0ff40,"Honestly, I can swallow the slow scenes way easier than the witches parties so far 😂"
7f5df344,this is your motivation to finish umineko
7e5b9ca6,fate worse than death
1fd2119c,I'm starting to smell something nice cooking here
fa09cb53,i think i know what youre talking about
e1688f3c,are you getting next week off?
fa09cb53,still remembe r when i watched. anime 😔
29178c9d,the whine isnt part of the music its joe fire alarm someone please tell him oh god oh fuck
d64c58dd,no but she is a part of rosa
d25281cf,"umi full he solved the Umineko case after all, by ep 5"
81be09b8,"""Galge"" is short for ""gal game."""
bfdf84c8,If it's Niijima its nanjo for sure
13a6ed2b,what are they called
fa09cb53,this will be funny 2076
1179fed8,"Joke's on me, the mastermind smuggled some of it out."
e1849ed8,Oh yeah? name every Kanji
e1688f3c,do you only learn c++?
d64c58dd,can we get fanart of beatrice doing the jeb bush victory pose
b7ad7f9c,that and he talked about how he would never like the airport scene originally
87df89af,That it was it meant by 'real'
e1688f3c,tainted lost my beloved
b4690dc2,fullbody one piece???
df4aa97d,"Akane... Kurashiki.....

# AKANE KURASHIKI"
ecece11b,I could make a real funny joke rn
250b0a9b,Eva has cat vibes to me
d64c58dd,but what moment is that
7e5b9ca6,yeah i actually kinda remember that
1fc172f8,"""Fuck uhhhh. This time let's have it be him making fun of Natsuhi or something. That should work."""
da0c8d98,"I’m trying to think of ones I like, Castlevania has vague religious theming"
f06d395c,POST IT IN THE MUSEUM ANYWAY
17ce7674,There is obviously gonna be some point. But they are way way too long irrelevant of the point
f06d395c,Obviously that may not be the case
b58b70f8,ngl it kinda only became as spoiler once pointed out
d64c58dd,When did he say that
621bad4b,"thanks, no further questions"
eef09ada,Isnt that just a spoiler and non spoiler chat?
d053e1b9,Skibidi biden but it's skibidi kinzo
ba52ee3b,this lowkey but yknow
e1688f3c,it goes through the cracks in the door
17a6b71b,Hot tap water has bacteria
fd46192f,"i am fairly certain, but it's ofc up to interpretation at this point"
e1688f3c,that in the acting cute section???
e1688f3c,why don't homosexual men stop being homosexual??? 🤔🤔🤔🤔😳😳😳
bfdf84c8,I'm sure Sayo has her own headKanon
8aca22aa,nah we already know he didnt give a fuck about 9/11 umi3
e1688f3c,but my mom said something about beachees so probably near the ocean
fa09cb53,some years ago i discovered that his account disappeared
d2cbae83,So we end up at a bit of a crossroads
d053e1b9,I have a rule against reading manga that are still releasing though
f06d395c,I need to save this as a checklist somewhere
87df89af,ie: this all a story from Sayo meant to emphasise these flaws in a punitive text
fd46192f,actually ryukishi is beatrice
b478b463,i remember the sprite was funny
b4690dc2,Hype moments and aura
358aad55,rudolf in the bathroom is essential to the plot
07e46c25,reply if it's fanart you can get away with it
fa09cb53,bro thinks hes nick crowley
505a43d8,i think that line is fine if definition is in italics
7e5b9ca6,nah that's in dragons den
5c109dad,IT'S HAPPENING AGAIN
441da1e5,I severely underestimated Nodja's power as an archiver
219c8209,3 ep was eva bad life
e1688f3c,well if you want it to enter naturally you can make a seperate intro section
c3e052ec,It's pronounced crep-ays
d0d252d6,Did anyone else notice that
bfa4eaa7,why would she confirm he was right?
44721f1f,I've listened to some future umi tracks before
e1688f3c,or with someone who didn't make the game
b4690dc2,if this mirror breaks the magic exchange takes a 27% hit
0c247e09,Social media makes people so apathetic now that bullying stays in friend groups in my experience
ba52ee3b,"theres stuff that goes against that so i think he is, and even if hes not hes still goated"
df4aa97d,"I'm now just trying to figure out what the heck it represents for like, the actual murder"
b34c2493,I think it's starting next week actually
7e5b9ca6,can we take this guy out back and put him out of his misery
fa09cb53,available in your local super market
b4690dc2,the manga panel where he drags her into the meta world is amazing
db13175c,I can't wait for your guys' thoughts on Episode 4
fce5d05f, ppl will ship anyone with anyone
d053e1b9,Aren't these pretty useless nowadays
fa09cb53,so his legacy remains
fa09cb53,boarding school just reminds me of the canadian indiginous boarding school incident
b478b463,I literally uploaded the live chandelier reaction gif to tenor myself
fa09cb53,get off wordington smh
9e51bfc5,"Idk what it is about it, but I LOVE the aesthetic of a small rural town."
ff63de9e,busty squad is crazy
db13175c,So yeah. Just avoid them
56d90223,HOWEVER she did say she knew how she looked
d0d252d6,Ping me when he starts reading
b4690dc2,how hard could it be to mod in the nanjo sprites 🤔
02ff68a1,MY WEEB IM A FOURTH OF THE WAY THROUGH THE STORY
02ff68a1,wait what was that last line
fa09cb53,nothing seems wrong so far 😤
fa09cb53,atleast online or whatever
f06d395c,Because Beatrice was resurrected to him
87df89af,"But yeah, Battler is just a dumbass overall. His interactions with Beatrice save it hard"
20bf120f,"Either way, Natsuhi is probably an accomplice 🙂"
5376ff2f,lots of good faces yeah
fa09cb53,nah bro you have the exact progression
a4ed1eac,I mean maybe they didn't have the same mustace in the original art
17a6b71b,"I have it on my TV in a dark room, actually got flashbanged"
219c8209,that's interesting and surprisingly dark observation
7979ec9a,the guy really likes his whiteboards
1fd2119c,"Now Kinzo has become what he ate, Dominos Pizza"
7e5b9ca6,yeah probably don't do too much searching cuz theres probably spoilers
e1688f3c,and then while downloading he had to join another call for something
8f76cfa5,really enjoying how much this (NOT A) game makes me think
db13175c,that's just umineko.
b4690dc2,"there's simpler things you could learn to get better, like basic openings, control, pawn structure"
dd9e2814,Be ready for the new speedrun strats guys XD
29178c9d,idk if he meant 4 hours of stream or 4 hours of reading
219c8209,in manga she killed him with staff
b58b70f8,time to graduate to umifull
c102de5b,"Wait, which two

Streamer with a joms?"
ef91bbd0,smh didnt read the pin
fe851805,mustard and wasabi is a bad type of spicy
5b7aedab,"""...are you playing roblox""
""no a witch did it"" cmon"
505a43d8,and? is a proof of concept
e8769870,"He'll read the word ""peice"" once"
5c345fff,i always forget he even exists
20bf120f,"Thumb and Index, was my inner picture"
e1688f3c,liberal got destroyed
9976f035,he will start the stream and start the horse girls stream
b18daefb,it's just so out of nowhere
94aea54b,"Yooo, Umineko would be a good one for her to do"
e1688f3c,also an isaac reference
d64c58dd,after more considering I now no longer think I was right
ecece11b,"To be fair to myself I only looked at it like, a few minutes after you sent it"
fa09cb53,the attacker becomes the attacked
84589370,Bro literally willed himself out of existence. Is it possible to be more owned?
56d90223,I think the culprit is not a woman
bfa4eaa7,it's ok lmao im not fussy about it
87df89af,"I think I would like it better if they were all dead, Sayo included"
b8c9a0b4,my wife was so mad at that as well
63518930,just dont wanna look it up and accidently spoil myself
e1849ed8,Episode 2 Battler LITERALLY lost because he emotionally crashed out
d14f2ac1,Oh yeah btw what was the reason for Umineko coming back earlier than expected?
f06d395c,What's the time frame for the games again?
d25281cf,"Opens Umineko, advances one dialogue, “that’s enough for today”, closes it"
20bf120f,I think this was the Fahrenheit moment
1fd2119c,It's very different from just watching twitch chat in the vod
d64c58dd,I have so much stuff I need to do
7e5b9ca6,"surely they could have called it ""future turnabouts"" or something else dumb"
7e6f63ae,I've even got cloudflare specifically set up to block AI scrapers uwu
d64c58dd,have we ever seen them in the same room
ae10a8f4,wouldn't nanjo most likely eat with kinzo?
70cb8f0d,I'll just watch your vods and internally cackle at you
fa09cb53,(us being homosexuals)
5b7aedab,"""krauss isn't a real naaaame! i won't accept it...... i refuse!!! damniiiiiiiiiiiiiiiiiiit!!"""
17ce7674,"It's "" the rest will tear apart the two who are close """
219c8209,We ARE back but the moment fucking little witches it's cliff again
e1688f3c,black people be like
f358d26a,I of course will be maining black battler
c3e052ec,okay I'm going to go pass out now goodnight umi-nekos
38ccd930,Umineko Netflix adaptation or Umineko M. Night Shymalan adaptation?
f06d395c,"It's not really ""pretend"""
13a6ed2b,by console exclusive i meant PS4/Switch
daee0717,TBF he also wants to drop twin peaks so maybe its over after ep 2
fa09cb53,study of knowledge 😨
73e128e5,hbomber guest appearance
e1688f3c,nah bro just hacked your information i am world class black 🧑🏿‍🦱 hat 👒 hecker
ae10a8f4,it's funny how only beatrice calls out the relationship
23cb59d8,Forget my remark. YES
ae10a8f4,For them it’s easy to filter out
c73b2cb7,I dont think ryukishi could write gay romance
e1688f3c,and now i was developing the game
fa09cb53,and it work with nested script too you can see it loop at the end of script
eaddc5d1,CPR Certified Tartist Gang 🤝
ab7f097f,maybe everyone on JADS isn't real
5dc7b18f,I KNOW WHO KILLED NANJO IN EPISODE 3
51a6abb9,i thought his broadsword had abs
87df89af,"You're along the right lines with red truth, it is the magic imho"
5c345fff,wtf do people not know pocket spaghetti
3c6ae2a1,I have no investment in the fallout universe but when I decide to get into it I'll start with 1
73e128e5,"umi5 full screen filling with ""NANJO. NANJO. NANJO"" in red"
db13175c,I think its exaggerated by the length and intensity of some of the things that can spoil you
ecf3ed35,What was the snake’s name in mgs 5 again? I think they gave him different name
e1688f3c,yeah bro roguelike would be good
7e6f63ae,I'll need to instruct him to crank the in-game volume so that he's only managing volume in OBS
ba52ee3b,i think you made that up?
9ad17933,"Oh yeah, Kinzo didn't have the rights to sign off the money before father died"
9f2e5620,This girl got some mad skinny arms tho
1fd2119c,Hold on let me watch it real quick
fa09cb53,found lecturer on english teaching video
e1688f3c,the muffin muphine man muffine the man muffin
e1688f3c,it'san awesome comment
d053e1b9,"""It's not slander it's reasoning"" is huge ""sorry for critical thinking"" vibes"
24ea4ff4,"idk about umineko but higu RU translation is significantly better than english, I can confirm"
d64c58dd,also Idk what falzar's pronouns are
fa09cb53,sorry bro cant join rn when i click on channel the song will end
e1688f3c,(jimmy fallon is the skin walker)
daee0717,if they claim otherwise they’re simply lying
fa09cb53,cau muon xem mo hinh chim cua me to ko??
621bad4b,that's my biggest issue with all the theorizing in this general direction
02ff68a1,Wants to hoard all the good media for herself. Woooooow.
df4aa97d,That requires the dead were incapacitated another way
a997b01f,Who are not so best freinds anymore
e1688f3c,on my 417 account my average pps is 2
505a43d8,"jelly is here this time iirc, so at least i wont have to reread too much to get back ahead"
0f04debb,then the only thing i can think of is getting battler to figure out smth
fa09cb53,donot piss on the caat!!
f06d395c,It's so funny that Joe hates her this much
8264f965,don’t ever call me that again
b2620544,So what you are saying is mystery has been dead.
683b95f7,i unironically did not regard that as a cliff
eef09ada,But it was still deffo better than loopers
e1688f3c,no point in supplying the demand
76f65394,Yeah lemonade is not sweet according to her
29178c9d,true umichads would stay in the theatre for 150 hours
f06d395c,The manga was messy and the way it wrapped up felt too saccharine
7e6f63ae,You don't need to worry about any of the changes
ba729249,"Kanon joined when he's 16, 3 years after Battler left. Shannon is 13 at the time."
13a6ed2b,some sentences are worded differently and usually flow better imo
d64c58dd,and I fucking love it
13a6ed2b,"the plugin i have for ""better"" codeblocks fucks up some of the highlighting lol"
fa09cb53,elon musk hosts minecraft lan in real life for 20000 poor children in the congo republic 🥰
44721f1f,this has somehow turned into reading club
e1688f3c,why do you want to take everything away from the whites 😠
96c933b5,piece battler never saw that
d0d252d6,I think I might be the fun police
fa09cb53,paul when hes not owned by marvin corp therefore cannot be a part of the marvin cinematic universe 🥶
219c8209,Unspoken rizz vs sexual harassment
19845065,im glad the stageplay gives the magic chars an entire skirt instead thank goodness
b9f82b61,it's not gonna happen probably
e1688f3c,grass meadow to put the umbrella hat on bro 👍
e1688f3c,ui might sound like a very trivial thing to worry about especially in production software
7e5b9ca6,so i tend to not miss much
f06d395c,I'm thinking he killed Kyrie and couldn't face coming back to Ange having killed her mother
219c8209,I heard... things about 7 ep
d053e1b9,STOP DOING THE COUNTDOWN THING WE ARE GOING TO END UP HAVING TO PUT IT ON THE WIKI NOOOOOOOOOO
b9f82b61,"what the fuck is ""umineko"""
5b7aedab,mod; look at the user list
441da1e5,Now Umi den has P3R den surrounded!
a5dedc72,it definitely has to be someone related to kinzo
1fd2119c,"Damn Sakutaro, strut your stuff"
e1688f3c,you gooning right now?
77ee69dd,Oh so those are buttfangs?
1982b5a7,Marisa Tomei as Natsuhi
13a6ed2b,in development i guess
76d9877b,🌂 I think Joe would find the end of the Old Maid scene Actually Good
d64c58dd,I wonder how ryukishi got the original sakutaro photograph
e1688f3c,going to run overnight today
8f76cfa5,kanon and gohda meet with the kids and bring them to the chapel
bfdf84c8,This confirms that the tea party is due to this becoming the dominant theory
1fd2119c,He looks like a shady host in a red light district or something
b2620544,Yeah it's gaslighting but it's a fair point.
70cb8f0d,We stan Beato in Umiden
f06d395c,With love it can be seen
e1688f3c,:LookMomIDidABackflip: 👨‍🦽
70cb8f0d,WAIT I COULD'VE WON 5 DOLLARS I SHOULD'VE NEVER DOUBTED
7e5b9ca6,he's doing tues sa tevery week
ecece11b,The part we ended at
1fc172f8,❌ You'd deny Woman Culprit X the opportunity to empower herself by murdering men?
adb72a1d,god this is terrigying
d64c58dd,Cuz y’all are talking about future stuff sort of
d54830ca,"On this blessed day, we are all Beatrice"
29178c9d,i booted up vanilla p5 recently and it felt wrong
7e5b9ca6,a third beatrice has hit rokkenjima
73e128e5,live nanley reaction
eef09ada,Surely stream chat wouldnt have spoilers 🙂
f06d395c,Bern's red statement
b8eaf23d,and thats not happening with how slow they are lmao
7979ec9a,"higu, the pinnacle of writing"
e1688f3c,holy shit 35 minutes to render a frame
3161237a,"I don't completely agree, but I can understand the principle"
bfa4eaa7,not that it would be a problem if it was!
250b0a9b,In Episode 1 the uu-uu were kinda creepy
83aa7c93,i never expected I would end todays stream believeing that Maria doesnt exist
fa09cb53,famous last words bro
23f5bed1,Like Ani said I was unable to pay any attention at all
fce5d05f,This ALMOST makes me want to buy anime merch
ba729249,As an addon to this question: how old is Shannon? I’m almost certain they are the same person
a997b01f,weeb furiously emailing Ryukishi
e1688f3c,i have cereal sticky rice and bread
0f04debb,that's the theory i believe
83aa7c93,This whole fake nice beatrice arc is boring
12e5897b,Live pantsless Gohda reaction
8c33dd74,"Apologies my weeb, I wasnt familiar with your ~~game~~ book (language)"
b58b70f8,erika is vile in this part actually
f06d395c,The first and last seasons are so different in what they explore
a5dedc72,I still can't believe someone spoiled that freddy fazbear is in episode 5
f0578b25,"""there are no people on this island actually you're all bitches to me"""
17ce7674,Is Umineko discusion allowed again
b58b70f8,just altered a little
b4690dc2,"All they had was one dog, it was battler"
fa09cb53,got the weapon where it like soy milk and what ever make bullet spliut
d64c58dd,The cabinet meeting joke was too powerful you had to say it
fd46192f,my assumption has been that they just rolled his corpse in in a wheelchair
7e92c265,SPEAK OF THE DEEEVIIIIIL
63518930,my unfinished playthrough that got like 90% of the way through the game was around 110 hours I think
db13175c,oh this is by the lain creator right?
db13175c,i don't think it's definitive what ash is saying
e1688f3c,6666666 🤣🤣🤣🤣 chi ten jin zhe xu gan pao
0f04debb,eh i think it offers a nice contrast between erika and beatrice and how they chose to punish battler
fa09cb53,trollage reference ???
0f04debb,he calls her onee san which means older sister i think?
fce5d05f,Yeah don't read higurashi
70cb8f0d,"no, if anything it's funny, but thanks a lot"
0be52b7c,i'm actually very surprised Kinzo isn't there but George is
f06d395c,Not everything but a good deal
b18daefb,"we've come so far from ""do witches exist"""
b569c490,therefore not the only one in the world but made by rosa
5376ff2f,SAKUGASP WITH A STEEL CHAIR
b4690dc2,I think some properties have a bit of baked in powerscaling
96962f09,"that's why joe is so easily distracted, it's stupid sexy jelly in the corner"
deb8f4c6,(I got my ass kicked on merciless during a good portion of the game tbh)
d64c58dd,umi8 I have so many medals but I can't show them off
f06d395c,I assume I missed a lot cause Erika was talking about raising the stakes when I left
d54830ca,THE CROSSOVER OF THE CENTURY
db13175c,it's called Love Me For Who I Am
17a6b71b,Eva just took the opportunity to dunk on Natsuhi methinks
20bf120f,"Not implied, confirmed"
8e4b9907,I think it's just an established stylistic element for the franchise since Higurashi had it before
ff63de9e,i think his name is pheonix
fa09cb53,hes literally advenger!!!
5b5d9821,Started with Awakening then immediately after that FE4
56d90223,I say all this while drawing Hatsune Miku
e1688f3c,can't do anything about clothes though just have to shower later
5376ff2f,And over time they become complicit
e1688f3c,you didn't have to cut me off
20bf120f,To compile all the thoughts he has into a nice little theory
ecece11b,I only have knowledge on how umineko works
d64c58dd,can you tell me because I think on my computer it might be literally impossible
fa09cb53,funniest part is we on the obama slide
d8b37c35,"hello chat, can't watch the stream for now, does joe likes waifu beatrice ?"
70cb8f0d,is channel_jelly taken?
c0672680,it's okay we support underrepresented minorities here <33333
621bad4b,I definitely think that happened
e1688f3c,though i thought it was going somewhere when the drums start but it didn't go aanywhere 😔
fa09cb53,be like scary hall way
b4690dc2,there's people who post videos of them just like
f06d395c,Yeah Lucy Liu she's great
e1688f3c,anyways 14th kill now
bfa4eaa7,im a purple enjoyer myself
d053e1b9,But when she's in the velvet room with battler she's 18
409aa8ed,and i call it modern and cool
1fd2119c,And so on and so forth
e1688f3c,they asked me to make live music at the panel for the flappy bird game demonstration shit
fa09cb53,cheapest you can get for under 2 million
fa09cb53,orange: deep breath  what is that????
8248ef7e,"he's a whole 5'11, a giant"
fa09cb53,i have to probably try and repurpose it for platformer
5c345fff,what is bro listening to 👂
e1688f3c,or did i not take a piss at 10
eaddc5d1,thanks its not my fault
60863448,clearly it wasn't a 19th _person_ but rather the 1st incredibly intelligent and dexterous snail
d053e1b9,"I love Rosa as a character, but hate her as a person"
b4e1f40d,personally I an tsumari-pilled
5b7aedab,"she doesn't have pre-child-abuse days, she was just the child being abused"
5b7aedab,"""non kanon"" for fuck sake"
fa09cb53,he later became ben 10
60863448,a question for the chat
20bf120f,Her spells are just lock picks. She did give a way out for her spells 🙂
17ce7674,Arkas really enjoyed the fan art
ae10a8f4,Mono has so many elements that I love out of fiction
e1688f3c,indie devs starving rn
f12c8aac,NBA is just reality TV for men
7e5b9ca6,its the part thats a kanji
e1688f3c,damn just finished pre sequel
73e128e5,otome is dating sims targetted at women
b2620544,Bait used to be believable.
e1688f3c,vinuni.l getting into the bitcoin business
e8ad9e34,Silly Greg it's not wednesday
fe851805,"but what about repetition, Japan"
f06d395c,As theory or whatever
b58b70f8,the first 3 eps already make it seem so lol
d053e1b9,No. I have enough japanese knowledge to have solved the parts that 'require' it
16651f76,ange catching a random stray
29178c9d,"if you start noticing whenever it uses ""in other words"" it pops up so much its comical"
b58b70f8,theres some scenes in the ep 5 manga that are so amazing that i prefer them over the vn
b821c653,"yea, Musicman clarified that to me too. tysm for catching that 🙂"
ba729249,but age numbers is always suspect
d1712dc0,"You dont know the what, the how, or the who; in Umineko you at least have some sense of the 'what'"
a997b01f,According to the fan artist straight characters aren't real they can't hurt you
db13175c,it's such an emotionally pungent episode
fa7275a3,Yeah that's probably true
e1688f3c,what yuo are trying to say
56d90223,Umi 6 i can’t believe this actually happened…as if lmao 
0b843864,Will prob be my ranking
e1688f3c,damn bro i haven't done unity in a while starting to get dementia
40497259,that was meant to be a reply but whatever
fa09cb53,just go to hao nnam then 👍
df4aa97d,Are you being serious or Coru posting?
8441b39f,Someone had inside information I don't believe this is coincidence
aeda0791,With like 3 hours a play
d64c58dd,I think the outfit looks pretty ok in that
d053e1b9,I abstained. I'm just enjoying the chaos
b4690dc2,Almost as long as one episode of Umineko
fce5d05f,But george doesn't 💔
7e5b9ca6,the gameplay is so bad
fa09cb53,sounds like one though
0be52b7c,"So what i'm getting  from this is...
That every vn has an 'episode 5'"
e967d591,is there even any Umineko female character that is unsimpable
f358d26a,Maybe just creative choice by Ryukishi?
c73b2cb7,where is the joeseph anderson umineko one
fe851805,"if you have to, close your eyes and do it"
6a498361,"i give one piece like a year and a half, maybe a bit more"
8248ef7e,"it will only get stronger, start peeping brother"
bfdf84c8,"Really? I feel like the characters referred to them as ""The man from 19 years ago"""
e1688f3c,what about dude perfect?
6cd41a0f,Heard japan has a pretty garbage work schedule tho
c73b2cb7,read my previous message
ba52ee3b,had to open the skittles thing which is why i accidentally cut my hand with a knife
f06d395c,I was grinning through most of it
56d90223,Would it be wrong for me to binge all of Umineko right now?
17ce7674,It is thanks to love that I can murder these 7 peole
250b0a9b,"Yeah, Im doing that from now on, since I can tell which are new and which are reposts now"
b4e5f498,I can finally post my Bernkastel gif without having to worry about tag!
3161237a,"Yes, this was shown in ep3 with the Braun tube metaphor"
eaddc5d1,You get it... You understand...
73e128e5,i mean it's the kid she lives vicariously though so
fa09cb53,the last version didnt even have a building
e1688f3c,so i can not be bri ish anymore
1fd2119c,I can see joe being a Thomas ngl
621bad4b,probably not that long
1fd2119c,"I didn't expect one today, but watching the Helldivers 2 stream last night was a pleasant surprise"
015b370b,Arent we beyond this scene
6a9a4ab6,Were you and joe under Blanket fort-chan or Blanket fort-kun
0395bfca,"Lmao ty, i was originally doing my notes/theories in notepad but it became unideal very quickly"
60a3779e,English is in the thousands for full sets
d053e1b9,I assume there are emote spoilers too
7e5b9ca6,calling in a tactical dark woke nuke
810fde7b,I thought you should spoiler your own theories
17ce7674,I like to think of myself more as Battler
daee0717,ya but i don’t want to think about anime
fa09cb53,"with these ""dynamojis""... the world will be mine!!!!!"
eef09ada,Infact you saying that might be the dumbest thing youve said
f06d395c,Reading a Japanese VN
534a81ea,"||Touma is trying to make him hate her from him to move on to Setsuna
He is well
himself||
WA2"
fa09cb53,they be playing midi asd track rn
75a04ee5,omg lmfao what is this
0eccefda,Beatrice is a better mom to Maria than Rosa
d2cbae83,Today we got the whole Ronove = Genji thing right?
5dc7b18f,is Bern in every single Ryukishi game?
fa09cb53,dungerz really pulled an all nighter
0f04debb,how many pieces are needed for chess
e1688f3c,i could do the other technical coding stuff but haven't done it in a year so 🚎
da0c8d98,"I’ll flip the chessboard around, because I’m done with your bullshit beato"
68aa81ad,specially because kinzo is a demon and those orphans are up to some stuff
12e5897b,What about NFL old guy
5b7aedab,"[jelly voice] Uryu-! I will be pressing charges, Ushiromiya-san!"
0b843864,Thank god Joe has been completely silent about his opinions and there is nothing to destroy this.
fd46192f,you're obviously not cut out for our cult
f0578b25,which is the correct choice
bfa4eaa7,i bet rudolf wears lifts
d053e1b9,"He's pacifist, not battler."
8441b39f,"Yes, one is a amazing space exploration with insane storytelling, the other one is outer wilds"
b2620544,And of course what it means as far as being a parent.
1fd2119c,"Just you wait until he stops fondling girls, he's going to be so fucking peak"
e949382e,guys what if i want to donate my money to mouse and not joe
13a6ed2b,"hi is yellow on mobile, green on PC"
5b7aedab,imagine dropping umi
02ff68a1,theory I think the message bottles are shannon acting as beatrice
b9f82b61,what the fuck is Chainsaw Man about
73e128e5,so i'm either arriving late or just watching the vod ig
e1688f3c,tbhere is al lot of text
7e92c265,If nanjo played the happy wheels spike fall game do you think he'd get the Justin Bieber tier
e1688f3c,i know you said you like the weird time signature
219c8209,"I already said I think it's cringe, not great not terrible"
b58b70f8,also if you have the time id recommend setting umi project
e1688f3c,epic i can understand bts now
6a498361,my t key is acting out
24ea4ff4,it's insane how good the ost is
13a6ed2b,i feel like unc would be reading the original in japanese before any patches
fa09cb53,goes incredibly hard bro
f358d26a,I thought it just got closed
fa09cb53,"like this ""can i fit this much chair in my a- room program"""
f466ee86,Dont forget another 5 hours afterwards in jads
d25281cf,HES GIVING IT ROOM TO BREATHE!!
621bad4b,"and killed jessica, locked the door, and then went ""muhahaha"" and ate a cyanide pill in a closet"
f06d395c,Ok this is going to sound dismissive but this is so melodramatic
94b5b4c9,"she supposedly worked there very long, but she took breaks"
637beb8b,"it certainly is, but its 🏴‍☠️"
5c109dad,Broadcast order is only for the memes
327e4623,HES ALWAYS CRYING AND AN EMPATH
70cb8f0d,"I know right, how could've Battler not looked at his arms this entire time"
87df89af,"There has to be, otherwise why would Shannon's world contain Battler so prominently as a protagonist"
162b34e4,I know how to play mahjong in yakuza but if it was IRL I would be lost still i think
7e5b9ca6,if you play with people you actually know it's way more fun
df4aa97d,(if it weren't for my cackle disease that makes me cackle)
daee0717,"thjank god, i was about to feel so old"
fa09cb53,yo dat windmill doe!! 👀
e1688f3c,maybe go to awesome lounge
1179fed8,There is no way Joe can do something next leap day to top this
8441b39f,It's all lambdadelta
20bf120f,Last saturdays stream wasn't that interesting
8f76cfa5,BATTTOOORAAA DROP ON TILTED TOWERS
fa09cb53,epico inshallah 🙏 🙏 🙏
29178c9d,I'm already done talking about it
0f04debb,do you not know the sacred art trick of putting hands behind a character's back- ah okay
d14f2ac1,One I found linked in here
441da1e5,"0 coherent pieces of advice, 0 bail-outs for Battler, 7 “Nipah”’s"
8b197101,Looks kinda like og sprites tbh
d8b37c35,BOTCHMANIA PUT ME IN THE CLIP
ff63de9e,and they still fall for it anyways
30a0ff40,"there's prolly something that's real in them, cause kumasawa definetly got yeeted"
ba52ee3b,I'VE JUST THOUGHT OF THE MOST INGENIOUS COMIC EVER
e1688f3c,check out epic sine wave doe
e1688f3c,you have never felt the touch of a woman
24ea4ff4,I'd say all budget went into music
b58b70f8,what the fuck was shannon thinking buying that for him
f06d395c,Good lord Walrus is so good with these bits
e1688f3c,is it a coincidence??
60863448,its just like one line
e1688f3c,holy fuck they made the music so loud
f06d395c,But not played for funnies
8441b39f,Get delivery. It might arrive before the end of the stream
e1688f3c,also  drawing sprites takes so long doe 😔
b478b463,"golden fantasia is on sale btw guys, copped today"
1179fed8,I kinda like George in a meme-y way. Maybe even a little more than Nanjo
a997b01f,Is Joe a stronger weeb that mouse? Let's find out!
1dde7edb,i got told off for posting stream reacts in there
fce5d05f,Why aren't you spoiler tagging this ruined the Big twist for everyone 😔
dfbdeb12,"i liked the fact that she doesn't become abusive she's drunk, it's usually the opposite"
eef09ada,Im surprised only one person responded
e1688f3c,type beat course bro
5c345fff,"yeah, my sources tell me fata wouldn’t be a good stream game (even though it’s very good)"
13a6ed2b,"i hate typing on mobile and love typing on a keyboard, so i use discord on PC 90% of the time"
b4690dc2,Except we do see Beatrice “do” things that are magical in a modern sense.
af26db04,"damn that's an easy one, unfortunately it's not my place to give the answer"
f12c8aac,batman doesn't show up until episode 7
56d90223,“I get to choose right?” THE HELL???
1fc172f8,Can I request that the trapezoid has an ENA boobs situation
219c8209,He just states what was in the air already
d64c58dd,I think the new sh protag looks like kid eva
d053e1b9,Is the fighting game worth getting when you have nobody to play it with
fa09cb53,not even this one!!!!!!!!!!!!!!!!!!!!!!!!!
810fde7b,The thing I’m a bit annoyed about the lip animation is how the jaw never moves
930f6b07,"The story is free to do that, as long as it maintains it's internal logic"
f9605862,Oh are you talking about permutations?
409aa8ed,if battler was gay tho this would be better
e1688f3c,what you even making though
b088e603,Yeah because then maybe somebody would get custody of maria
d053e1b9,NOOOO IoT KETTLE JOE NO
505a43d8,"fair, but its also jsut nice to check the possible readings on names and stuff"
c3e052ec,I probably would've liked 999 if I played it by myself on the ds
e1688f3c,this will be piracy in 2016
e1688f3c,yeah but there;s going to be a topic\
e1688f3c,i believe in you bro
6cd41a0f,Me too it feels like reading the theories when umineko was releasing its great
e1688f3c,design too simple to fix though
e01533e7,"1980s Japan, no less."
8441b39f,Reading? Who do you think I am?
fa09cb53,cooking for fucking vegetables
0c7d56d4,"He's gonna drop it at Higu 2 Rika in Angel Mort outfit, + Irie moments"
b4690dc2,Yeah duh it’s jessica
810fde7b,What does kabedon mean
e1688f3c,in physics class at least
b4690dc2,she also fumbled that window
637beb8b,"it was Umi full den, yes lol, dont worry, umi stream is full of good potatoes"
59aef750,the forbidden knowledge...
0e8ba699,LCR gif is now the streamer
87df89af,It's only a call out if I'm wrong
ecf3ed35,Is this what they call payoff?
20bf120f,Queen of Hatred and Knight of Despair
b58b70f8,im in the last arc too lol
5b7aedab,"yeah, tho i'm pointing to the overdevelopment rather than the frequency"
b9f82b61,HEY I MADE THAT IMAGE LMAO
b569c490,wait what color was the goat lightsabers
c3e052ec,"I hate beer
it tastes awful
Beer is mass delusion"
20bf120f,I knew that there would be a golden witch going into this
e1688f3c,do buv offer internship programs?
13a6ed2b,joe should watch the umigold trailer on stream sometime
7ebc065d,omg ive actually seen this character before but i just assumed it couldnt be real and moved on
b58b70f8,this scene is amazing in the stageplay
6cd41a0f,In fact depending on your reading speed you can finish it all in one week
56d90223,AND STILL USED THE SPRITES
d64c58dd,Also should be noted I think umipro in general is way better written
fa09cb53,fire alarm goin off rn ‼️
fa09cb53,i guess at this point we should just put this on paper
fa09cb53,you not suppose to say it out loud !!!
e1688f3c,jsut finished today's tests
f06d395c,Should I use kaylie or the full kayliegal
44721f1f,Nanjo orchestrated it all
b478b463,i dont understand why the pachinko sprites look so ass
20bf120f,"I did hear that Steingate ended in a cursed way, but I didn't think it was that cursed"
0c3a67d7,"Thanks for watching guys, umineko is over"
e1688f3c,bitch ass only gives me
d2cbae83,Dont fucking do it Rosa
b58b70f8,when none of them got an 18+ before
441da1e5,Joe’s Tea Party of Streamers
f06d395c,I'm still not clear how they happened without Battler's knowledge
70cb8f0d,based muticultural society enjoyer
7979ec9a,why would she do that
fd46192f,thought it said witches with a b for a second there
e1688f3c,and you wioll get banned 🤣 🤣 🤣 🤣 🤣 🤣 🤣 🤣 🤣
60a3779e,PROVE MAGIC ISNT REAL
89d41233,"With natsuhi, klauss, kinzo and rosa going in irredeemable"
b8eaf23d,"I still don;t think this is happening, as funny as the comment is"
fa09cb53,my heart a stereo !!!!
5c3e45cb,"thank you, thank you"
409aa8ed,"congratulations, social grey goo scenario"
1179fed8,"Unfortunately, fiver did not exist back then. They were limited by technology of that time."
5c345fff,persona isn’t a VN either but it’s still on VNDB for some reason
e1688f3c,my brother went to university in new zealand
fa09cb53,¡me penes is grande!
e1688f3c,ayo buddy infinifactory???
94b5b4c9,or basically any other red.
1fc172f8,Has someone gifted a sub to BeatriceBoyToy yet?
72661a6c,ive never heard anyone say it like that
b58b70f8,WAIT HE JUST WENT LIVE
fa09cb53,two balls in your mouth!!!
34ab5fad,i also like it but i think its hard to take super seriously
ff63de9e,"also i like ""its useless"" more than ""its no good"""
a997b01f,umifull for westerners
0fc6bdb1,"I was undercourt earlier today saying exactly that with episode 5 ""the mystery is dead"" lmao"
219c8209,some poor's guy gpu been hard at work here
70cb8f0d,WHO holds a disc like that
fa09cb53,too late bro i already got rid of the evidences
ff63de9e,cliff is when uhh um uhhhh
fd46192f,yeah what is the mistake?
b9f82b61,gender demons. shannon is gonna shoot kanon
1fd2119c,Your twin showers won't save your smell now
73e128e5,"it's not doom, it's caution, precise predictions, discussions at the war table"
b4690dc2,unless people are also using live2d for simple static poses
b2620544,3 days before the goats eat umifull
7f5df344,i hope joe never stops calling out george for being single
7b01763e,yeah last stream was short because he was tired (killed by two days umineko in a row)
2e441894,Fate's anime adaptations are no good either
0be52b7c,I love that Kyrie is the most nasty bitch in the family
250b0a9b,Women being sexually liberated and a freak is pro feminism
5b7aedab,"not that i'm aware of but it's doable at the lowest levels; someone ""just"" has to build it"
cbee777f,"Episode 5 Vol 3 is 5,000 on Amazon, no joke"
b8eaf23d,"The idea running up to bg was probably 4 streams before fully committing, otherwise going into mgs"
f06d395c,I couldn't help it in the end. I sobbed
bfa4eaa7,I really want to tell you what's in my head right now
fa09cb53,unironically spoken words and noise music is a genre so literally any thign can be a genre
56d90223,You know what I’m tired I’m gonna check how long it is 
409aa8ed,you guys i just remmebered an insane thing about the twillight series
6b890d58,The pacing of the Ange stuff is unforgivable.
e1688f3c,michelle obama idlee and attack
23cb59d8,They even got the same hair colour
21bd6810,Joe Baiden vs Joe Beeden above
048fc8de,I hope SHf is like signalis(has yuri)(this is the only thing I know about signalis)
5b7aedab,yay they jus like me fr
f358d26a,"Battler is red, so is Joe. COINCIDENCE?"
f06d395c,No indication of how Nanjo treated his son but he seems to have grown up to be a decent doctor
219c8209,There are cool moments in persona even GREAT ones but fucking tartarus slog
e1688f3c,i thought this was your house
83cb2bb1,I FORGOT TO RUN UMINEKO PROJECT AS ADMINASTRATOR AND JUST LOST SO MUCH PROGRESS NOOOOOO
d64c58dd,Do you think York and Date working together with Zach and Aiba could solve umineko
20bf120f,And they were mansion mates
13a6ed2b,"he's about 35% through it on stream 8
8 is 35% of about 23
so i'd say about that"
d1bdff86,fucking mangagamer man
e1688f3c,he know about the crips and know about their technology
3161237a,Doesn't it mean that?
94b5b4c9,I don't like the people/human counting shenanigans :/
db13175c,opinion spoilers its my favourite episode aside from 7
31a02125,Kai no Kiseki just came out last fall
73e128e5,"she was name dropped a few times in ep1, and also ep3 earlier"
29178c9d,joe is perpetually dropping it next stream every time
e1688f3c,fivce nhgihtgs at fredydy
5b5d9821,Just awful awful yuck
a72309aa,Is this Benanjomin Button?
fa09cb53,then the price is not worth it
87df89af,"Shannon was from the Christian orphanage, explains her zealousness"
0fc6bdb1,there's never been a bit I've needed so hard in my whole life
70cb8f0d,It feels inappropriate to react with emojis so I'm gonna say it in words: I am really sad
e1688f3c,i'll send in a second
94b5b4c9,"GO BATTLER, DISCOMBOBULATE"
e1688f3c,reevaluate my scholarship and financial aid for the following year based on this self evaluation
505a43d8,"ok chat here me out, 
triplets
Anne Gz
Anne Ji
Anne Jeh"
653b6fd3,Why is the front cut off? Is it supposed to be?!
5b7aedab,stop includes jokes and irony please i'm actually asking you all to stop
31a02125,it's not even the english print
505a43d8,lookin forward to a kangaroo court
53a6e340,hey joe! did you know? ryukishi
5c109dad,murders have started
fa09cb53,from this epic document
162b34e4,need someone to photoshop Beatrice's head on Evillak
f466ee86,even in umi 1 she talks about how shes not as good as george etc
24ea4ff4,umineko 1 was almost 20 years ago
f06d395c,God damn does that make mouse the Elon of this server
fa09cb53,now i think about it
b58b70f8,melia has you managing buffs and debuffs the entire time and its so much more engaging
8c2d3d2b,i enjoy the adobe stock watermarks on battler specifically
6cd41a0f,You haven’t read umi 10?
b18daefb,ange presents: a devil
f06d395c,He's going with the red truths applying across all boards I think. There's a lot that work that way
ae10a8f4,wasn't the story that he showedall the god to one reputable finance guy
db13175c,it's just the first letters of names so we dont outright say them
daee0717,"sorry about that, looks like it was taken care of"
ff63de9e,"its more interesting yes, i dont think its fair to criticize it like that though"
fa09cb53,oh you mean the part where it just background stuff and no lead?
f358d26a,And even if he was we haven’t seen it iirc
daee0717,"best of luck, soldier"
810fde7b,Live bar joe reaction
e1688f3c,child porn: the anime
31108803,so she doesn't really have love
e1688f3c,le dialogue skipping time
f06d395c,The full email in down the thread
f06d395c,Yeah that's about it. Gohda didn't do much
0ef04394,genji is kinzo theory
d053e1b9,I have a dumb question
e8769870,What do you think the witch pentagon is. Just a pentagram? Or is that too obvious...
c3e052ec,mine god he's taking notes
409aa8ed,i will be intrigued to learn what you think when we get to around the end
7e6f63ae,AND they weren't spoiler tagging it correctly
94b5b4c9,It was mentioned he was doing business with the Allied Command Center or whatever it was called
87df89af,There is a seeming contradiction in calling magic bullshit
fe851805,Probably meant jelly ocean lmao
d64c58dd,~~unless I actually do~~
8248ef7e,"I'd say this is a perfect example of it, personally!"
e1688f3c,a teacher was making an appointment in vietnamese and then he saw me and started talking in english
250b0a9b,Im really proud I figured this one out before Battler did
2485b0b8,Umi full yeah they’re pretty good at getting a read on Marias character and her interactions in ep1
20bf120f,"New version George is just generic anime sexy man, while old version george is just some dude"
250b0a9b,Ive been coming up with dumb LNR all week
13a6ed2b,"mouse has already finished it
jelly is watching along with streams
and who knows what greg is up to"
fa09cb53,pedophiles when they see a child in approx 500m
d053e1b9,IT'S SUCH A GOOD JOKE
b9f82b61,that is what they are
5c109dad,"If people are acting reductively, it's more better to just ignore it though"
e1688f3c,u kno y bro..?? iis because venesela un no profit pooring poulation
a997b01f,His Beato has two of them
ecf3ed35,Oh god this is cursed
ae10a8f4,Yeah I also kinda hates a lot of my friends being like
fa09cb53,found away to assign waveform switching to a slider
fa09cb53,i see it in the strumming key section vro
e1688f3c,bitches say comments are anonymous
5dc7b18f,How hard was it to get him to watch Twin Peaks?
fa09cb53,might be subjected to changes
bfa4eaa7,how's george sheltered? he went through full schooling and works an active job
db13175c,umi 3  my pfp is the CD art for that last track :D 
db13175c,xc2 has the best combat i think
7e5b9ca6,it's not that 2 is bad it's that every other episode is really good
e1688f3c,this is a warning of what's to come
fd46192f,nah as you start the VN it tells you to just go with it
e1688f3c,canny mr incredible or uncanny mr incredible
fa09cb53,i know that guy from vietnam!!!!
0be52b7c,"To be fair, she didn't said in red that it wasn't the truth 
She could just be lying"
5b7aedab,purgatussy got me actin unwise
fa09cb53,mfw the fuck is a radix\
96bf8c05,play the next Beatrice dont be like that
e1688f3c,damn that shit not obvious
fa09cb53,what if you just do the bass kick only
b478b463,remind me what hapens then?
e1688f3c,can't listen to audoio bro inc lass right now
fa09cb53,ctrl a forum revival
1ccf6c00,"All you can do is go ""nothing happened lmao I need the red"""
b8eaf23d,it also terrifies me to do it incase I misclick
754e75ac,I have no clue what it is actually about
e1688f3c,technological advancements
70cb8f0d,returnal bros back me up
94b5b4c9,"The reason behind it could be extremely interesting, don't you think?"
409aa8ed,her best girl friend
e1688f3c,crazy youtube banner
e1688f3c,can't properly connect midi controller yet
ba52ee3b,dw about it lmfao i'm not worried
7b564ea9,I would still think he's a killer
b9f82b61,"and also the conduit for Bat and Beato arguing, which is the very good part"
e1688f3c,got subscribed to kenh thieu nhi since don't know when
f358d26a,Hence the comparison
fa09cb53,dem trees got no leaf doe
250b0a9b,New theory: Maria is actually the child of Rosa and Beatrice (female mpreg)
ff63de9e,it would take FOREVER
8f76cfa5,half his lines are moaning out for beato
da0c8d98,She's only 1000 yeah
b2620544,Just less blatant on explaining the murders probably
f466ee86,Meanwhile in destiny 2
da0c8d98,LEGIT retirement fund
0ef04394,"alright, tsumari, how far do we think joe will get at the usual pace"
d64c58dd,that means no fanart 😔
bfdf84c8,"I feel like if ep 8 is like that, I'll think its mostly just ok"
f06d395c,I don't think it's that ambiguous. But it depends on his feelings on P3 by the end
f06d395c,I've come around to this after episode 4 I think
fa09cb53,cactus compound real
d053e1b9,Or just up to where we are
20bf120f,And Jessica and Natsuhi
13a6ed2b,i've heard that kanji wordplay is common but i i dont know if hiragana wordplay is common
e1688f3c,ayo guess what brody
daee0717,mouse hacks in again??
266ad4d0,probably going to rewatch the streams after umineko is finished to get the true umifull experience
505a43d8,"shimoneta was kinda peak when it was airing, idk hwo it holds up tho"
3161237a,Not without an incredible amount of effort
47247786,"Woah, even the bodyguard is bullying Mouse."
29178c9d,i cant wait for episode 9 when nanjo solves the epitaph
daee0717,"twitch channel is fine for me, ty!"
87df89af,Not necessarily. It's basically just headcanon
d25281cf,thank you ace attorney
6b81da02,Joe fandom is next level in terms of streamers
e1688f3c,i started rewatching episodes
83cb2bb1,I don't know if I have any explanation either though 😔
c0bf1352,"Tbf, Krauss is a big boy. He needs his snacks"
fa09cb53,omg bro thats even more sad
e1688f3c,this is temporary though
73e128e5,manga merchants need to shut up man
ae10a8f4,I think the former fits better
e1688f3c,bleuu cheese reference
fa09cb53,this why black people love naruto 🥰🥰
fa09cb53,i really like what you did with the synt h:triu
fa09cb53,you making attempts to compare your case to other examples does not change my perspective
ae10a8f4,more straight man in the orutine
b8eaf23d,i dont think anyone noticed joe saying it
b088e603,Did they finally fix the back
e1688f3c,watching conspiracy video right now
db13175c,sorry for responding to 3 hour ago message
441da1e5,Looks like Ryukishi watched Toy Story
fa7275a3,Is that what they actually call it
72661a6c,who has the george kicjed out of plabne image
70cb8f0d,wait it thinks you are a full day in the future how the fuck
87df89af,The pacing last stream was pretty horrendous but the events themselves were peak
fa09cb53,and their team actually have real people
d8b37c35,im not clicking that
0c427976,AND he forgot the dog
b4690dc2,is it like the version of the engine that the game originally released on or something
621bad4b,since no one is ever going out there
b34c2493,make a channel for each person's umi blogging too
b4690dc2,maybe not anything specific about them?
f358d26a,I mean I do care about 1-6 but you know what I mean
db13175c,Man this track always hits me straight in the fucking heart when it plays
f06d395c,"Preserve the sanctity of ""useless... useless... it's all useless"""
fa09cb53,mfw i clicked on it and all the videos are anime funny hot compilation except for the first one
83aa7c93,You're doing great Jelly
fa7275a3,Now you know he's one of the 200k people in salt lake City
5c345fff,pathologic 1 is like the umineko of games
fd46192f,i didn't read ahead cus i didn't expect that
db13175c,i watched saekano before i had read any VN so i never really caught any of hte references
13a6ed2b,the tricky words of a witch...
0fc6bdb1,does kinzo need to have a genius level intellect for his decisions to have been fruitful?
fa09cb53,drum crazy on this one
29178c9d,why does he have so much extra face
250b0a9b,Youll get yelled at if you posted these
fa09cb53,if you start to feel very cold then confirmed vro
71084104,This is just pure nonsense
21bd6810,I was waiting all episode for that moment.
930f6b07,Is the witch hunt translation good?
e1688f3c,aactually i chaaanged my mind
fa09cb53,where you get the 4chan
e1688f3c,"the second part of the title ""AND PARENTS FLIP"" also contains multiple meanings"
2d9323cd,"Aniki/Aneki are used in very specific context
sama as for example ""Nakama"""
29178c9d,"it sounds like generic happy ""end of story happy wrap up"" music to me i just dont care for it"
13a6ed2b,and also keep in mind that you're reading this through the filter of fan translators
89d41233,Weebs: finally this is getting good
bfa4eaa7,but yah the VN is a better-- ^^
250b0a9b,Maybe we can take over p3 chat and make it Yakuza chat
ba52ee3b,Just Ls to this point
f06d395c,Sorry meant to reply to this
3a068e31,he hasnt even gottem to the good part yet
76f65394,Oh wait we got a red about Battler causing the deaths
fa09cb53,thud sound effect kid becomes famous on vine
7e5b9ca6,hold on i have to check something
60863448,vn fans love sol bullshit though so its not usually a problem for them
daee0717,maybe after he’s done as a treat
fa09cb53,bros dont know how to double dt cannon
b4690dc2,she aleph on my schwa till I umlaut
5b5d9821,"I liked Part 2 the most, and didn't care for Diamond is Unbreakable so...."
e87f292e,erm akshually the correct term--
7b01763e,good god this is a banger
162b34e4,Signalis and BG3 will have the same comparison jokes unless Joe says to stop
0f04debb,love how nobody mentions the mangagamer ones lol
ae10a8f4,the weebs strike back
b8eaf23d,mitts are for wearing
f06d395c,JJK may have evoked those themes but I feel like it really didn't have much to say about it
2e8f221e,old age changed him alot
c221bc92,"like, i need to finish reading so I can travel to japan to see it live incredible"
b58b70f8,definitive edition of umi as of now
441da1e5,I remember that I liked the mystery and really liked the ending
e1688f3c,5 million dollar heist soon 😳😳😳
5b5d9821,I now have an irrational feature that a killer maybe hiding in my drawer or under my bed
20bf120f,"Disco Elysium, Stanley parable, Slay the Princess..."
02ff68a1,don't worry mouse will tell him why it's good
60a3779e,Umineko full Higurashi full It's called Higurashi Sotsu and I dont like it
e1688f3c,fuck bro really want some headphones right now :peons
d8b37c35,werent you doing a book report or something
4e2a80fc,LOVES ANGE HATES BATTLER
b4690dc2,I'd have to buy 5d chess again
fa09cb53,in public + on the g
ff63de9e,"""unfunny humor is unfunny anyways moving on"""
fa09cb53,wtf thats not his answer
b4690dc2,is this the show hbomb picked apart
e1688f3c,looks ugly as shit bro
02ff68a1,Which could take on a new meaning of self-reflection if she's sayo
d64c58dd,We’ve always got two in a row
0be52b7c,Tbf this sounds extremely difficult
b4690dc2,that one might be fine
fe851805,so you're going to end up with a 4 lol
ba52ee3b,it woudn't MAKE SENSE for the culprit to put important hints in fun places to rewatch!
e1688f3c,because isaac mom is obese bro
fa09cb53,perhaps the cia will get involved!!!
0c247e09,Rosa is the Lebron James of abandoning her child
162b34e4,only talk about things Joe has seen
02ff68a1,do you think battler is timothee chalomet-coded?
d053e1b9,Was it really eight years ago
5b7aedab,in fairness i was _massively_ underestimating the power of binders
e1688f3c,ayo lil tay came back to life! 1111
5b7aedab,"-# (also Gera my pronouns are right there, please do not 'man' me ty)"
ef91bbd0,Maybe because I binged the episode and wasn't reading out loud by episode 4 is def my favorite of qs
f06d395c,Omg I couldn't deal with that damn gif myself
b2620544,"Yeah, I was going to say the hound of the Baskervilles"
fa09cb53,what about second one
d0d252d6,child hater logged in
fa09cb53,ew dawg :smileypuke:
21bd6810,Even Rudolph powders up
b4690dc2,honestly maybe joe would like fire punch for being so weird
73e128e5,luckily it's not cause the game sucks!
b478b463,Algorithms cooked. I did what u did for persona 4 and it spoiled me the culprit
162b34e4,Where is your betting site
0f04debb,maybe says smth about how eva and hideyoshi were the better parents of the siblings
8c33dd74,HES REHEATING THE FOOD
621bad4b,well genji doesn't deny it
d0d252d6,Umi full chat was tho
60a3779e,What about dragons den
fd46192f,and then he meets nanjo??
13a6ed2b,it was like 175 yesterday damn
505a43d8,code geass would be a fun one to win the marble race
daee0717,for you to see this.
94b5b4c9,It's all coming together
8aca22aa,just main episode or the tea parties too?
e1688f3c,send game footage bro!! what the game
5b7aedab,oh that's a neat detail
fa09cb53,not sure but changing the design when theres like 4 weeks of development left is not a good look
409aa8ed,oh youll see him go crazy
621bad4b,maybe they just replaced the chain and went out the window
621bad4b,jessica got red texted
bfdf84c8,"The brainrot is terminal, I think"
d053e1b9,Does Ange have a Kansai accent
f06d395c,We had a whole scene about it
70cb8f0d,the last one was 50 I think
5b7aedab,"GREAT JOB WITCH HUNT, TOP NOTCH"
b4690dc2,it's my most embarassing opinion but I no joke like the story of kyonyuu fantasy 1
0f04debb,"i was about to say ""what beato lines"" then i remembered piece beatrice"
fa09cb53,headphone recommedned
e1688f3c,my school has this one trip
e1688f3c,shit lasted until about 6 in the morning
f06d395c,Me tweaking a bunch of sliders and layering all the effects on After Effects
fa09cb53,aweomse play now !!!!!!
f06d395c,Literally my brain for 4 seconds
505a43d8,so its like fortune telling
ba729249,It’s so joever for me
56d90223,I know she is NOT talking with those lame hair accessories
e1688f3c,the originnal zamn video
7e5b9ca6,ban that guy for talking about powerscaling
219c8209,Finally good fucking character
5b7aedab,i miss rudolf's tiddies
b58967ce,yeah it's only the ones given in each episode
acc72aa2,we are all lambdadelta
d64c58dd,"""it's good! it's goddamn good after all!"""
daee0717,oh then yeah there’s a whole doc i will answer some of on tuesday
327e4623,yes not just a bunch of volunteers
fa09cb53,where would they look at!!!!
d64c58dd,maybe kinzo powered her up?
d053e1b9,I can't believe walrus is 80 years old
e1688f3c,pack and send me that
94b5b4c9,I would summon Nanjo to fill the void in my life
f06d395c,What's in the top 20 and which of them don't have sexual assault
8248ef7e,"Nanjo IS a servant, as he's serving every time he's on screen"
68aa81ad,COCAINE KINZO MY BELOVED
20bf120f,"Now, I do not believe that Maria did write all of it, but the vast majority"
a912f63f,which would probably fit with her being a lot more immature in the talks with battler in ep 3
e01533e7,"Gold was invented in 1946 by John Gold, before that the Ushiromya treasure was silver."
7979ec9a,exactly why I project
fa09cb53,so theres this room when we arrive we have to do some kind of pre ceremony thing
fa09cb53,"but when the dean was like ""bro man the fuck up"" i hear bitches gasping so"
13a6ed2b,maybe including direction for better line reads? idk
e1688f3c,figuring it out right now bro 😔
b9f82b61,i thought you weren't sure what he was saying
f06d395c,It's just very boring
c5c6f49b,the banter and theorizing is super fun
e1688f3c,with a shit ton of emojis
e1688f3c,check out this drip 😳
73e128e5,but you mix her personality with trauma and yeah
fa09cb53,soan tin 101 (ma so anh) gui tong dai 921 de nhan anh dong hai huoc
bfa4eaa7,and worth criticizing...
fce5d05f,But I'll watch it by the end of this year
6cd41a0f,Umi full like literal fiction made by tohya
24ea4ff4,with no other version
f06d395c,They're the two halves of the brooch?
5b7aedab,yall hype for mouse noises tomorrow?
17a6b71b,Common twitch chat L
20bf120f,can I click on that?
13a6ed2b,"Its a fighting game, but don't play unless you've read all of umi"
b821c653,Are the VA voices super low on purpose?
7829cb39,Nah I played very basic I have no idea what I’m doing yet
409aa8ed,"like at 9 years old she has excellent english AND rudimentary hebrew, wtf"
d0d252d6,they gave me red flags
87df89af,"Maybe, love is crazy like that"
b2620544,But most of the answer arcs revolves around her
dfbdeb12,it's the same with rosa tbh
d64c58dd,the song isn't umi related but the fact I think it fits them makes it spoilers
d64c58dd,Bring hbomberguy in for the end of questions arcs
e1688f3c,joesephus female progenitor entertainment juncture
b9f82b61,what was the pin like 2 minutes ago? everyone in chat was going crazy over it
7e5b9ca6,im reexperiencing it before ive finished experiencing it
5dc7b18f,"VERY FUNNY JOE, WHEN ARE WE STOPPING?"
6cb1e58a,"Yeah it specificly says ""from outside"" to give miss direction"
76f65394,Jessica is evil she fakes her asthma
40497259,Gigguk is like if you let Joe design an anime fan and made him real
16651f76,absolutely do not search anything related to umineko even gifs
0fd535f0,had to pick 10 sorry ;_;
87df89af,It's just incredibly cringeworthy 'I can't accept anything that's not logically comprehensible'
fa09cb53,arent you suppose to study physics tf you doing writing hjoe bidden fanfic
d053e1b9,If wh and steam are the same
bfdf84c8,"what specifically, is your theory?"
e1688f3c,literally 1984 bro can't have shit anymore
f06d395c,I say with literally no basis on whether any of this shit makes any sense lol
d64c58dd,is jelly gonna be on an umi stream again
5b7aedab,warawa isn't just old-timey
13a6ed2b,oh my god i didnt know you were working on it  😭
87df89af,"I live for active debate, you're nowhere close to the chatters who've been weird about it"
7f5df344,you say this but makoto has a canon genderswap and estrogenated battler is very popular
47247786,That's ok. Plenty of people block me.
13a6ed2b,i am but i think i've fucked my sleep schedule in a way where theres no winning
fce5d05f,I WANT TO GO TO HINAMIZAWA
5dc7b18f,they'd look at Tartarus as filler
5dc7b18f,Hmmm how weeby are we for reading/watching all of One Piece?
df4aa97d,"As much as I love higu, the game makes it really hard to argue in its favor sometimes"
d64c58dd,Ok the final screen of umineko is that it fades to white
a5dedc72,no christmas spirit with this guy
87df89af,"Pentiment is surprisingly similar and, if anything, better"
fa09cb53,fear has been instilled in my mind
23f5bed1,I think it's just desensitization to anime tropes
e1688f3c,making new track on cubase right now
f06d395c,I should find all this later to listen to
fa09cb53,tbh dell sounds like the most generic pc brand ngl
505a43d8,i beleive thats why jojo's marbles ahve been split up
eaddc5d1,"the more i look at the OG sprites, the more i find myself convinced theyre just better"
e1688f3c,keyboard coming tonight 😎
29178c9d,umi 3 god the mansion scene with kyrie and rudolf is gonna be so peak
20bf120f,Loves steaming the Neko of the Umi
7e5b9ca6,they should just let you route choose at the end of white clouds
70cb8f0d,Larping as Eva if you think about it
e1688f3c,leaked login information
e1849ed8,And then THAT scene happened...
e43ba5b7,yeah some people have issues with that scene
d053e1b9,All I'll say is that if I were an anime character my nose would be bleeding.
17a6b71b,Lotta people don't like tubs because they're time inefficient
f06d395c,It's all a cycle. They all think they're in control
a997b01f,Just like how LambdaDelta is actually 900 years old so it's okay
e1688f3c,we do a little trolling
949814c4,is umineko today or sat?
ba52ee3b,do you complain when your boss gives you an order to beat batman
d0cb4aa9,I guess the real anime was inside all of us.
a997b01f,hbomberguy umineko is inevitable
0f04debb,good year for falling off cliffs it seemed
be8b0fcf,this is what he gets for nothing streaming Umineko right away 😤
bfa4eaa7,I did too when I first read
b34c2493,AAAAAA PACHINKO JUMPSCARE
fa09cb53,garage band also have a lot of feature
83cb2bb1,The dress showing her legs just looks bad yeah
fe851805,a couple tsumaris made it through
409aa8ed,its a beautiful series but its not for everyone
f06d395c,The Three Musketeers
e1849ed8,The theorizing for the 6 linked locked rooms is gonna be the entire stream isn't it
725720d2,Oh yeah that was funny
c3e052ec,ffs how many witches are there
73e128e5,it's fine it's just twitter warriors making a big deal out of it
fd46192f,EVA's laugh is amazing
f06d395c,I'm not sure I'm understanding what you're saying
e1688f3c,not even a food problem bro
8264f965,its because all her friends are couples
13a6ed2b,07th mod is piracy to me too
17ce7674,I kinda like Beato in the battler suit
d053e1b9,"Fragile, in other words, statue, great, vegetables, together"
eaddc5d1,"That's what I'm thinking too, yeah
I'd like to know more about them"
fa09cb53,virtually no change bro
d5284187,The origin and/or funding of Fukuin House has not been mentioned
0f04debb,going back to the callbacks to episode 2
b58b70f8,always fighting for my life with these streams cos i live on the other side of the world
683b95f7,"psy ops agent to get joe to hop off umineko, mods we need to kill this chatter"
e1688f3c,why the hæl bitches saying shat in the comments
fa09cb53,duh phantom assignment is probably the self dick aucking form
1fd2119c,How far can we stretch this Ice Person theory
17ce7674,but A) Beatrice was originally not a witch
441da1e5,Did anyone aside from the adult group go to the chapel in episode 3?
0fc6bdb1,and would she be wrong?
b58b70f8,why is there so many terms
f06d395c,Though it would be killer on the voice to read for an entire month 5 days a week
d25281cf,Dude! Way if they were in a comma 0_o
f06d395c,Did we get to The Line™️
b34c2493,my god he's taking so much space the spoiler blur isn't even doing anything
df4aa97d,that's how they get you
63518930,the anime just gets worse pacing wise afaik
fa09cb53,imagine unpluging your keyboard and mouse and plugging in another machine
637beb8b,the translation file has a different format
f06d395c,Yeah One Pace is one of the most popular projects of this type
e1688f3c,tung and me palying csgo unironically
70cb8f0d,I'm gonna post all JADS ones
162b34e4,basically anything in that Mouse pin
9bd10705,But 49.8843128181 is not 50
e1688f3c,or is it just that dog
df4aa97d,I need to boot up the game so i can remember my fave
ba52ee3b,you are all praying on my downfall
e1688f3c,nvm it's up here now
b58b70f8,this person also has a chiester cosplay
13a6ed2b,hm didnt think about that
e1688f3c,they have not seen the graph
e1688f3c,and probably never will
0c3a67d7,Kyries has been very consistent. Her fight in episode 6 is all over this
f06d395c,Also what is the damn order?
f06d395c,I need to go back and read that
49b618b9,HE'S GOING TO READ ONE PIECE
b9f82b61,explains so much actually
e1688f3c,don't like logic doe
250b0a9b,"I think Kinzo used the rich “i” there, as in he payed for it and did none of the labour"
409aa8ed,"in the last episodeo f homestuck gamzee lifts weights and becomes bara, be spoiler"
e1688f3c,this is output made from daily dietary intake processed and released through a biological pathway
3c6ae2a1,prerequisite: i have to like the characters
bfdf84c8,Chapter 2 of the book in ep 7
00d5165a,What's with sequels and it being 10x better
02ff68a1,I got gifted it by natalie during the winter marble race.
754e75ac,with the new one piece remake
fa09cb53,when he gets back in its already fucking lunch break
fa09cb53,woah thats huge (like my penus hehehe
a997b01f,But unlike you she's a sadist who like to torture people for her own pleaseure :)
e1688f3c,this shit looking real 👍
fa09cb53,"pulls out my freaking underwear no way... my 12 hours of gooning, all gone....."
f358d26a,Guess I'll tag that even tho it's like 2 streams behind
fa09cb53,then i would start to assume that youre a
7e16319d,this is literally the best part
20bf120f,And then she showed up
fa09cb53,but i have to take a shower first wait like 30 minutes
6cd41a0f,What games would rudolf play
250b0a9b,I felt this last stream was kinda boring
c11040f9,"“I can excuse mass murder, but I draw the line at child abuse” -Beatrice, 1986"
02ff68a1,Goes back to what he said about viewing things with love
db13175c,umi 4 Rosa's issue is BPD not Bipolar smh 
653b6fd3,"It just what followed was so much worse, that it made it look good in comparision"
fa09cb53,man be like “heaven have wifi 👍”
0c7d56d4,"Don't worry, I'm reading ToHeart2 rn.

Moe dating sim.
Can't get much more trashy than that."
23f5bed1,that could be interesting
b7287936,notice how battlers hair is RED
38ccd930,Shook hands with Shigeru Miyamoto
1fd2119c,"""The Goat and Krauss"" why did they repeat ""The Goat"" twice?"
fa09cb53,vietnamese people twitter
fe7bc02b,i will refrain then from posting any more of those
83cb2bb1,"Okay so maybe I can’t trust everything the story tells me, Beatrice is just fucking with me"
5b7aedab,"```ansi
[2;31mYou are incompetent![0mcacklecackle*
```"
a72309aa,It enables rng manipulation for speedrunners
daee0717,ya you are smart to be bothered by that i believe
5b5d9821,"Yeah of course you haven't killed us yet Aunt rosa, you only have 5 bullets"
da0c8d98,So I can read it instantly and click
6cd41a0f,Especially for a story as long as this
2e8f221e,I propose a mobile ad style several things on the stream at once
20bf120f,I just saw the chat melting down
a5dedc72,if i knew the reference I would be agreeing so hard rn
5dc7b18f,man I'm just rewatching that last stand Rosa had
5376ff2f,It's okay Battler-san! I've already drawn them as the virgin and you as the chad!
e1688f3c,boku no naka ni dare ga iru no....
d0d252d6,I can’t believe Joe who makes professional critiques is reading umineko and enjoying it
a4536011,u wont ever see a cliff this bad
02ff68a1,but yeah maybe it hasn't struck midnight for that yet
653b6fd3,Isn't the plot of yugioh something about the ultimate gamer living inside a necklace or something
fa09cb53,but was going to say
f06d395c,Yes I'm definitely not asking for lines to be removed
d2cbae83,But reducing the chance to actually completele zero seems not possible
70cb8f0d,"I don't care I'm changing the tomorrow category to Umineko, he said it"
d08f3d94,i think joe should use the super shitty machine translations ppl were using for the tsukihime remake
be8b0fcf,If joe drops Umineko I will drop joe 😤
7e5b9ca6,og yu gi oh is so goated
eaddc5d1,...can someone get me the sprites for shannon and kanon on their dates?
d053e1b9,How long has it been since the last one
acc72aa2,"""George why are you crying over furniture? We can buy more"""
9976f035,well its also because it feels like its not hitting joe as hard either
e1688f3c,walking to the grocery store
20bf120f,I feel as though Shannon dying really wasn't part of the plan in umi 1 though
76bf3cd7,"yeah afraid, hmm, yeah let's call it that"
e1688f3c,can i get a scholarship
ba52ee3b,One of the themes of umineko is greed i simply can't help it
0fc6bdb1,well at least it wasn't a piece making that balance for once
53a6e340,omg please post ur reactionsss
7e5b9ca6,why did you make her franziska von karma
02ff68a1,it is probably worse on its own though
24ea4ff4,it's time travel mechanics are better than most time travel fiction
b8eaf23d,if people are doing this make sure to at a mod btw
daee0717,Okay well I'm uncomfortable with it being on my character and i'm allowed to be tbh
b58b70f8,maybe subahibi gets better but i have no energy
53a6e340,rip kinzo you would’ve loved deranking on chess dot com
fa09cb53,wtf??? unrealistic edmund fix now!!!!!!
e1688f3c,protest tower defense
219c8209,"His name is makoto, popular boy"
d0d252d6,I don't think this behavior is good
b35e50e8,young genji is indeed very attractive I understand
d053e1b9,Actually true though
94b5b4c9,"now I need to brush up my fascist lore, so I can make more jokes here"
d14f2ac1,WHY IS UMINEKO LIKE THIS
60863448,I think if Ange never appears he still signs it
fa09cb53,just start chatting with them
3161237a,Kyrie still mentions being a mother in that episode when she talks to Rosa.
f06d395c,I think we're all trying to figure that one out too lol
02ff68a1,Maybe the Victorian child had an existence to be envied.
b4690dc2,I think chat should argue with him more
b4690dc2,it's like pact if pact was way better
fa09cb53,goddamn bro i have been holding in this shit to write this assignment for so long now
21853408,or just drop them altogether?
e1688f3c,how do you play it though??
5b7aedab,that doesn't really cover it either
29178c9d,remember when he said he was spending max 1 hour on this
72661a6c,umi 2 the payoff at the end of the episode goes crazy
eef09ada,That would check out
441da1e5,I remember Beatrice not being able to complete the sentence
441da1e5,"Since nobody will snail me, I’ll do it myself then"
72661a6c,"rosa if she was luigi ""nooo mariooooo"""
ba52ee3b,damn didn't even notice
a997b01f,Reminder the case worker is still there
a997b01f,(because I don't do player shit)
b9f82b61,do we know when stream starts?
b4690dc2,Even the steins gate anime takes a while for the shit to really hit the fan
f06d395c,This is the room that Eva and Hideyoshi were killed in all the way back in ep 1 right
f06d395c,Anyways let's move on
53a6e340,i haven’t finished the vod
d053e1b9,Is that even possible
f06d395c,"Why does the ""rational and evidence based"" have to fit what you think either is"
ba52ee3b,and i won't believe it
e1688f3c,wait so how is this different from a bank
fa09cb53,they wouldnt even let me play with bots
a14d6655,its not the best way to play
b34c2493,it's fine we have like 30 gifs for now
e1688f3c,what the hael it's still going up
6cd41a0f,Saturdays and Tuesday
1fd2119c,Theory: The seagulls had been eating the leftovers of Gohda's amazingly unique gourmet food
56d90223,I’m still so honestly shocked that when they found out it WAS letters they were like “LEO11”
29178c9d,"i forgot about that rapid fire bit at the end with the ""none were left alive"" its so peak"
c3e052ec,EASY MODE IS NOW SELECTABLE
eaddc5d1,"very fucked up parallels between this and the implications of what happened to the ""real"" beato"
7b01763e,as your master i order you to take this ring from me
e1688f3c,chinese computing???
daee0717,(you can think about it if you want though)
db13175c,Man he is so not dropping this
637beb8b,is it a sequel sequel or a prequel sequel
e1688f3c,what you mean skeleton doe
e1688f3c,gotta stop sending 3 at a time running out of pictures 😤😤
02ff68a1,i completely agree with joe
24ea4ff4,Except outright borrowed words ofc
0fc6bdb1,or the answer isnt the point
31108803,At dinner: 'Hi I'm Jessica and this is my boyfriend and this is my boyfriend's husband'
e1688f3c,you mean fpt vietnam??
e1688f3c,eminem won against ibs 🔥🔥
f466ee86,also its more fun to go BBEEEEAAAAAATTTTTOOOOORRRRIIIIIICCCHHHHEEEEE
e1688f3c,i got gay shit impact ad on youtubr
b4690dc2,spoilers for both too lol
d25281cf,truly we are in the good timeline since joe got to 1 (one) scene he liked on the leapyear stream
e1688f3c,sorry i mean verdadero
02ff68a1,"Nahhh, he'd not know it was election day, find out, and then just not bother"
c3e052ec,CHANDELIER KUN WOULD NEVER
5b7aedab,"lmao ""it's so repetetive"" YEAH AND YOUR ASS STILL DOESN'T KNOW WHAT A ""THEME"" IS"
056f5f8d,you just spoiled me cause you tagged it as Umi 4
0f04debb,hope you'll enjoy it :D
31108803,Erika was the Mary Sue in game 5 and as soon as battler becomes the GM she is most hated person ever
5b7aedab,i don't know what you've heard but broadly that's understandable
ea843b1e,is every pages like that?
31a02125,they're not [necessary] but they aren't out of place either
f06d395c,"I feel like Okarin didn't end up being a piece of shit, he just was that from the start"
13a6ed2b,when are we getting umineko fortnite collab
96c933b5,he should take a break between each answers arc episode and play a full game then
d0d252d6,I love reexperiencing umineko through someone else
ff63de9e,manga has upsides and downsides
0c427976,Def don't click on that lol
f06d395c,No worries. I'm sure another mod can pick up the slack on Saturdays
1fc172f8,At least not in the game proper iirc
9976f035,man i love this scene so much
e1688f3c,maybe it's because you made the song
02ff68a1,this is absolutely the end of the game board though.
f06d395c,I have a copy of Kafka on the Shore on my table right now
1fd2119c,Umineko brings out the doxxer in everyone for some reason
fa09cb53,the tree is obscured 😔
056f5f8d,(I want to try it regardless)
d64c58dd,The twin towers nanjo
ba52ee3b,umi 3 Whole ass world destroying magic battle going on rn and battler my goat still denies it
e1688f3c,if i can just spit words out i would havealready been done hours ago
7e6ebcab,is it silent hill 2 again
fa09cb53,well that minority is kind of overpopulated rn bro
f466ee86,ever heard of scp 3008?
41c534f8,she spun the chessboard on the nuke knew exactly where to place herself to survive
b8eaf23d,Correlation ≠ causation yes
6a72c052,Just so bulder can make his tea ?
b4690dc2,"I dont find it rushed, jarring, or forced, but a secret fourth thing"
49b618b9,tom doesn't a taste of my battler. my george is crazy
f358d26a,I’m referring to that anime with the eyepatch girl
0eccefda,you can make it happen
56d90223,It was 100% not the ep 2 one
84589370,HE'S INDIFFERENT ABOUT IT
fa09cb53,yeah bro gotta adjust it for accessibility
02ff68a1,something to hold on to.
d053e1b9,-# Common umipro win...
70cb8f0d,is this a browser issue again...
df4aa97d,spoiler thumbnails poping up on youre recommended
70cb8f0d,never forget that Raiden unironically did this in MGR
2d9323cd,"og Maria has waay different vibes, damn"
daee0717,i just don’t want to steal valor here
b9f82b61,quantum mechanics are not magic
6d468d99,god i can't wait for this episode's ???
e1688f3c,bitches blocked the custom exception 😔
e1688f3c,why don't they just do something like a property panel
5c345fff,embrace the anime logic
f06d395c,How has everyone suddenly watched Columbo lol. Is it having a resurgence
056f5f8d,i mean you dont need to tag everything
fa09cb53,tony zaret rabbit hole
7e5b9ca6,i still think it's so funny people think he's going to drop it over this line
219c8209,Kyrie 100% kills everyone who goes near him
73e128e5,how did they translate botsworth or whatever the fuck his name is saying han solo
b58b70f8,ohba must be fuming all the time
f06d395c,This looks like it'll be WAY shorter. That one was half that fucking ~~chapter~~ episode (Higu 8)
13a6ed2b,where his ass belongs 🙏
d053e1b9,ngl. Fox girls and boys are the best kind of non-full human anime characters
eef09ada,Hopefully the pacing on the rest of umi will improve
e1688f3c,already used retard 😤
e1688f3c,just discovered untouched coca cola in my backpack since about a month ago
73e128e5,"also joe has like done all of them, no?"
bfdf84c8,We don't know the first name
d64c58dd,is chiester in the game rabi ribi
d0cb4aa9,kind of a based choice
b4690dc2,are you there for like 2 hours or something??
e1688f3c,he won't tolerate piracy no more
df4aa97d,Krausses Balatro run RN
219c8209,"chatter is right
MULTIPLE PEOPLE KNEW?????????????"
fa09cb53,the only chance you can speak spanish and you chooses not to 😔
f06d395c,She's 18 12 years later
49b618b9,the gap between prose and characters talking is fucking wide as hell
87df89af,What bullshit are we going to get now
e1688f3c,:trolljeff::trolljeff::trolljeff::trolljeff:
ff63de9e,wait until you figure out battler is daisuke ono
048fc8de,actually changed my mind im literally top middle
ba999415,We love you in ReadingDen! That is why we rip on you all the time!
fa09cb53,shut the fuck up john!!!
725720d2,Yeah my parents are lawyers I didn’t have any of that cool shit
e1688f3c,move them to c drive
621bad4b,"""Are there any other keys?""
""No"""
7c7377ab,oh have yall read it?
b4690dc2,I think it’s just pregjoe
e1688f3c,play late all the time
d64c58dd,Better prose and way higher visible production value
fa09cb53,im not even using data rn its summer
fa09cb53,lecture must be boring ahh hell
d0d252d6,How the chess board has been flipped
7979ec9a,I though that was Epic
219c8209,"maybe she wasn't THAT bad but if we take all seen as truth that's yeah, tough"
17ce7674,"Yeah, I am currently also on: someone convinced to open it, killed them then hid"
441da1e5,"Smh, trying to take away Natsuhi’s only W"
e1688f3c,you gave lessons today?
5b7aedab,i'm trying i'm just run down after that poll earlier
b2620544,But it is not as fun
e1688f3c,you have to have a bait message
d64c58dd,The original VN OPs are better than the anime OP
d053e1b9,gravity was particularly strong this year
d053e1b9,There is fanart today yeah
20bf120f,I think it is probably a fair shout that Kanon thrust the hatchet into himself
e1688f3c,damn that joe biden 1111
ae10a8f4,Jelly screaming in your ear to lock in
e1688f3c,i accidentally printed out\
162b34e4,The Joe stream is only on 5/13 15 hours in 🥹
87df89af,"It's derived from the Latin beatrix, the feminine of beatus, meaning 'blessed one'"
5831cf1c,So do the other 4 unlock afterward or is it just another game he has to open up?
daee0717,sorry jerry i didnt mean to steal your spot
87df89af,Marriage sorciere???
e1688f3c,imagine elite 4 members of the snitching committee
e1688f3c,uncanny generator i told you about yesterday
0ef04394,give me the b's and ill be happy
fa09cb53,epic win for the reddit nation
ba52ee3b,I love bern's bowtie
19845065,ryukishi stangling the audience: SUBTEXT
409aa8ed,this is SUCh a battler thing to do
0eccefda,more of a umi full going into reading club and shitting on people who are blogging : /
2d9323cd,it was very specific too Imo
b2620544,"The more Joe went into it, the more I hope he is right. The implications are just too good."
e1688f3c,damn some bitch turned on my caps lock
f0578b25,man mouse's cackles are great tho
87df89af,Or rather it's a projection of the kind of ideal maid she wanted to strive towards
b34c2493,I can understand where people are coming from but I still heavily disagree
17ce7674,"Wait, wait, I just remembered"
5b7aedab,that's even more pitiably stupid than i'd imagined
c3e052ec,umi 2 it was so funny watching a fucking lightsaber just get superimposed on Kanon's sprite
fa09cb53,maybe just stole a font and use it for the logo 🧌
b35e50e8,what do you mean by games are fiction? like different meta layers?
d053e1b9,How did THIS turn into the pachinko art
056f5f8d,im not talking about kinzo specifically
56d90223,WHY IS THE DRAGON EVEN IN THE SCENE???? JUST FOR THE EFFECTS???
9031449f,"he just remembered magic isn't real, so none of that could've happened"
fa09cb53,penis ass head ass bruh
00d5165a,Purgatorio slice of life romance spin off vn with 8 wives
2f767d41,cus the anime is not good
ba52ee3b,they... have to had known... surely...
fa09cb53,highlight shader or smt
fa09cb53,"cout << ""braaaaaap"" << endl;"
b2620544,"I mean, you dont have to like good characters"
6cd41a0f,umifull your friend took the trans stuff like how beato took the stakes from battler for you lmao
56d90223,Will you watch the stream?
daee0717,my brother is in it!
c221bc92,the series needed SOMETHING
5831cf1c,"Sorry I didn't read this part actually, you mean theirs thoughts is the more important clue"
db13175c,who else rudolf ushiromiya transmasc headcanon
078a32ed,(Please don't post random unsourced fanarts)
fa09cb53,that tonight gonna a good night!!!
b4690dc2,"I think she's innocent, and even if she did a little murder that's fine"
f0578b25,"so thats like, a goat maybe? in disguise? can they do that?????"
23cb59d8,"For me, it kept getting better and the finale was peak"
bfa4eaa7,idk I've never played it 😭
30a0ff40,Cause all other people are on drugs
fe851805,She would have picked that option if she knew its intended purpose
b4690dc2,redditor is like the perfect replacement
94b5b4c9,and I'm willing to purge the necessary evil!
13a6ed2b,i think its fun to discuss this stuff but it would be insane if someone actually got mad over it
b4690dc2,she's already ~~walked him like a dog~~ that's basically a proposal
7979ec9a,"this is so peak actually, seeing joe this engaged is so good"
f06d395c,I really like the way the mechanics are explained and dealt with this way
db13175c,Krauss would play city skylines
72b922f5,saving the best for last
8f76cfa5,true that was unfair
83aa7c93,Okay so my theory stands for now until I think of an issue or disproved
13a6ed2b,"probably not, people just like imagining it"
13a6ed2b,rodney just go along with it shut up
ecf3ed35,Wait falzar got banned????
b58967ce,having every future spoiler-chat be opt in with a role would be (umi6) VERY GOOD
b4690dc2,location gimmies are the most toxic by far
ecece11b,Am I mobiled or is it untagged
8c33dd74,HES GOING TO BE SO FUCKING ANGRY
bfdf84c8,Can an Umichad pull up the episode word counts?
b4690dc2,I think I lost reimu though
73e128e5,i mean it's relative to the cast i suppose
f06d395c,There's some scenes that go on a bit too long I'll say
e1688f3c,what shit do you have to do
fa7275a3,I want to know what goes on inside her head
0eccefda,i dont know if battler is watching this as like a letsplay or what
83aa7c93,Like twin towers and goat fight
30a0ff40,dunno if so it went way over my head lmao
e1688f3c,you translating right now
1fd2119c,I hate how Jelly actually made him sound kind of cool
0eccefda,I got permanently banned for 10 minutes the other day
e1688f3c,my dentist is closed
f06d395c,It would still be a red but unsubstantiated
eaddc5d1,"Well yeah, don't we all?"
c5c6f49b,umineko is one slow cook
250b0a9b,You are taking events very literally for a story with an unreliable narrator
e1688f3c,this will be best beats of 2016
07e46c25,we need another beatrice to guest with mouse to even things out...
e1688f3c,i think i have alzgheimers
56d90223,“Yeah I won’t play around anymore!” Said for the 5th time
e1688f3c,actually that was 7th grade
e1688f3c,g. g.cg cggoooningrn!!!!!!111
ae10a8f4,"and end the stream with no progress, unironically I would think it would be a peak stream"
d053e1b9,I can't believe he loves umineko that much
b4690dc2,like our college uses canvas but this guy doesn't
e1688f3c,but i think you should just cut it before the last
e1688f3c,chinese guy in our team
fa09cb53,omg bro awesome feature
e1688f3c,or they did but i have not learned yet
cbee777f,"End of Episode 3, that's all I'll say"
8264f965,Battler is just straight Nagito
ff63de9e,a lil anime won't kill you
b4690dc2,I'm surprised tumblr is still kicking
7e5b9ca6,yeah i was gonna read the manga after i finished
c0bf1352,umi 3 full exactly how much of this is bullshit?
49b618b9,don't worry he said he's reading tomorrow
a5dedc72,erm more like nonalogue what the sigma
c73b2cb7,"Then, all of a sudden, RT wanted to stream with Joe?"
b58b70f8,i thought the stakes were all named beatrice
e1688f3c,ching chen china reddit assemble
ae10a8f4,so it would be a player
fa09cb53,how its different is the government works with da bank so they get le exemption society le trolled
73e128e5,about taking the bullet chambered by maria
6a9a4ab6,"I have a friend in that culture, it worries me sometimes"
fa09cb53,thers a spider on the bus
ae10a8f4,"tfw your father was so bad, just visitng him once a year makes the whole family get panic attacks"
b58b70f8,WE GOT THAT SCENE TODAY TOO?
e40b50a5,It was you who bought the Bloom into You marble?
219c8209,I impressed it wasn't battler who said barrels line
29178c9d,well whatever just screenshot it if you want
87df89af,Has anyone thought about looking behind it
21bd6810,Anne Frenchfry is such a good groove emote
b58b70f8,pushing the point closest to blackout is fun
f06d395c,Isn't Elden Ring published by Bandai Namco
b2620544,Oh I see. And in episode 8 we get the time egg and go to shiroya city. No wonder everyone hates it.
fa09cb53,vesticular blockage sequence engage
20bf120f,Can't enlighten us since you are umi4 😦
e1688f3c,pulling up to the hood with this everyone and their mothers be bowing down before me
0b843864,Like it's accurate but still
f06d395c,The Ange in the past might also be a future Ange after her investigation in 1998
16651f76,still have seen nothing yet 
0c247e09,Kinda surprising Kyrie just didn't try poisoning Battler as a baby
c73b2cb7,they should have given him more inventory slots or something
250b0a9b,Rosa’s tea party was so well written till Battler got up
219c8209,"I don't see how ""kanon wasn't actually at parlor"" is super unexpected in this context"
788e42ce,if not ill give ep1 a try after ciconia
7e5b9ca6,i mean 1 has a much smaller group of characters it focuses on
fa09cb53,the fed will never find out!!!!!
f06d395c,"Battler would totally fall for ""gullible written on the ceiling"""
20bf120f,Didn't feel very uminekoi
7e6f63ae,We'll see what joe says
162b34e4,He had his kids on Persona 3 we can't have cross promotion
7e92c265,I cried during last stream when battler cried and Maria comforted him
e1688f3c,it also turns into call of duty at the end
882bcc01,They even emulated that in the anime too
30a0ff40,Whose fursona is that
ff63de9e,She looks like she has a headache
7979ec9a,"no actual beliefs, okay"
20bf120f,you were quicker than me with that joke
fa09cb53,poor time management be like
e1688f3c,mike's not bald bro he's hard
7e5b9ca6,and they're on spotify
e1688f3c,guess which one is joe biden
e1688f3c,cover yourself in oil
76d9877b,🌂 THE MOST DOGSHIT ONE
0be52b7c,They could've been collateral damage
b58b70f8,i can kind of understand for emails cos sometimes you cant be assed to make it sound formal
d0d252d6,spoiler mark theories here btw
21bd6810,In title he's the same as Kumasawa
13a6ed2b,what if the plot twist is that she did
e1688f3c,when you stand too close to bitches oyu can't attack them
7829cb39,i just picked the design i like most tbh
7e5b9ca6,then get off it bro 😭
5b5d9821,I didn't read it after his first stream cause I thought it was like Tsukihime
f06d395c,What's this genre of music called
7979ec9a,look back should have won an oscar
02ff68a1,That beginning bit what Battler/Hachijo was really good
eef09ada,I don’t mean her i mean just in general
c0bf1352,umi 3 lucifer best stake
73e128e5,insane hater shit that's crazy
e1688f3c,yeah and the bits stay in your mouth
f06d395c,I think I've somewhat come around to this line of thinking at least with this episode
eaddc5d1,and the camera... is your eyes....
e1688f3c,you going to get that removed?
b7287936,This is probably a good idea
6cd41a0f,How far are you with umi3 lol you been there for quite a bit
b18daefb,you are on a level above even the golden witch
1fd2119c,She's so blushy crushy
87df89af,That's not what it is for me on twitch
b2620544,"She is not destroying ""the"" gameboard. She is destroying the happy gameboard"
fa09cb53,just wanted to film my nokia since its a nokia and you said to film the song out of the nokia
73e128e5,"or at least has absorbed enough cultural zeitgeist to understand ""joseph anderson terms"""
8264f965,literallt re?reading chapter 1 yeah they tell you all their ages at least FIVE TIMES EACH
5b7aedab,Touhou 67: Fresco of Sunshine Legend
b58b70f8,this is why the character work in umineko cannot exist without the mystery and vice versa
b478b463,"I can see joe making a ""It's MY turn to have the gun now"" joke"
7b01763e,manga is good in my opinion
fa09cb53,6 weeks presumeably 😎
1fd2119c,Shannon has logged on
409aa8ed,god bless america yall
b58b70f8,though ohba is a raging misogynist so
fa09cb53,clearly didnt even watch all the way through...
e43ba5b7,yeah silent hill doesn't present an issue
441da1e5,"i.e. if at least one interpretation is true, it's a valid red statement"
49b618b9,Then there are people who are too sensitive to criticism
60863448,people too focused on 'filler' in their weeb not-a-games instead of filling their wallet ☝️
e8ad9e34,"guilty gear fans not actually playing the game 

interesting"
fa09cb53,this painting must worth 2 kakarot
fa09cb53,gambling illegal doe
b58967ce,i guess it's jsut because umineko is so long and so spoiler-focused..?
ff63de9e,the rare sitbackandobservejo
d25281cf,Can’t wait for the new music whenever it appears. More peak for the masses
0fc6bdb1,(but not for pleasure's sake)
1fd2119c,Wasn't it Eva who mentions that?
7b564ea9,I feel like umi 5/6 The intellectual rapist will become a new version of the line
eaddc5d1,"So then, why write the messages? Why put them in bottles? Why send them at all?"
810fde7b,braun tube chan but she has gremlin chans driving her around
0b843864,A cheap trick to beat another cheap trick really
d053e1b9,These look more like torture devices
24ea4ff4,yeah there's a few hijab girls
219c8209,"Rn nothing, it's all lambda and bern :V"
1fd2119c,"Thet, is this how you heard Sakutaro?"
f06d395c,Maybe extra stream tax and I'm still assuming around 20 weeks
fa09cb53,shut the hell up!!!!!!!!!!!!
8264f965,you are stakes of hell JUST KILL THEM
17ce7674,"Ep 2 is brutal, yeah"
ba52ee3b,when i say my family is literally just the irl ushiromiyas
83cb2bb1,They’ve been killed in a different way
e1688f3c,why are you in a wheelchair?
b58b70f8,is so much funnier in english
5b7aedab,you're right and you should say it
8aca22aa,shes just like me fr
f06d395c,Ugh there was a point where this manga was peak
b9f82b61,what do you mean you learned that
e1688f3c,be much better if you fall asleep
07e46c25,kinzo is also one of the funniest umineko characters
f06d395c,It's been about love in general for a while now
5b7aedab,"> uuhuh h huuuuhh uhhhhhhhhhhh uuwououzuzeuwuzes
_Joe_"
d8b37c35,i didn't think of that....
e43ba5b7,My fave SubaHibi chapter was probably ch2 because it's just complete mystery with 0 sexual content.
fa09cb53,you going to a very manly man gym
60863448,but there are more misses than swings
f06d395c,Oh my god this dub sounds like some parody
8aca22aa,I mean those do tend to leave full lines up for longer than is prudent
fa09cb53,what you think about the transitions doe
e1688f3c,is actually a closet
73e128e5,cause that got solved too
b4690dc2,technically lin algebra is the last time you're expected to do calculations if you're in pure math
f06d395c,I definitely bought it because of these streams and will read Higu
f06d395c,There's too many coruposts
f06d395c,Ep 2 had the Kanon halo sword fight
621bad4b,"well, do they? they killed them"
56d90223,Idk who will do it but I want to be @ for chapter 11
94b5b4c9,Agatha Christie books kinda remind me of Ryukishi07
e1688f3c,for gamers by gamers
fce5d05f,Gets good at door 2 (I don't like 3) and they are only like 3 hours a door
fa09cb53,render texture is kind of awesome
0be52b7c,"As a character,yes 
His writing is 👌"
f06d395c,It's so weird the direction everything is taking
7e5b9ca6,why would he be doing this if he didn't care 😭
fa09cb53,and on my fucking birthday
76f65394,Ohhh this one was kinda annoying in the 7th mod with how it was different from the Japanese
8e4a44e5,"stream chat, so even in spoiler tags"
fa09cb53,i hate when the pregnant woman put straw in her mouth
fa09cb53,grande en caso afirmativo
f358d26a,Like Will’s whole purpose was to destroy all the illusions no?
d053e1b9,Idk if it has a windows version
cbee777f,"I mean, you could just close your eyes when the OP is playing"
87df89af,But why make them goats specifically. Just filling in the diabolical aesthetic?
1fd2119c,I'm supposed to valle this image
b088e603,you know what must be done
87df89af,Just look at every fucking American sitcom. To me that's basically the equivalent of trash anime
85e13898,I love umineko because it let's me forget about dumb childhood trauma and high school bullying
75a04ee5,Also do theories need to be spoiler tagged
72b922f5,wtf is this game dude
eef09ada,A mode to skip through scenes
d0d252d6,It’s kinda slow and has a lot of cliffs
b8097e51,Umineko is just a twilight prequel
6cd41a0f,Natushi plays sims and animal crossing for sure
e1688f3c,only woman can get womansions???
b9f82b61,"oh my god, will episode 5 be my favorite answers arc episode??"
5b7aedab,careful chatter i can see belphegor's sideboob
1fc172f8,STUFF HIM IN A FURNACE
fa09cb53,also remembered when the computer science teacher in primary mentioned something about the model 😳
b9f82b61,jelly they saw both Kanon's and Shannon's body  seperately in ep3...
fa09cb53,anyways crab be crossing the road though
c5c6f49b,"damn, going metanarrative on the divine comedy reference"
02ff68a1,"Reading club is for personal blogs, here is for stream-up-to-date stuff"
aeda0791,Reminded that I did a paper on Umineko in college
17ce7674,I think that magic exists in some ways
13a6ed2b,i think his bio says he's more powerful than beatrice in certain aspects
da0c8d98,"They’re wrong of course, it’s obviously called Anti-Rosa"
0be52b7c,"I was there too, the chat spamming o7, it was a good day"
13a6ed2b,"its an option, it cannot be a downside if it's an option"
13a6ed2b,mobile hotspot stream when?
505a43d8,then she goes to beato in her mind palace and asks beato to teach her how to kill people and shit
fa09cb53,the synthesizer made that noise
e1688f3c,holy shit they lowered the resolution!!!
d053e1b9,I just started final lineart
bfdf84c8,Oh this is going to be peak
621bad4b,that either a queen or both sides have lost their queens and one bishop each
e1688f3c,transition metal reference?
ecece11b,Whenever the what now
409aa8ed,which i kind of hold close to my heart ngl
f06d395c,There was a Twin Peaks based ad for some coffee or something a long time ago it's really funny
60863448,there is a disappointing lack of chiester 410/45 yuri in the world 😞
621bad4b,even though they were for the two that were close one
219c8209,I completely get joe
b478b463,too busy intuiting the mechanics of the death note
29178c9d,a giant trampoline park
c7120964,What are these takes holy shiet.
47247786,Beatrice has officially dropped Umineko.
fa09cb53,at thispoint if bro aint upload i might
29178c9d,"umi 4 look ange was still 3 years off 9/11, we're good"
e1688f3c,i will think about 👍
b4690dc2,I heard it added a new magic school that everyone hates
fa09cb53,which version is that
f06d395c,If it's actually all holograms I will scream
d2cbae83,I was thinking with Natsuhi episode 1
eaddc5d1,"It's not bad by any means, but it's certainly not peak fiction"
e1688f3c,don't give up on your dreams bro
d053e1b9,She hasn't been patched yet
e1688f3c,to see if my order registered
b4690dc2,I wrote rean as an alpha so
fce5d05f,I'm not going AH PORN OH GOD its more of a boring thing like this doesn't need to be here
e1688f3c,don't count if i look away
bfdf84c8,I really like Tatarigoroshi
1dde7edb,"it was the ""ever dream this man"" man"
e1688f3c,where's the open world?
fa09cb53,fucking innovative as fuck
70cb8f0d,Rudolf would love Reddit
ba52ee3b,honestly playing umineko on april fools is lowkey a goated idea with the lies and illusions theme
a997b01f,Crazy that nobody has realised yet that the solution is that [RECORDS EXPUNGED]
b58b70f8,"but i kinda feel that, ive only really been watching Ave Mujica weekly"
87df89af,It's one of those series that's pretty cool conceptually but kinda mid
bfa4eaa7,im jealous of genji too
17ce7674,"Well, I am leaving this spoiler mind field before I clink on anything"
56d90223,Please say 2 George so I won’t be right
fa09cb53,lars ulrich classic moments
94b5b4c9,Besides the maria's jaw
ba999415,My goal is to finsih Ep1 before the next stream so I can fully join the chat
53a6e340,you were being really obnoxious lmao
d64c58dd,god umi3 is so fucking good
d053e1b9,Is this story spoilers or does it not matter if I find out what it is
60863448,"in other words (tsumari), battler is a bad writer and beato is a good writer"
db13175c,shit. i gotta go get pizza then
e1688f3c,yo if the pinis is long enough can you penetrate both
8441b39f,"If they presented it as 4 episodes, I'd be tricked, yeah"
94b5b4c9,stakes I think are just stakes
fa09cb53,get this man a bitches
51a6abb9,oops beatrice = X marias stacked theory confirmed
bfa4eaa7,"yeah I'm still gonna read it, it's not a major spoiler lmao"
5b7aedab,she's been hurt but is ardently refusing to leak that onto battler
b2620544,"""It's better done alone"""
bfdf84c8,Why doesn't battler turn on spectator mode smh
fa09cb53,holy shit turkey forming united middle east !!!
e01533e7,I don't Joe can fix this one.
fa09cb53,sexual assault allegations
b2620544,I wouldn't know how Hachiyo would know stuff Sayo didn't
f06d395c,I suppose this kind of explains why Genji is as devoted as he is
f06d395c,Can't believe the power of hype and aura... does this mean I have to enjoy Solo Levelling now?
7979ec9a,Umi chads keep winning
5b7aedab,the enemy of my enemy is my ꜰʀɪᴇɴᴅ
f06d395c,Also since it's literally all reading and absorbing this metric would be the most subjective
409aa8ed,which means he is a man of the people
ecf3ed35,Still pretty bad for a two hour game that has one mission
250b0a9b,Pocket dimension Battler is arguing that reality Battler isnt experiencing magic
ba52ee3b,i guess i'll need to rewatch the first stream
f06d395c,I guess I'd also experienced Danganronpa through the streams?
00d5165a,Prediction for most cream moment in today's stream?
754e75ac,BG3 gonna blow Joe's pants away
62c1fbf7,Seizure warning: fascists killing each other
7979ec9a,you mean happy ending?
e1688f3c,crabzilla isn;t real bro
e1688f3c,woah he sure did write a lot of book
fa09cb53,studying accounting for le mock exam next week doe
e1688f3c,going to download and watch on the bus
e1688f3c,Kids these days :-( :-( :-( :-(
87df89af,"Krak was right on the money with Lion, she's definitely this what-if for Sayo being in the family"
621bad4b,"it's the colour of out of date mayonnaise
truly, the Georgest hue"
f06d395c,I think I'd trust the writing to not betray that expectation (that the red truths are reliable)
71084104,LMAOOOOOOOOOOOOOOOOOOOOOOO
96bf8c05,I think she's got a much more personal grudge towards Battler
fa09cb53,throwaway password vro
e1688f3c,before the drums though sounds like you just added a bunch of stuff on top of the main melody
94aea54b,"someday, this will replace the version on steam. if there's a god in this world, please"
72661a6c,we already knew what her job was
d0d252d6,i feel so embarrassed being an umi fan
20bf120f,~~Wonder when we will get a Dante~~
02ff68a1,I was thinking more about her last testament being overshadowed by all that came after
bfa4eaa7,your profile wasnt loading for me
7e5b9ca6,every episode george gets a little more backbone
ea843b1e,people think that beatrice is a witch when if fact she's a umi 4 demonic superior druid.
fce5d05f,The pacing is godawful in parts
f06d395c,Struggling to hold the weight of Nanjo in the scene. Such is his power
549f4fe0,how do you even see the stream title
83cb2bb1,"EVERYTHIGN, it feels like Beatrice is just making up bullshit left and right at this point"
fa09cb53,we going to the beach too but probably different
f06d395c,In terms of literature
f0578b25,cooking their brains more like
409aa8ed,mouse attains a level of mystery akin to a witch of origins
e1688f3c,por favor no beat yo up
daee0717,YOU CAMPAIGNED FOR IT?
77ee69dd,But umipro seems better specially knowing you can replace the console opening with the original
29178c9d,April fools hes skipping to episode 5
e1688f3c,which means that there is a possibility that
d053e1b9,I actually don't know if that's how this is being used here
fa09cb53,gotta go cut my hair soon doe
0f04debb,i took it as beatrice putting a bit too much faith in battler to solve the mystery
ff63de9e,"""that impact... it must be a genshin!"""
17ce7674,I am pretty sure we had something like that
0fc6bdb1,i think thats a bit reductive
e1688f3c,when the wood is laced
c73b2cb7,bro is shitting blood
20bf120f,I feel like this one is more red in the head section than the other one
fd46192f,chatter said silent hill F (fragment)
b9f82b61,it's the 3 emojis my discord suggests so yea
6cd41a0f,Thats actually kinda cool lol
aa8f5f2f,better mystery than umineko is highbar
20bf120f,Where you need to use priests
eaddc5d1,"Let me see his fucking license, that boy doesn't know shit"
eaddc5d1,oh man i need to lie down
d0d252d6,That candy scene with hideyoshi was so good
fa09cb53,yeah i think this lore inaccurate
fa09cb53,yeah but i mean the segment of gameplay
fa09cb53,i was looking at 3ds roms i swear 😭 😭 😭
e1688f3c,that's the point of a color palette doe
60863448,"I'm an umifull chatter, of course I hate Umineko"
d053e1b9,What like two factions of witches fighting against each other?
64d27f02,"i look at it more as a way of saying ""this isn't always relevant or the best way of solving things"""
f06d395c,Yeah this whole thing is really funny but also pretty damn interesting IMO
3635ecbf,"maybe we should ban the word ""cliff"" in chat"
505a43d8,(doing things properly is not engaging with crypto)
250b0a9b,How did she order dominos if the phone lines are out. Magic confirmed
87df89af,There is some Virgin Mary symbolism with Maria somewhere there
d64c58dd,BATTLER YOU FUCK FIGURE IT OUT DUMBASS
b9f82b61,damn the VN called him scum
bef31d57,X users do not pretend to be intellectual trust me
e1688f3c,no phases 2 3 and 5 but there isa phase 6
0ef04394,"my god, BEATRICE IS LEON"
6a72c052,remind me what was the number ?
29178c9d,"whole thing is ruined, restart from episode 1"
72661a6c,can you nanjoify me pls
b4e1f40d,nah Higu actually starts on a cool scene
29178c9d,"umi 2 oh god the ""nothing personal kid"" teleport is about to happen"
b4690dc2,"you could construct a 3d model, overlay it onto her sprite, and then measure it"
f06d395c,Oh my god the more I think about it the more I'm in love with my theory
02ff68a1,And we might get to choose
51a6abb9,oh we're in the middle
20bf120f,That was a whole thing
754e75ac,why is Beatrice all legs
6cd41a0f,Americans are fucking assholes so we don’t have that
94b5b4c9,to fake that witch is real
13a6ed2b,i wanna see if the MG TL file for umipro was cleaned up at all
d54830ca,Look at what this VN is making you say
d08f3d94,i hope the author has an SAO moment and decides to hone his craft instead of being Mid forever
f06d395c,I mean I feel like this place is good about not spoiling but can't be sure
db13175c,so you'll still have your tsumaris dont worry
ff63de9e,the remix does go hard
b4690dc2,"I’m gonna go read it again I guess, im just not at my pc"
409aa8ed,Yakusoku playing in the background
24ea4ff4,I feel the most validated I've ever been in my life
29178c9d,i was channeling epic
e1688f3c,it hurts to laugh 😩😩😩😩
13a6ed2b,"it's so haunting, i love it"
8f76cfa5,is it ever explained
0f04debb,i'll need to rewatch this part of the vod later bc i am completely missing joe's speculations 😭
b58b70f8,he needs somebody else to handle the business side lol
76d9877b,🌂 you can do the last two at once btw!
e1688f3c,:racial_slur_directed_towards_black_people:
e1688f3c,how's the game though
24ea4ff4,its been years since I watched konosuba
e992b791,Wait joe has a gf? But aint he a weeb?
ba52ee3b,alright got back to my pc you joking clowns are done for
1fd2119c,No... This page 'exists'... Because I LOVE this joke...
1fd2119c,He said like 25% through Umi 4
73e128e5,"jelly was here in chat yelling ""NOOOOO DON'T BELIEVE HER"""
73e128e5,we only powerscale if it's funny. george ushiromiya is the only umi char we powerscale
f06d395c,I think Beatrice/Shannon wasn't actually expecting Battler back
250b0a9b,Why does the groomer get 2pages but Jessica only 1
0f04debb,i have like..... 3 chapters left of umineko
13a6ed2b,no you're supposed to fold it up and put it in your lap while you take a shit i guess
20bf120f,I enjoy that as well
725720d2,Hit with the trvth nvke
fa09cb53,yeah probably have to get a mini hdmi cable too
7e5b9ca6,my class is weirdly well adjusted
e1688f3c,only mommy i accept is momoka sorry brody
e1688f3c,scholarship money bro
e1688f3c,but you still lied about black ops 2 not being real though 😤😤
e1688f3c,plot was going to be
5b7aedab,This is the story of a man named 右代宮 戦人. Can you read it?
ff63de9e,Its not intended to be serious at all
60a3779e,Episode 1-4 had 26 episodes. It needed at least double that. Similar for answer arcs
f06d395c,At least from what I remember
b4e1f40d,Coru please let's not bring tulpa yap to stream we will never get past episode 4
13a6ed2b,woah new fata morgana pfp
fa09cb53,also discord be changing my discord sharing location
d053e1b9,ITS RONALD MCDONALD THE RED AND YELLOW
90feb6fc,"Umifullers have all passed on to the golden land. They don't need to chat anymore, they're free"
ff63de9e,i was at the exact same point you are when i read umineko you know
e1688f3c,black people be like :niggafish:
e967d591,"of course, its too good to keep up for long"
fa09cb53,can you do that idk how
eaddc5d1,jokes aside i do see why im compared to him
e1688f3c,i throw my telescope in the air sometimes
fa09cb53,making a vietnamese version
a5dedc72,man new golden idol dlc is tomorrow night
fa09cb53,use the search function
441da1e5,I recommend spoilering this
fa09cb53,cant believe there no racism symbol yet
d64c58dd,Someone made this one yesterday
162b34e4,Glorp of the golden witch
60a3779e,You HAVENT finished 3?
59aef750,but thats not saying much
f06d395c,But yeah Detective School Q is very good. I recommend
bfdf84c8,It has that specific type of cringe comedy that just gets on my nerves
f06d395c,It's thematically so consistent but the pacing has been more than a little off
d0fb1a3c,medaka box my beloved
bfdf84c8,Big  Rika Furude  vibes (higufull)
0b843864,Rudolf is fucking Lex Luthor bro
c5c6f49b,what am I looking at
e949382e,god the last stream was so peak
daee0717,she’s perfect no matter where her eyes are
b58b70f8,thats pretty much it
f06d395c,I mean I have both Questions and Answers arcs installed on my system with the 07th mod already
eaddc5d1,If so then Beatrice is literally just eating chess pieces
1fd2119c,Thought the test was delivered to Epic for a second
e329c772,thats why i said a little bit
23cb59d8,Damn. Is that a death sentence?
fa09cb53,the synth less loud now
dfbdeb12,that's funny in context of higurashi
e1849ed8,Why would you try to make me drop umineko like this
b621b1a2,its a tsun vs tsun standoff
5dc7b18f,brother is playing Umineko on Roblox????
96c933b5,this is literally what happened
13a6ed2b,chat stop making cyan horny
eef09ada,And we see characters names change in the vn
e1688f3c,ayo liberal you gaming
f06d395c,Embellished to a degree
f358d26a,They’re prolly good for second monitor
94b5b4c9,"So what we established in the last days, it's either dogs, or explosion. OR EXPLODING DOGS"
fa09cb53,if you dont have enough at the end of the last year you cant graduate
13a6ed2b,"i played the original, still need to play the steam release for the 2nd half"
ecece11b,What if his name was chinzo but it was still pronounced the same how would this change umineko?
bfdf84c8,Shouldn't be any worse than classic SH puzzles
0f04debb,he's on the same wavelength i was 😌
fd46192f,this is the kinda meta thinking i love
17ce7674,Thats actually a fantastic quote
505a43d8,the bg3 streams wll be shorter because he'll drop the game in 3 streams
3c6ae2a1,it's because of no media literacy
bfdf84c8,Erika is a great character
250b0a9b,I find the chaos to funny to sort it
d0d252d6,im getting ready to go to the library
162b34e4,Only slightly more streams then a Persona game
20bf120f,She might have just become the witch at that point
e967d591,MORE THAN ANYTHING ELSE
e1688f3c,are you talented? ? ? ? ? ?
db13175c,that was a non-tsumari in other words
dfbdeb12,playing among us and proclaiming every round that she's a killer
b4690dc2,nah it's not like programming is even 1% of what I do in a given school day
f06d395c,I thought Eva also went to Taiwan?
b8c9a0b4,this is painfully common knowledge in the world of investing
fa09cb53,expensive taste the same!!!!
87df89af,It would go to like a 5/10
b2620544,Does that mean if Battler becomes competetent she retroactively gags
409aa8ed,yes.....i SHOULD hate people! (proceeds to go down a bad rabbit hole)
ff63de9e,i mean if its actually as good of an rpg as people say it is it prolly deserves the spot
e1688f3c,like the disney channel flow
d64c58dd,lambdadelta airlines
bfa4eaa7,sorry I haven't read twilight since I was like 12
f06d395c,The P4 abridged is so good
17ce7674,is it 1 episode 1 play?
0f04debb,bc judging from kinzo getting mad at maria's name suggests that he does decide a little on the names
17ce7674,I have never seen anything on the internet that didn't have at least one serious weirdo involved
fd46192f,"sounded like that to me too, but we can't trust sudio and visuals since they are not original right?"
e1688f3c,or you can use a midi input
fa09cb53,this a complicated ass dentist place
70cb8f0d,the only one in Umineko is kinda psychotic
441da1e5,"Oh wait, nvm, read your message the wrong way"
ecf3ed35,Would rather him saying “im gonna goon you to death beatricheeeeeeeeeeeeeee”
b8eaf23d,at least make it the stage play watchalong
b34c2493,"also these witches are fickle and so are children, so those designs make sense to me"
015b370b,He is objectively incompetent
219c8209,~~look at fox news~~
73e128e5,only noticed once the filming cast saw him trailing blood around
db13175c,i dont get it at all sorry
fa09cb53,erm actually eating at 5 30
02ff68a1,"True, and with reader response theory it goes from 70 to 100%"
83aa7c93,They can't do anything bout insults
b4690dc2,see if any of them say it
c221bc92,yeah reads way more lame
219c8209,I really don't like that so far Kinzo was almost minor actor
31a02125,that's like 1 guy in one of 3 stories that set up the main plot
29178c9d,when is the nanjo focused episode
5b7aedab,eva would cooperate on the prisoner's dilemma and then mug you in an alley after you got out
aeda0791,Leotard thingy…. Forgive me m forgetting the word
409aa8ed,i want to close the holes in his socks
df4aa97d,"Presuming the gold is even actually real, literal gold"
fa7275a3,It's pronounced may rio
409aa8ed,if joe plays balan wonderworld he'll have a heart attack
d053e1b9,"if you flip a coin 2,578,917 times..."
17ce7674,"Ike, if it's real, I hate it so, so much."
e1688f3c,100% recommend over ti84
13a6ed2b,ryukishi didnt fully do the ciconia sprites alone
930f6b07,Unless the bad reputation that it has is a joke that I'm not understanding
29178c9d,i love how she does the stupid shocked face when she says you are incompetent specifically
1ccf6c00,Magic deniers when episdoe 5 shows nothing but magic:
20bf120f,Rivulet into pebbles was quite the experience
250b0a9b,Who wins Goku or Kinzo with prep time
bfa4eaa7,barely even recognizable
fa09cb53,we making out of hood cuh!!!
d053e1b9,HOW LONG WERE YOU READING
fa09cb53,try to come up with a chord progression instead
17a6b71b,Wait is Dlanor's arm guard supposed to be a chess piece
e1688f3c,unless you bitcoin mining while rendering it should be fine
0f04debb,AH OKAY SHE IS FROM UMINEKO
d0d252d6,End on the third steins gate stream
83cb2bb1,"Watching the VOD, you love to watch George lose"
20bf120f,I love classing my mates
84589370,Harpsichordist going fucking nuts
219c8209,"Eva is genuenly a good person according to her husband, she just hates family for instance"
e1688f3c,turned out i didn't really need transparency
19845065,does this mean the food is poisoned
1a0cc9d8,Persona is like marmite spread
d54830ca,We had a good run chat
84589370,He would NEVER do this
fa09cb53,it can install without admin privelege
e1849ed8,this is the first time I'm hearing Joe dislike a high school setting
f06d395c,Yes. And episode 2 had one gun that sort of got passed around
fa09cb53,morbese culture appropriation 🥶
8264f965,It links to my rt again
5b7aedab,fave zts track so far?
f06d395c,As in came with the Roottrees purchase and not as a separate DLC
fa09cb53,erm shit old as hell...
d053e1b9,I purge my umineko history regularly to prevent spoilers
5b7aedab,-# we need multple names _because_ we have too much brain energy
219c8209,Oh wait he is on our side
fa09cb53,alternate universe when the kenedys survive
20bf120f,She should bestow 4 treasures
7e5b9ca6,"umi7 we already learned that beato is italian, but still on the kinzo backstory stuff"
b58b70f8,and they sometines make you do two of them in a day
fa09cb53,now idk how to improve on it 😔
db13175c,its a very Polish thing to do
30a0ff40,thankfully not much screentime for them so far
f466ee86,WITCHES DID 9/11 umi 3
29178c9d,this always makes me think of genji for no reason
f06d395c,No worries. Found the bit
c221bc92,"i’ve been waiting for it since episode 1, just surprised ryukishi waited this long"
00d5165a,It's not bad sometimes it's mid
e1688f3c,you when inside bathroom
94b5b4c9,Or if they happen at all
e1688f3c,you could just talk normally though
8441b39f,She does seem to care about everyone
f06d395c,Took me 12 hours but I read fast
20bf120f,Maybe it's my headphones
02ff68a1,how can you hope to do a 3 hour theorizing stream with joe if you can't remember every minor detail?
0b843864,Let it go and move on Joji
ff63de9e,maybe stake chans are all just beautiful ice sculptures made by the culprit who LOVES ice sculpting?
fa09cb53,but is disintergrating
d053e1b9,I'm going to get bloom into you on blu ray here in a bit I think
6cd41a0f,It took me 3 months to beat p5 lmao
5dc7b18f,"Hmmm, what would Battler do if he was in Ange's situation?🤔"
c73b2cb7,This was the cliff all along...
1fc172f8,Has he even read new testament apocrypha yet? What a buffoon
7e5b9ca6,this is a CRAZY way to get spoiled lmao
7979ec9a,joe gets annoyed so easily man
e1688f3c,and secondly people can just post games they've worked on since forever
505a43d8,treaded into it even
409aa8ed,GHOOOOOOOOOOOOOOHDAAAAAAAAAAAAAAAAAAAAAA
409aa8ed,"just finished kh1 again after years, i liked it but man the camera is abysmal"
f06d395c,Also pretty sure it was a spoiler
87df89af,I'm sure Dante would have known him as St Bernard. Not sure when the 'of Clairvaux' moniker comes
b4e1f40d,gonna be done in spring
bfa4eaa7,would be funny as fuck ngl
ae10a8f4,yeah wasn't it the dm'd spoilers that screwed him hard
cb0e9e65,Kyrie really walks around with a “kill me” sticky note on her back
f06d395c,It's better for me. Streams used to get a bit late but it'll be perfect now
6cd41a0f,So another umiden basically cause thats all it would be
8248ef7e,Higurashi Chapter 6 remains my favorite piece of fiction ever written
d053e1b9,That clip is hilarious
14b12b71,In the EP 5 kind of sense when Lambda asked for more proof alongside his red truth
df4aa97d,if you believe Bern and Beato
fd46192f,took him this long to get it
e1688f3c,for when the main melody starts on the second beat
e1688f3c,michaelsoft binbows update
b8eaf23d,but even that is a bit skewed since theres people at different spots in the story
fa09cb53,and the trollface reappeared
7f5df344,wake me up when we debate rosa
fa09cb53,bro paying 9k a month to suck university dick
e1688f3c,here's a rendered version
3161237a,All roads lead to 3h discourse
fa09cb53,yes bro typing with one hand rn
ba52ee3b,i am unironically very entertained by this  this feels like simple fun
505a43d8,im pretty sure i pulled some 16 hour reading days when i read worm a year or two ago
e1688f3c,god zamn!!!! was playing persona q2 got softlocked can't play on the steam deck anymore 😔
fa09cb53,but the music is something else
5b7aedab,studying epic probably needs serious qualifications
73e128e5,yeah you can get hella spoiled by thumbnails
e1688f3c,lost yo mama episode
17ce7674,he isnt as charming as rudolf as smart as Eva or as cunning as Rosa
ff63de9e,im gonna repeat this forever
e1688f3c,nah bro more like cod zombies
e1688f3c,i have to address something
ecf3ed35,"In other words, Magic isn’t real"
fce5d05f,The payoff for the slow parts in 4 is so worth it
7586ad7c,Sure sounds like one
048fc8de,actually true Firepunch too tatsuki fujimoto my GOAT
07e46c25,mouse do YOU like the bunnygirls
8248ef7e,"a lot, if you did a volume (10+ chapters) per day it would still take over three months"
17ce7674,I just got the Light saber fight  and I just had to talk to someone about it
e1688f3c,"only source i need is  (god, the beginning of time)"
b8eaf23d,he said it would either be a poll or mouse just decides as the umineko leader
07e46c25,i think so.........?
6b890d58,browser. I don't read chat in the obs window. It's too small anyway
162b34e4,I need more time!! 😭
f06d395c,Now THIS part I unironically like
fa09cb53,ok it does kinda look ominous
f06d395c,It's not bad but it's worse than S1
13a6ed2b,"i heard that was the plan, anyways"
882bcc01,"Devil Battler vs Raven Beato

God I wish I can draw"
c3e052ec,wow we're just in it
1fd2119c,"Never stop thinking, Jelly"
fa09cb53,but the game is basically afk arena !!!
db13175c,it establishes their group dynamics and stuff
505a43d8,that one annoying person at the ttrpg hangout
f06d395c,I think they could. The final chapters in most Agatha Christie novels aren't that long
b58967ce,not even a super popular voice actor either. but i sensed kinzo
a997b01f,"Ryukishi after writing 3 episodes of feminist literature: I deserve a little sideboob, as a treat"
b4690dc2,I guarantee you won't get what it means but I also wanna see you guess
eef09ada,Hopefully i like 8s manga more then
e1688f3c,damn bro my twitter changed
162b34e4,Where is Nanjo right now
daee0717,JASB has a separate set of monocoins
20bf120f,Which would have been cool
89d41233,He needs to sit alone to mull over the cliffy parts of the VN
c859c264,"it was said in red battler's incompetent, so nuh uh, actually"
0b843864,Gimme a couple minutes to think because I really like this
e1688f3c,second one wasn't as funny
b58b70f8,wish i could go to the umi full spoilers chat but im not finished yet
7f542ba6,music hits different when it plays during peak
fa09cb53,sorry brotha not becoming a reddit mod
17ce7674,I guess its about storytelling?
a997b01f,outplayed without gameplay
d25281cf,And it’s not even close imo
eaddc5d1,How the hell is that gonna play out
d25281cf,Your brother is wrong
b58b70f8,thats one important detail i should not have forgotten
048fc8de,"This is real with public transport only though public transport, Japan is the greatest shit ever"
b9f82b61,"i swear to dog if they say ""love is the single element"" one more time"
94b5b4c9,It would be too easy to have more than 18 I think
e1688f3c,so they can get more votes 😠😠😠:Angry:
0eccefda,"yes, but it has already changed"
6d468d99,did anyone use to read hanayume stuff? that was my shit back in the day
56d90223,I wanna make red truth chan but idk if I should
5dc7b18f,He's just using his anti-magic form that was established in Episode 3
e1688f3c,and when it came that part also sounded like ass
daee0717,umi pro is translated By russians so it’s probably the best you’re going to get
fa09cb53,me when the shit curve interact with the piss curve to create the equilibrium cum
b58b70f8,maybe starting like 5 jrpgs at the same time isnt the best though LOL
754e75ac,I can't wait to lose it!!
e1688f3c,also wtf is your discord mobile ui different
c73b2cb7,What is George a product of?
60a3779e,When was this in the VOD?
0ef04394,(it accentuates his chest hair)
d053e1b9,I think I might read through the manga instead to catch some ground
0395bfca,Still unless he drops it im not gonna read th vn
7e92c265,FIENDING to play some under night right now
56d90223,My next art idea is pure chaos
f06d395c,"Without love, the truth cannot be seen 3+ times"
5c345fff,Irtakus LOVES rabi ribi
e1688f3c,other than that it's up to the player to get around the restrictions of the level design
d64c58dd,"and when the kids are away, all of kinzo's children take their Knives Out, if you will"
d37288cb,I knew a guy who was really into papi
d2cbae83,Canonical awful taste I suppose
76d9877b,🌂 i can go either way
b4e5f498,"Ahhh yeah that's understandable, I think I'm like that too kinda"
7e5b9ca6,i mean umi4 i knew about small bombs going in (idk why)
6a9a4ab6,How many levels on umineko are we
cbee777f,A random chatter just wandered onto the stream
47247786,Beatrice doesn't want Battler to hear Maria say she picked up an umbrella from the mansion.
a4536011,wish him luck cause that's an insane change of pace
20bf120f,"I think that can be extrapolated to most anime games, I feel"
eaddc5d1,"I think that's an extremely bad faith take, even if the line in question is abhorrent"
250b0a9b,It always goes back to math with magic
ff63de9e,Maria hitting the anki like a gymrat hits the weights
6cd41a0f,I think we know like 95% sure we know who your talking about
20bf120f,How is the dog theory getting an umi 3 end spoiler tagging
e1688f3c,no way extremely rare ore
d2cbae83,It is actually a nice little characterization moment I think
e1688f3c,damn bro it feels like something's always
51a6abb9,"but i might just read the logs up to where joe is now tbh, would that work?"
b9f82b61,there are too many people on umineko
056f5f8d,ok in the emote you can see the flower
b8c9a0b4,i like how this implicitly confirms to the reader that the red is reliable
fa09cb53,and its bullshit btw
84589370,Music went hard though
5c345fff,oh god it would be the “how does music have a beat” thing with chat giving 1000 wrong explanations
250b0a9b,"Natsuhi is trying her best, shes little inattentive of Jessica but is a nice person"
37f869c9,Maybe they’re employed
bfa4eaa7,nah chris pratt would make a killer (umi4) gaap
84589370,Shannon and Kanon being in the same scene complicates the theory that they're the same person
e1688f3c,i had no idea what hyperboles are until then!
d053e1b9,Couldn't figure out how to put it in quotes
49b618b9,We're back to full umi now?
17ce7674,"I mean, that is clearly the case,yes."
e967d591,after reading Umineko the only pleasures left in life
621bad4b,maybe kanon doesn't want to tell jessica his real name because it's really dumb
b088e603,You'll get em in the next chessboard boss
2f767d41,worldenddominator best track so far
f06d395c,She's mostly just severely confused
d053e1b9,Both of their hair is good
6a9a4ab6,Imagine trying to explain this to pre-umineko stream Joetomler
fa09cb53,that means we gotta make things more clear vro
f06d395c,It doesn't bother me as much that's it
409aa8ed,its genuinely so fucked up
e1688f3c,you are non believer
219c8209,"Dante???
Oh, the other one"
56d90223,Maybe it was Maria! /j
d64c58dd,I really do love the dynamic between battler and maria in this ep
b9f82b61,WAIT WHY THE FUCK IS THE SEAGULL THE STATE BIRD
505a43d8,is it shikashi or is it dakedo?
505a43d8,really hope beato isn't battlers aunt for this
e1688f3c,i still haven't figured out how to do spritesheets
d053e1b9,idk who that is but I want to meet her
8c2d3d2b,"""I hope they don't form a cliff"" foreshadowing is a literary device"
e1688f3c,sorry brody it is just what it is
eef09ada,I really doubt just umi bcs thats almost as long as wot and that seems super unlikely
87df89af,So many nothing characters
dfbdeb12,Right with the Certainty
e1688f3c,i'm logged into gmail right now
725720d2,I fucking forgot about that
eef09ada,Saying allowed to be wrong is kinda toxic ngl
5cd74cc2,The pizza delivery guy did it
db13175c,UP is such a huge improvement for me in regards to translating dialogue
b4690dc2,"He’s doing a lot more than 1 I think, we only finished fanart like an hour ago"
f12c8aac,higurashi gou/sotsu  yes 
409aa8ed,rosa should hire a live in nanny
fa09cb53,you when your mom holds a knife
1fd2119c,(for this server at least)
250b0a9b,Jelly morbs Kyrie and Joe morbs Battler
c73b2cb7,I really dislike some of the coloring on pachinko
bfa4eaa7,well. hidden insofar as it's not present on rokkenjima itself
8248ef7e,why would it? magic exists!
e1688f3c,my fate was sealed last august when i first joined the club
07e46c25,dropped the marble in the blanket fort
e1688f3c,back at cringe school 😩😩😩😩
ae10a8f4,Jelly is also Battler
f06d395c,Yes yes I get the point
fa09cb53,then you should check out boku no nightmare
ecf3ed35,Its fine oomfie it gets funnier each time
8c33dd74,oh god I laughed so hard I unplugged my power strip
048fc8de,"Discode slaps, but aside from Ricordando I think my fav credits theme is Active Pain from 3"
e1688f3c,now i'm on a goverment database 😔
505a43d8,"Battler and Jessica are 18, george is 23"
b9f82b61,it's so fucking good
b9f82b61,"no, but there are billions of people on the planet"
af26db04,it's true that this is a higher concentration of ppl being critical of it than i'm used to
cb0e9e65,they can't catch up to android in features and now have to half ass release everything
62c1fbf7,"I think the important question to ask is ""where was Nanjo on January 6th, 2021?"""
1dd860ce,I can see someone making a parody like that lmao
d64c58dd,they share characters and everything
bfa4eaa7,she has literally barely seen the world outside of the island
87df89af,Kinzo feels so much more like Dante
9d987774,yeah but as soon as a kid says anything abnormal she starts hitting them
9eb00d84,my nose starts bleeding
e1688f3c,anyways apparently there was a car crash yesterday's night at my front door
6a72c052,Probably doesn't help that a 'e' is a i in english
56d90223,DO I NEED TO SAY THE EVIL GEORGE THING
df4aa97d,For me it was reaction speed and composure
eef09ada,I just hope its better than loopers
d053e1b9,Umi pro has a low pass filter. It's the better version frfr
76bf3cd7,"sometimes it gets blocked, but it's super rare"
e1688f3c,shit is going down! 11
d8b37c35,umi4 the popcorn is ready
fa09cb53,or stay with microsoft edge 😳
fa09cb53,capture the flag game vro
fa09cb53,where you get 200gb of games???
17ce7674,isnt episode 3 older then that
da0c8d98,Tf is the context for this
53a6e340,smile i love umineko no naku koro ni
d64c58dd,I mean he's not a family member and he's not from the fukin house
87df89af,"No, because we've already been given the answer"
e1688f3c,i just got home 15b minutes ago👍
e1688f3c,teacher presenting on the screen
d0d252d6,there is an umi full  chat
b9f82b61,does it stop being a headcanon if it's actually canon
20bf120f,the biggest of spoilers 😦
f06d395c,Yes don't look it up he spoils a bunch of shit
76d9877b,🌂 good thing it's tagged~
bfa4eaa7,"if you're going to set something up, it should go somewhere"
73e128e5,you can make yuri in different ways
c73b2cb7,has a possibility to occure
c3e052ec,Didn't shb have a completely different writer
f06d395c,I find the defendant Battler guilty of being a perverted dumbass
13a6ed2b,does crowdfunding only mean like kickstarter or does that include selling the game too
f06d395c,THE UNIVERSE IS CRYING OUT FOR MORE UMINEKO
e43ba5b7,i wonder how many people will be filtered by ep5
fa09cb53,actually more techno
0c7d56d4,I can already see him malding in Final Song...
fa09cb53,so they still put 2 male type emoji no difference tho
fe851805,I just have one question
37f869c9,Esp coming from krauss
fa09cb53,gai anime nhap hoc cao dang 🙏
23f5bed1,so that would be the reason it wasn't computing no?
db13175c,just mark it as read
1dd860ce,yeah i asked a friend of mine to make it and gave her that as a reference!
8264f965,i would say betorichi is a metaphor for female emancipation but then she kills women too so idk
5b7aedab,it's over pack it up
73e128e5,also literally the demon of pride so it's in character
fa09cb53,chinese twitter crazy
fa09cb53,just beat giant bullet mf in gungeon
d64c58dd,mouse may be accounting for jelly and joe's bullshit (which I love and hope for wholehartedly)
441da1e5,"Yep, the narrative was lowkey glazing her hard with that introduction"
5dc7b18f,ONE OF YOU UMIDENIZENS INFORM ME OF JOE’S NAME WHEN HE REVEALS IT
db13175c,i play on crystal but i live in europe so even then the ping is poopy sometimes
87df89af,Ok but when were we talking about objective reality
38ccd930,"Murder = brain awake, good
Not murder = brain sleep, bad"
327e4623,SOMETHIGNS GOTTA GIVE
02ff68a1,Or at least they know the parameters of what really happened
f06d395c,Yeah and also it's a pretty fucking sick moment of Battler coming to terms with how he sees Beatrice
02ff68a1,Are you thinking of Hobb?
bfa4eaa7,i know a lot of people who aren't in jads who would dream to be in this position
23f5bed1,how a guy can get around so much
fce5d05f,i just really like higu 1  keiichi and ooishi's dynamic
16651f76,umi5 i can't wait to be able to spam erika memes and quotes freely 
f06d395c,Eh if it's not done then it's not done. I'll wait for a few years I think
441da1e5,What is going on in this chat
e1688f3c,seventh is ping pong table
b58b70f8,was sakura no uta written by the same guy who did subahibi
e1688f3c,they have an place megathread
87df89af,"The false assumption is the idea that this a real vs imaginary binary, I would say"
f06d395c,Ace Attorney definitely seems like a VN to me I dunno
70cb8f0d,joe did casually admit he wouldlike to reread it on his own which is wild
fa09cb53,how to vore in the 21st century
f06d395c,Or at least I don't think there are lol
fa09cb53,make color fill the text
f06d395c,Can I click on this?
e1849ed8,Joe sounds like a gambling addict right now
e1688f3c,i'm not stcheauepihdhae
fa09cb53,16 frames of epicness!!!!!!!
7e5b9ca6,you can also do girlcockx
441da1e5,I do like that it didn’t at least take Battler 30 hours to clock that this girl is Ange
e1688f3c,motorcycle included 👍👍
d8b37c35,i can't even check umineko doujin/porn because im afraid of spoilers
e1688f3c,sword of a thousand cocks
fa09cb53,we lost da real one...
02ff68a1,ryukishi has done it again.
b8eaf23d,I like that in the opening for episode 1 you can see beatrice behind maria
d0d252d6,You guys formed the Umineko Grug team
f06d395c,We're doing this right now???
fd46192f,oh it's the suckimayo rules
24ea4ff4,That is a very funny fanisode
29178c9d,can't we count the backrank mate white knight then
f358d26a,Idk maybe Gaap is working for one of the uber witches and helped her do it
fe851805,And have to check everyone's work
5c3e45cb,hypergraphia behaviour
d0d252d6,the krauss umineko of jads
b9f82b61,why is this 23 year old's fantasy to be a grandpa
e1688f3c,found out how they made that minecraft block
250b0a9b,even okay-ish is a stretch
621bad4b,which servant room was the key kept in? the main house one or the guest house one?
e1688f3c,this is because it creates a sense of continuity
fa7275a3,he just started reading
e1688f3c,so i don't have to live in fear anymore :Cry:
d8b37c35,"well, time to see if i marathon ep 3 before saturday"
015b370b,I honestly dont remember how long episode 4 is
e1688f3c,supposed to say alright 👍
13a6ed2b,boku wa ningen ja nai
da0c8d98,I really am not a weeb by that measure
8e4a44e5,so would say 10 hours
8e4b9907,It's long /o/ in Kinzo's name
db13175c,"when they say ""sweetfish"" they say ""ayu'"
30a0ff40,"His worldview is incredibly strong for a teenager, kinda opposite of George"
e1688f3c,course has attendance checks
f06d395c,I think Balatro is ok
c73b2cb7,that one thanks naomi
5376ff2f,Bernkastel: Here's my mystery! shines a flashlight in your eyes
e1688f3c,🧌 zhongguo number 1 !!!!!
683b95f7,oh you definitely can
ae10a8f4,Jelly with the top rope suplex on the witch
3a068e31,ok i need to see that
e1688f3c,the struggle is real!!!
b9f82b61,Umifull holy shit he knows
e1688f3c,rovbert downy junoir????
fa09cb53,pretty good documentary
e1688f3c,stalin cover up caught live
d25281cf,"alternatively, ryukishi moment"
b4e5f498,So the stream in the usual time?
8248ef7e,Ryukishi art slander will not be tolerated...
e1688f3c,what the hael how he got moves?????
87df89af,If you don't watch zero first youll probably crash out before you even get to it
6cd41a0f,Hey man thats mean i know some german
fd46192f,while they may not be satisfying. i do think there are potential solutions for all of them
f06d395c,Actually I'll probably do a skim of 1-3 once Joe's done with 3. I have a lot on my plate already
0c427976,Is this from Muramasa?
6cd41a0f,Really scared what this means
d64c58dd,Honestly maybe my favorite outfit in all of umineko
b9f82b61,"""The Author's Proudly Displayed Fetish"""
20bf120f,Does the boiler have an opening towards it's top? Where the smoke can go to?
d0d252d6,I told it in dden the other day
29178c9d,how can something be umifull and xeph safe when xeph isnt umi full
fa7275a3,This is my worst nightmare
02ff68a1,Ive actually been reading since almost a year now.
e1688f3c,when a fundamental commodity has no value 😔
fa09cb53,new crepey pastra!!!
250b0a9b,Crackpot Theory Battler is an anti-magic witch and gains power by killing other witches
0f04debb,what about battler's test in 4?
fa09cb53,the guy i talk with said that it was because he wanted to beat their group
13a6ed2b,"""countries occupied by japan"" google search, i guess"
e1688f3c,say that i don't like jazz
38ccd930,damn last stream was pretty wild
b4690dc2,did you know ryukishi used to be a social worker? while slacking off he learned to play chess
fa7275a3,I thought it meant like dear or honey or something
73e128e5,didn't comment directly but you can tell by tone and body language that he's a big fan i think
23cb59d8,Can anyone recommend me some mystery game to play next?
9e51bfc5,"```diff
-Joe is BI. Kihihihihi
```"
478c0a65,allat for master of martial hearts or dokuro-chan to win
fa09cb53,i think its an internship it might no money
fa09cb53,easiest to use for me is saw leads anyways
20bf120f,"Oh man, there are a lot of PM cultists in the stream chat"
5b7aedab,it's neither a conjugation nor a conjunction
56d90223,NOT GLUTTONY TRYING TO EAT HER LEG
e1688f3c,ayo halo infinite free to play on stea
b478b463,Glasses beasts love piss suits
e1688f3c,apparently there is a crack
e1688f3c,ending credits cliffhanger
443663fd,it's hard for me because i've missed like 50% of the streams
71084104,Maybe thats where the confusion is happening
d1712dc0,"The final meta layer is gonna be revealed, they were shooting the shit over chess the whole time"
e1688f3c,there's a big bang in yo mother last night 🤣
fa09cb53,already ?? they made this back in 1945 bruh :facepa\
e1688f3c,or alternatively if you do not like tha
fa09cb53,for his birthday bro
13a6ed2b,you can't inherently know how a kanji is pronounced from just looking at it
a937077f,Yeah what about ZTD Delta
162b34e4,"""...If Krauss were a woman, and you were his husband... No, I won't say that."""
9ffae087,she learned the weird tie threading from kinzo
fa09cb53,me when im comedically raped
20bf120f,"I'd still need to check whether or not it was feasible, but it would explain quite a lot"
d053e1b9,I grind my teeth pretty badly without one
d64c58dd,"we need a den that changes what it is, alternating every day between furry den and homestuck den"
13a6ed2b,the large and intimidating falzar pinging me:
b2620544,I am praying that I'm completely wrong.
c0bf1352,Maybe I misunderstood
13a6ed2b,If im playing a casual match with a friend i don't care tho
441da1e5,Eva was only accused of murder by gossip tabloids
e1688f3c,it's fucking onedrive messing with my shit
e1688f3c,also tainted lazarus good now
72661a6c,upcoming for a while still but yes in this scene
33494d5e,CoruscantKnave has been typing for an awfully long time. prepare for another banger
0b843864,"I back my theory hard and Genji, Kumasawa, and Nanjo all knowing makes me feel really validated"
87df89af,Bern is just another representation of Yasu
e1688f3c,starting to get cold now
3eedca15,Blood Arc and Wine Arc
ff63de9e,thats allowed surely
bfa4eaa7,doesnt skyrim do that too
bfa4eaa7,all according to keikaku
eef09ada,I really don’t wanna see them do a fusion dance
96bf8c05,its actually happening
b9f82b61,because he created her
7e5b9ca6,yeah dw she does stuff later
13a6ed2b,nothing ever happens battler image
13a6ed2b,you could go look at it but then you lose access to here
56d90223,They are all too cute to do crime
13a6ed2b,yeah probably depends how much you wanna solve everything yourself and go back to check things
0f04debb,than shannon? yeah i think
a997b01f,something something Halo
ba52ee3b,yeah.. it'll take a WHILE for that
d053e1b9,In my mind it basically is this
e1688f3c,que bien mi n word ! !  !
eaddc5d1,"One day, we shall shake hands on the summit"
b2620544,It's a bullshit event horizon
ff63de9e,"ill give you that, its been a while since i watched it"
9ffae087,what happened to natsuhi x eva?
1dd860ce,i hate having to choose between music and SE in 07th mod it's sooo confusing
1179fed8,"Actual ep 2 Battler during Red Truth introductions: ""I never betray woman's expectations"""
8c33dd74,you dont get to decide that!
60863448,at the pure primal rage that lays in front of you
3c6ae2a1,last third of the game they start doing that noooo😭
17ce7674,But definitely closer then zero escape xd
8441b39f,Literally airdropped in crazy land
23f5bed1,you could make all the points that Ange's story makes in half the time
be8b0fcf,this shit it too peak 😭
e1688f3c,will you shut up man 😔 😔 😔 😔
db13175c,hot take: i ENJOYED VLR and I LOVED ZTD.
eaddc5d1,WILLARD DLANOR INTERACTION
441da1e5,Oh I get chills at this OST
949814c4,Umineko never happend
14b12b71,Rudolf needed a way of paying back that company debt
7e92c265,"First I was small battler, then I was medium battler, now I'm big battler."
e1688f3c,turns out the object oriented programming courses he took at school didn't teach him shit!!!!!
683b95f7,nim is just a formal conjugation
b9f82b61,me when my rival in love is a dumbass 12 year old
83cb2bb1,Gouda has served us up one mighty fine meal indeed..
fe851805,he loves it very much
f06d395c,I spent 7 hours of my day figuring out the Rootrees' sordid history
b4690dc2,I just think it's funny joe is picking up on a new japanese word in the same way I used to
56d90223,"What are they again? I kinda just know the head, knee, leg"
b4690dc2,He seems to see everything else
d25281cf,rokkenjima is 1 bigger than you think it is
3a068e31,also if people are watching persona as well
7e5b9ca6,but then why was the chain set when kanon came back
3c96715a,In the place she hides her huge boobs
fa09cb53,aight but give moment
20bf120f,I.e: Torture devices disguising themselves as games
20bf120f,Beatrice is slightly horny for battler
a997b01f,Next stream gest is Hbomberguy duh
fa09cb53,every time i pick him up mf scream
87df89af,They said 7 didn't they
441da1e5,Aaaand the self insert OC actually solves it
fce5d05f,there is nothing problematic in it whatsoever especially not the main character
e1688f3c,no way that's impossible
cb0e9e65,Sayo is very trans-pilled
f06d395c,"Every parody you make of ""woke writing"" in one condensed work of fiction"
0be52b7c,Maybe hideyoshi is just a good man that actually cares about her wife
219c8209,why ange can't go to island itself to investigate? Is she stupid?
07e46c25,he could but he would choose not to
f06d395c,The 07th mod is good enough
441da1e5,"Yeah, but the stakes are very heavily implied to be ceremonial and not the cause of death"
fa09cb53,bac khong co gioi tinh
e967d591,"I really do not, thats true"
409aa8ed,"I’m gonna full they say, with their terrifying faces"
fa09cb53,he asked me if i know matrix
1fd2119c,Every single one of my theories hinges on it being a person in particular
13a6ed2b,yeah but the average computer user in 2025 doesnt know what a zip file is
b8eaf23d,since they're already married and in a ship
8248ef7e,"in a battle for logic, that's correct!"
e1688f3c,damn sounds cringe bro
c73b2cb7,Is jelly on stream today?
70cb8f0d,I still just can't get over how Joe is quite literally Battler
fa09cb53,placeholder ahh class
409aa8ed,kh fan spotted. HAKKEN
b4690dc2,it's like plainly obvious what it means?
bfdf84c8,This is interesting to compare to Higurashi
eae8991a,I can’t read at all that’s why I play VNs
f466ee86,WAIT SHIT YOURE RIGHT
e1688f3c,was looking for mods to play new factorio save
5dc7b18f,"Umiheads, will next stream be a Battler moment or a Beatrice moment?"
1982b5a7,Is it masturbation if your kiss someone who isnt real?
9976f035,"spoilers for stream, will joe reach the jessica and george vs gaap and ronove on this stream?"
cb0e9e65,"Aren’t there already red confirming that 2,3,4 are not possible"
fd46192f,someone put a bandaid on him!
89d41233,I don't know why yall think what battler knows would matter at all
e1688f3c,downloading sublime text r9ight now
fa09cb53,we heading to ha long yeah
db13175c,because age of majority in japan is 20
e1688f3c,me when there's a tree outside
b821c653,I think that message had the unintended opposite effect lmao
fa09cb53,mbest11x back at it again with the clever jokes and complex humour 😂😂😂
e1688f3c,thank jueses h chris that does not look anything like myself
87df89af,"Well, again, Beatrice isn't really killing anyone"
e1688f3c,did not do any studying
f06d395c,Why is there solo mode
b18daefb,"the rare, questioning, cackle"
e1688f3c,anyways updated to new version it got fixed :thummb
7e92c265,1 reminds me of a slasher movie funnily enough
20bf120f,"Ok, I am going to look at that later"
e1688f3c,hombre de familia reference
f358d26a,I thought asumu wasn't battler's mom tho
6a9a4ab6,"honestly yes, and I'm only at chapter 2"
5376ff2f,"""UUUUU UUUUUUU"" THAT'S MARIA'S MUSIC"
fce5d05f,then hes taking breaks between episodes but making umi the main game
f06d395c,Sorry to keep glazing
fce5d05f,Case 2 was ehhh apart from herlock he was great
fa09cb53,when you dont commit to the nightlife 😤
327e4623,yes I hope the chat isnt all umifulls who finished it in the interim
fa09cb53,ayo dawg havent master perspectives
17ce7674,"Like, my only idea is natural causes?"
409aa8ed,"first fic is the daily life of the romance, with kissing and fading to black"
5dc7b18f,Do you think Battler is the type to yell out his fighting moves?
7e6f63ae,"Not in the way that SAO is, no"
30a0ff40,Kinzos door can be auto locked soooo
fa09cb53,i dont have class on froday so thrusday is restday too
b4690dc2,I mean knowing factorials it's probably a net increase
e1688f3c,host created a room called 1v1 ss
e1688f3c,yeah that's why you should use firefox sync\
fa09cb53,depends on the budget but dont have one rn 😔
b9f82b61,damn they broke mouse
f06d395c,Yeah I think I made a fairly vague statement so asking for details was fair
ba52ee3b,we excited for more ange chat
5b7aedab,i wonder how joe is going to react to ronald
60d00a91,The guy in chat I mean.
d0d252d6,Cause I still have no computer
d0cb4aa9,"It really is bad. But for fans, it can be a fun meme."
fe851805,Is baldur's gate all about d&d?
b2620544,Krauss. A fantastic dark horse girl indeed. Not even Kyrie can stand to his triple cross counter.
7e5b9ca6,i've seen plot developments you can barely imagine
683b95f7,"omg you DO have love, you have my blessings beloved reader"
bfa4eaa7,damn the vote really is neck and neck
6cd41a0f,Isnt this the anime pose?
85416f74,I hate how suspicious the Beatrick from last chapter makes me of this whole scene
d64c58dd,carlos ALSO HAS A SICK SISTER WAITING FOR HIM AT HOME actually not umi3
e1849ed8,don't disrespect my goat
e1688f3c,bro you can make that in one day bro 😔
d08f3d94,they’re talking about battler btw
250b0a9b,"This is in purgatory, I was saying outside purgatory we dont know"
fa09cb53,daughters location???
250b0a9b,The boss fights in Umineko get tough
60a3779e,Like you mean as a regular human or did you dream him using magic
fa09cb53,if 808s are still not good
ae10a8f4,Rudolf from our view from rosa
e8ad9e34,"mouse is like dr nanjo

always in the scene, only announces her presence when it suits her"
c73b2cb7,ruina is not a gaccha lukily
0f04debb,erika: wow battler you're really cooking here huh
fa09cb53,i have to dinner now!!!!!!
f06d395c,I'm laughing my ass off right now
7e5b9ca6,idt i can even post it
5b7aedab,how about we don't discuss the new character using information stream watchers don't have
e40b50a5,Battler is so chad man
db13175c,yeah i didnt use umipro because it didnt have NVL mode or OG sprites
d54830ca,THAT EMOTE IS AN UMINEKO REFERENCE?
53a6e340,right now my goats are One Husband is Enough and Stepmother’s Marchen
63518930,thats fine im pretty sure yeah
c3e052ec,Problem Sleuth was better but I literally don't remember anything from Problem Sleuth
e1688f3c,i don't know what's cooking????
9ffae087,still haven't done 9 and 10 tho
b41645e8,I'm a true centrist in this regard
49b618b9,that's why I reel my girlfriend to it too
1fc172f8,Hope Jeremiah is locking in rn
7b01763e,it's ok i've brought you back. did you see an afterlife
02ff68a1,JEREMIAH GIVE ME SOMETHING TO HOLD ONTO
17ce7674,"God, I wonder where this is going."
1fd2119c,Kyrie my goat as always
02ff68a1,that would be very game-y.
c3e052ec,There's some wiggle room for sure
1fd2119c,">First Jellyjoenut podcast, set in 1990
>""Oh I didn't exist yet"", said Jelly"
ba52ee3b,"By this i meant the chatter who likes cold showers, not the abusive mother rosa btw"
6cd41a0f,Is that the light novel?
87df89af,"Bern, Lamda, and Beato should all know"
3635ecbf,WE'RE WINNING SO MUCH
02ff68a1,like I haven't been able to finish a book in months
e1688f3c,makes you think about society 😔
fa09cb53,it expanded too much
daee0717,its a much chiller place now
0b843864,And I have no problem with that EP8 has a lot of potential
409aa8ed,it was sloppy but i did it
e1688f3c,what the hael is going on over there
c7120964,"She said, ""Where are we going""?
I said, ""The moon."""
b18daefb,NOOOOOOOOOOOOOOOOOOOOO
a5dedc72,They did a murder mystery thing in A Matter of Loaf and Death
fa09cb53,yeah you do!!!  pulls out picture of you will bull head!!!! 
20bf120f,"Yeah, that is annoying"
f06d395c,Yeah maybe there's better examples than that one scene with the chase. No idea
409aa8ed,"me when joe unlocked the tips menu
""just the tip"""
7e5b9ca6,would expect people to get banned from this one if anything
bfdf84c8, At least Ryukishi is better at pacing these now  Higu 8
c11040f9,Did he just sake normally?? Fuck he’s locked in
1fd2119c,That's all I can gather from it
ba52ee3b,Kanon had a second wind perk equip´ped
24ea4ff4,I like them less than pachinko
20bf120f,"Jessicas Room, Kinzos Study, the shed, the chapel"
fa09cb53,wellspring rc car race bur epic👍👍
19845065,trying to promote rosa's designs in rokkenjima ;A;
fa09cb53,time to start the jelq session…
f06d395c,"We make our own vibes. If you want vibes to be better, let's continue talking about the story"
e1688f3c,because colored people are being enslaved
d053e1b9,I wonder how many times they've said waga aruji in this vn
73e128e5,that fits maria though
7e5b9ca6,harry potter and the parmigiano reggiano
1ccf6c00,"I'm definitely thinking the same, that'd also explain natsuhi's sudden suicide"
219c8209,I get that she is shaddy but I guess I missed something more
e1688f3c,tung complains about black people?
441da1e5,"I swear this exact OST played every time we are on break, what is it called?"
0f04debb,"smth about ""i will be back on a white horse"""
e1688f3c,and all of them don't want to work
bfa4eaa7,TURN THEM ON!!!!!!!!!!!!!!!!!!!!!!!!!!!!
d64c58dd,when battler talks to beato on the roof umi4 future
20bf120f,The net is cast too wide. It would really surprise me if he knows it all
f06d395c,"If you think Umineko butchers chess, you're in for a treat with Geass"
f06d395c,Oh yeah I'm the weirdest in my group
621bad4b,like the ones that get Head Gouged
f06d395c,I'm hoping the translation is good enough that it does actually still make sense in English
fa09cb53,real correct answer is 21❕
e1688f3c,chinese advertisement???
b2620544,Well I think it does open it to some critiscm. I'm assuming the PS3 assets are copyrighted right?
0f04debb,depends on how the love trial will be handled
eaddc5d1,That would be the ultimate breach of trust from an author to me
f358d26a,How’s the Higurashi pacing so far Mouse? At least compared to umineko
73e128e5,but i don't know that much
e1688f3c,empty field with parking lot
44721f1f,"yeah I'm not gonna watch it, just gonna speculate what plot point of the simpsons spoils umineko lol"
db13175c,clearly we need more transfem battler
ba52ee3b,did he say the 100% straihgt
219c8209,Discord rich presence?
20bf120f,"He was obsessed with her, but she wouldn't return his fervor"
17ce7674,Umi 4  I am not sure we will see Battler next stream 
fa09cb53,damn bro all the allstar student showed up
fa09cb53,its not clear whether the fish is gay…
21bd6810,Reading and watching the streams gets that 10x repetition to really make it stick
5c345fff,SPOILERS : there is a girl in it
13a6ed2b,i wonder if jads will ever have a general weeb den
df4aa97d,can confirm widest twist of all time
41c534f8,If she had red hair she would instantly notice that battler is hers
d5284187,I eyed that Rosa option as a joke vote but even I couldn't manage it
8f76cfa5,okay are they actually dating
9d987774,"if umineko is 150 hours, rose guns days is about 40 hours and higanbana 20 or less"
29178c9d,omg this next part is craaaaaaazy nanjo
5b7aedab,....wtf happened to joe's voice just now is gohda a brummie
b18daefb,now I can't unsee it
e1688f3c,"if nitro was real again , 😔😔"
b478b463,dont stress too much about it!
fa09cb53,bruh bitches be like
e1688f3c,"prophesized ""licker"""
b4690dc2,ehh it's the only opening that really is as weak as episode 1's
49b618b9,half of you cannot prove me wrong
ae10a8f4,what was it that lambdadelta said
bfdf84c8,Shannon Wrote him saying that
bfa4eaa7,do you not know about...?
a997b01f,Rubens? The Dutch are here too?
94b5b4c9,"I played original near the release, and DLCs not that time ago, both on steam"
fd46192f,tried doing a capital 3
e1688f3c,classifying countries
5dc7b18f,"brother, even I wouldn't want to have an interaction with xQc"
24ea4ff4,and they are pretty cool games
da0c8d98,Absolutely no chance he drops it at that line
64d27f02,a 2 week break in the middle of an episode sucks
87df89af,Having a long scene for Kanon was certainly a choice
e1688f3c,never played candy crush but i always thought it was ok
96c933b5,The mod adds copyrighted material which makes it piracy
e1688f3c,boycott mario movie!z!
f06d395c,Both feel underdeveloped
71084104,"""What are these? Tunes?"""
db13175c,have you heard of Revue Starlight?
37f869c9,best channel is back
eaddc5d1,Searching Jelly Channel also showed me as the first result
250b0a9b,What a beautifully retro site! ty ty
250b0a9b,People are so dramatic about the translations. Calm down people its one line
17ce7674,"well, I guess thats what I have the alcohol for xd"
f06d395c,But also I think I don't care about Rothfuss as much cause the second book was pure ass
c73b2cb7,"don't oveexert yourself, the story isn't going anywhere"
f06d395c,Another person who I'm wondering if the story will address
56d90223,He will stream in 7hrs
8264f965,"calling it ""ambient occlusion"" 😭"
5c345fff,average chesspage1 video
17a6b71b,"""Uryu, in other words (tsumari), this is where your parents were killed, Kinzo?"""
e1688f3c,india space agency on some shit
13a6ed2b,get a soundboard and load the sound effect on it
c73b2cb7,the upgraded og version with ps3 sprites
fe851805,Maybe you won't have to work Friday afternoons?
e1688f3c,not even a single other person
409aa8ed,"yeah, yall are probably right in that way"
e1688f3c,send me that pubg cut afterwards
13a6ed2b,thats what the chat is for i think
c0672680,"best umi stream for sure, one of the best ever in general"
20bf120f,So everyone of the adults that something would happen in that night
13a6ed2b,"its definitely not ""click the install button on steam"" but its not very complicated"
d053e1b9,Oh. I thought that was an english exclusive
e1688f3c,this is a reference to the famous rapper kanye west?
8441b39f,Hell no Beato is head's over heels for Battler
73e128e5,yeah and then we get that kid on the mic to va maria
8f76cfa5,possibly one of the greatest scenes written that ive seen so far
e1688f3c,release date next year
d053e1b9,On this rokkenjima sounds a bit weird
f06d395c,"At the very least, he's the one who sees all the corpses by the end"
6cb1e58a,Umi pro is so much better at this
13a6ed2b,Like 75% of American culture is built on black American culture
fa09cb53,then posted yours after asking me 😤 😤 😤 😤 😤 😤 😤 😤 😤 😤 😤
f06d395c,Even just having that money sitting in my account probably would weigh so much
bfa4eaa7,it's a fine idea but I don't think people are going to adhere to it in practice
0c247e09,Married into the family
d64c58dd,a persona 1/3 pounder with fanart cheese
29178c9d,vanilla persona games are so weird after they release the updated version
637beb8b,"ah, yeah that would make sense"
da0c8d98,Then bulder and Kay make it into the website
441da1e5,I’m getting episode 3 flashbacks
5dc7b18f,wait is Joe really reading One Piece? I don't know if I can handle that
fa09cb53,damn didnt know that geometry dash was pc
e1688f3c,there was this one student
23f5bed1,I've only seen Umineko through Joe streams
7e5b9ca6,yeah the expressions do suck but pachinko just looks bad
b4690dc2,it has the constituent parts but they're just not fleshed out
e1688f3c,then when it sounds really off
e1688f3c,black broadcasting corporation
505a43d8,witch hat atlier does nto have an anime released yet
5376ff2f,I care more about fucking Gohda than I do Lambda or Bern
0be52b7c,"Higurashi leans a lot more into the horror and mystery elements than umineko
I"
41c534f8,where are You at now in Umi?
fa09cb53,i did that on the photos above
0f04debb,i can't wait personally lol
ff63de9e,they're HER furniture
1fd2119c,Hate to mute the stream just now
fa09cb53,when they dont take the upvote 😔😔😔
db13175c,girl who just fucking despises the main love interest and wants him to die
6cd41a0f,Earthbound is mother 2
fa09cb53,physical school????.
441da1e5,...Then how on earth would Erika even exist without Bern controlling the game?
b34c2493,WA2 is in my top 3 VNs and I'm not even into this genre normally
1982b5a7,I dont want to get spoiled
5b7aedab,epic you have been owned multiple times in public
ae10a8f4,"that's just irtakus does, watches the vod and comments in the chat"
13a6ed2b,should be Kirie right?
71084104,I believe this is pure cope my good sir
b4690dc2,Haze is simply too cringe
5b7aedab,idea: `:cackle:` but with mouse features
d2cbae83,If it works it works
e1688f3c,me when i present data as
87df89af,"It's like I said, it's a newfound power"
505a43d8,"honestly i wont even be mad, it means i can take my time reading it"
b2620544,If they worked together before they got the staky stake yes
e1688f3c,bitches went as far as making you buy a 50 dollar physical usb license
e1688f3c,haven't done reflection 2
87df89af,If I got Battler as a gift I would ask for a refund
d2cbae83,People are real quick on the one guy trigger the music really is quiet but its not a huge deal
d64c58dd,my favorite nanjo I've made won't be shown for a while yet
96962f09,i think we can discount the theory by the fact there's no old battler sprites that i've ever seen
b9f82b61,listen some of the greatest literature is created out of spite
3a068e31,2 is a pretty good number
0dde8c4c,also they give a lot of characterization to the cast sometimes
e1688f3c,linus sex  tips evil arc
51a6abb9,"fair though, i like when the title is straightforward"
e1688f3c,you are pathetic.. b-baka..! line crazy
73e128e5,"new questions? in answers arc? what's next, answers in questions arc?"
87df89af,God these last few chapters have been pure peak
83cb2bb1,I'm so glad this image is no longer true
5b7aedab,DED used to be my fave zts but LL takes it for me now
1fd2119c,English major grindset
60863448,wa2 take out all the characters and its an improvement [JOKE]
68aa81ad,they should just kiss
fa09cb53,the guys whole actual channel might has been removed
02ff68a1,I already swelled a little tbh
e1688f3c,1 second finishing up the shitting
6d468d99,i like the sisters way more than sakutaro so i'm glad to see their personality more 🙂‍↕️
5376ff2f,live twerking nanjo reaction
1fd2119c,Joe's doing roll call and the people who joined the game
e1688f3c,an qua nho trong cay 😰
078a32ed,I will vote emote only : ) I think my vote will really sway the populous
b2620544,It was just a prank bro
a0138967,Oh true I retract my statement
37f869c9,"get fucked erika, this is the type of bs battler has been dealing with by himself for 4 episodes"
fa09cb53,you should add a red dot sight for better aiming
87df89af,"Unfortunately this guy is kind of cringe. His work seeks to aspire to learn magic, not understand it"
13a6ed2b,the hempel's raven understander has logged on
13a6ed2b,yknow i should have realized that's you
d1712dc0,You mean to say there are two versions of events which one could believe in?
f06d395c,I was just about to say Beato just standing in the corner lmao
fa09cb53,was just outside to buy stuff
87df89af,That and because Battler's an idiot
c73b2cb7,oooo brainworms oooo
24ea4ff4,aura extends to and affects the environment
e1688f3c,just watching through without context
aa8f5f2f,Do you think himmel would have read umineko?
e1688f3c,will test on next opportunity
83cb2bb1,Virgilia x Gaap real
e1688f3c,they introducing the roster
87df89af,Who's Kumasawa again
ff63de9e,joe was an umi character aaaaaalll along
7b01763e,will the ramifications of this finally be explored in umi 17…
94b5b4c9,"Also explains how he built the mansion, he just setup a cobblestone generator"
e1688f3c,damn wtf it's raining right now and there's a bunch of worms on the ground everywhere
1fc172f8,Unnamed Rudolf Mystery Side Chick X
e1688f3c,nothing is showing up bro
bfa4eaa7,i couldn't stomach such a slow pace
409aa8ed,YOU SIMPED TOO HARD KINZO
d0d252d6,Did you go into a spoiler chat and absorbed spoilers like it was osmosis
6a498361,or is it just to get joe to read tthe synopsis
5b7aedab,"no see _now_ when i see that emoji i hear you saying ""uwu~ my dragon pussy"" in my head"
fa09cb53,but what if i want classes 😔
b8eaf23d,thats the easiest bet you could make
048fc8de,but lots of long ass jrpgs are replayable they just have better combat
e1849ed8,new meaning behind weaponized mental illness
fa09cb53,the state will pay for this
20bf120f,And the servants without the eagle are not?
ff63de9e,"jet fuel was NOT used, supposedly"
056f5f8d,by immersive reasons i need to ban every sakutaro pfp person
cbee777f,"Would Beatrice play Tokimeki Memorial, yes or no"
f466ee86,"i just joined the stream, why is joe whisper talking"
87df89af,Oh god I forgot Bernard of Clairvaux was a character in the Divine Comedy
63518930,Umi fans are tripping saying 2 is the worst ep
d64c58dd,Im so excited for tomorrow
b58b70f8,so is today's stream extra long
eaddc5d1,And everyone is exactly as insane as that description would lead you to believe
20bf120f,Multiple people collaborating seems also likely to me
fa09cb53,bro he have beef with the police
fa09cb53,i only splice it up vro asset from online
73e128e5,this is why he wanted to reveal his name rn btw
d25281cf,ewwww how gross haha
eaddc5d1,"hmmmmmm
interesting that kinzo and beato are both interpreters specifically"
6cd41a0f,The issue is that umineko anime isnt the so bad its good its just boring and awful
250b0a9b,Battler was doing WHAT to Kinzo?
505a43d8,umi full has the right to it so thats fine
e1688f3c,be weary of the trollage
fa09cb53,it literally said it right there
b9f82b61,noisy women?? where?!
bfa4eaa7,no that's what I do for the third alarm
b478b463,i knwo someoen ecalled malia
df4aa97d,Coincidently ar you related to that guy in Brazil building his own castle?
20bf120f,"Actually, does this mean that kanon and shannon were alive at the end? Surely not"
a5dedc72,It felt super obvious to me
73e128e5,feels over the top villainous imo
fa09cb53,but my cock says erection
fa09cb53,tell him to pick xenomorph
eaddc5d1,"The material would also be less dense, causing it to absorb less sound"
1fd2119c,I think I had something like that for Bernkastle
ae10a8f4,no wonder she wanted to make him kneel
b4690dc2,it's like a stewart lee bit
e1688f3c,whole point is for you to get experience
0f04debb,god knows wtf happened to her so we can only guess what drove her to do this
56d90223,I still don’t like George
b58b70f8,maria the lebron of making you sad fr
e1688f3c,you being followed by hot singles in your area????
fa09cb53,i should learn blender though
fa09cb53,amazon do be making bots to praise itself on twittr doe
5376ff2f,"I like 1 2 and 7 a bunch so far. well, 2 is mixed. the beginning of it is real eh for me"
409aa8ed,if krauss were a woman
b2620544,Flat (earth) is justice
ecece11b,I'm literally not in my damn house
ff63de9e,lowkey still umineko
683b95f7,"that's my secret streamer, i'm always hating"
fa09cb53,step 3: put pistol into pocket
f06d395c,Looking forward to kayliegal's comp video
fe7bc02b,"not sure on that one, but they just want to escape boredom?"
b9f82b61,"well she's always a good aunt, she's just not a good mother or daughter or sister, but a great aunt"
02ff68a1,"I will say, be careful of writers who promise trilogies.

George RR Martin promised a trilogy."
c3e052ec,why would they eat fish with chips...
72661a6c,my friend got jumped in ange city
048fc8de,umi full spoilers is at 30k already as well damn
e1688f3c,gotta support his hustle bro 😤
fa09cb53,try fading it in more naturally maybe
b58b70f8,the mc is also a pedophile
c73b2cb7,every copy of umineko is personalised
fa09cb53,they must be sucking the white part cause cant afford da yolk 😢
fa09cb53,its like 2 meter up on the wall
219c8209,Umi pro is first time i see fan mod needs you to download ENGINE
8264f965,you misunderstand im saying grown ass eva is doing magic
ecece11b,Much funnier that way
fa09cb53,what why would he say that???
ecece11b,Higurashi took me way longer to read than umi in terms of real life time
70cb8f0d,i didn't say it was a good chair
056f5f8d,so just fit 100 hours
56d90223,I can show yall if you want
b4690dc2,three attempts to write that
29178c9d,back to back coin toss wins lets go
e1688f3c,yeah that's basically of
e1688f3c,watch them all bro 👍
a4536011,this was me back when redading 4
e1688f3c,cheaque this one otu
5b7aedab,-# _it's all about abuse_
e1688f3c,that's all my mom said
96962f09,"and yet, not a single friend"
17ce7674,just how traped in the Umi cage are we all?
621bad4b,I honestly do not think the eva and hideyoshi murder is that hard to explain
73e128e5,yeah it's neat how it fits with her logical personality despite being a very illogical conclusion
f06d395c,If he's interested in finishing it at all
b18daefb,"Rosa, tired from hitting her daughter"
ff63de9e,to be determined with that
441da1e5,AND served Umineko sandwiches!
7e5b9ca6,yeah but notice how none of those roads lead to a good game
31a02125,umi is great but cmon it's end of p3
725720d2,Mouse doomed us to subway surfer
e1688f3c,i tried to trick the auto grader by throwing a custom exception showing what the test case is
db13175c,I just really love Xenoblade 3
d64c58dd,Mods please we need this pinned so future people watching the vods can see this in the archive
250b0a9b,Umi 3  I was too distracted by the use of = to pay attention to the raven analogy  
13a6ed2b,"i think i remember seeing somewhere that when that is finished, it'll be an option in Concerto"
d053e1b9,I actually wouldn't be too shocked if this existed
683b95f7,what the fuck is that a wine bottle
e1688f3c,fuck i remember my favorite fucking youtuber dying doe
20bf120f,Does Beatoreeeecheeeeee just become hornier with every episode?
7e5b9ca6,yeah all the zts songs are good
13a6ed2b,Boku wa ningen janai!
e1688f3c,and i'm not sure if this is the correct 909
73e128e5,"should've not died then, l bozo"
89d41233,"Genji: ""you didn't ask lmao"""
bfa4eaa7,it's essentially the same principle
02ff68a1,How thematically appropriate
9d987774,"is there any anime-adjacent anything that doesn't suffer from that, though"
e1688f3c,how about you complain that the trollage isn't real next 😤 😤 😤
637beb8b,can we go back to posting glorps
56d90223,More and more I think joe is a tsundere
b58b70f8,its actually just shadowheart bg3
3a068e31,"even if its memes, refrain from posting stuff from beyond the stream"
e967d591,"you did not create perfect locked room, smh"
810fde7b,Jelly does the yelly on the telly
f06d395c,He can finish today???
5dc7b18f,I LOOOVE WHOLE CAKE ISLAND
70cb8f0d,let's be real Kyrie is too smart to be kept alive for too long
a5dedc72,I think I'm right so dont click it
d25281cf,something's going around for sure
17ce7674,Unhuman is so bad for example
b2620544,"No, but guns and a stand off that sets thing off could."
b4690dc2,everyone else f tier
e1688f3c,sorry i don't have aphd
b2620544,Although..... that's only true in chapter 4.
07e46c25,YES JELLY TALK ABOUT FEMINISM
85416f74,"Me listening to Beethoven: ""this is giving me real Uminiko When They Cry: Questions Arc vibes"""
fd46192f,"they were in the same room, but she only interacted with one of them"
3a068e31,its umineko day people
ba52ee3b,what would be ohhhhh yeah makes sense
e1688f3c,bitches going to learn programming and don't know what a screen recorder is???
f06d395c,I think most of you can at least post on the Umineko subreddit if there's posts allowed for fanarts
7e5b9ca6,he doesn't have a girlfriend
aa8f5f2f,How far till he gets to umi2 red truth
d0d252d6,You think Joe will like umi 4?
83aa7c93,"Oh Joe, It can ALWAYS get worse"
e1688f3c,damn kinda want to move to italy now
f466ee86,i dont need to wait several years for answer arc to come out
6a9a4ab6,Already boiling them in beef tallow
94b5b4c9,(though it made sense in context of umi-stream discussion)
b8eaf23d,As long as he goes for at least 4 hours he should
24ea4ff4,I'm bad at these kinds of games
219c8209,"okay fine, we are owned by ryukishi07 once againumi4"
e8769870,It was one episode every 6 months iirc
94b5b4c9,"fucking hell, I got it"
219c8209,They just announce rules
bfdf84c8,The VN's Christian ideas come across as Nicene to me
17ce7674,"Ok, Umiden, i am currently barely, slightly, ahead of Joe."
02ff68a1,IS IT JUST SAYOS ALL THE WAY DOWN??????????????
e1688f3c,it's called clopping dad 🤦‍♂️
fa09cb53,having problems sending the file it might be haunted
0fc6bdb1,i thought that was just the story of kinzo and or george and or krauss
a997b01f,Wonder ehat the shipping cost is
b9f82b61,"""Our noble father, hiding unter the bed?!"""
fa09cb53,the laptop screen is so small 😔
e1688f3c,ok guess this is final version
b18daefb,I NEED DREAD OF THE GRAVE RIGHT NYOW
f06d395c,Then I think it won't be for you
e96e7c0f,i would say “hbomberguy umineko video!” but that would probably take like 5 years to come out…
6cd41a0f,Lets spam umifull texts to lead myst away
e1688f3c,christian mfs be like
02ff68a1,Yeah but that text scroll just stands out
17ce7674,"But still, it's not a Japan thing, it's a ""not having an editor"" thing"
bfdf84c8,Oh so it's safe for me then
b4e1f40d,there's also sonohigurashi vs touhou universe 2
fa09cb53,also vegas is aight to use but shit keep crashing on me
1fd2119c,Epic should create it
a4536011,they are also all makigng the same face it's amazing
fa09cb53,he real fresh nword 🥶
fa09cb53,yes bro you are the anus cavity
e1688f3c,anyways poland crazy triple a graphics 😎
fa09cb53,bad work environment
fa09cb53,cant claim fed bucks 😭
5b7aedab,"🎵 golden sneer

## Joms
borf. ▷"
f466ee86,"Reminder that lovecraft ""did not have the consitution for math"""
5b7aedab,keep doing that so chat can hear
e1688f3c,me taking phd before tomorrow's exam
daee0717,but yeah that is one very charitable way of interpreting his possible intentions
162b34e4,my favorites tab doesnt even load anymore on mobile. im cooked
13a6ed2b,xeph was quick on the salt gotta respect it
b9f82b61,does it? do real people act like this?
60a3779e,So episode 1 wasn't even a full notebook but torn pages?
64d27f02,+ the power dynamic is problematic by default
2e8f221e,i have important stuff to do as much as I'd wish to continue instantly I gotta do other things lol
c102de5b,"I can confirm that this is not-- chat

Jesus

What

--even 25% of Mouse's full valley girl power"
d64c58dd,how fucking fast did they make the anime
bfa4eaa7,it's just interesting
d08f3d94,last couple arcs make a man want to claw his eyes out
e1688f3c,and then 5 minutes to get back
d053e1b9,Whoa her hair is cute wtf
fa09cb53,what ifbyou shove it up your ass
ae10a8f4,literally making him into furntiure
e1688f3c,make some apple core music
1fc172f8,Probably doomposting and hooting and hollering at the same time. Like a party on doomsday
219c8209,"I begun listening cuz of prison strip
Stayed for Fortitude.............."
db13175c,my first uchikoshi game was never7 baby
12e5897b,"Fast forward to now. Had the rest of the night off. Slept on it.

And I'm still mad lmfao"
f914fc04,the overlap between pm and umineko fanbases is weirdly high
e1688f3c,your are studying for the mark scheme
b4690dc2,I do think he's one of the most age-accurate 18 year olds in japanese media
fa09cb53,yeah bro big deadline this friday
60a3779e,One of them looked like a stand user
162b34e4,Its just Nanjo in different disguises
0f04debb,it's cold in the golden land
e2dd6606,"slightly after the storm started, before maria got the letter from the witch"
e1688f3c,just a razor blade with tape
e1688f3c,wtf this real and unironic??
49b618b9,I'm not interested in Japanese media much aside from JRPGs though really.
02ff68a1,He would have to do alot to break that
e1688f3c,technically classes ends at 315 but teachers don't have any lessons
d25281cf,But once you’re there it’s really engaging imo
f06d395c,I mean it's a stream
2d9323cd,if it's the same diconnect as concert CG with p3 ones then I might choose the Ryushiki ones
6cd41a0f,But there is really no issue im not like a massive audiophile tho so i don’t notice every detail
505a43d8,yo actualyl one of the best joe voices wth
ba52ee3b,putting fishy aroma on
b4690dc2,pester him to make it the weekend vn
d053e1b9,I can't BELIEVE I know what this is referencing
fa7275a3,I think it's going to be good
fa09cb53,aight when you watch ill tell
e1688f3c,but he only learns that once a week
b088e603,"""I'm gonna beat the magic out of my daughter"""
2e441894,Maybe even more than before
b4690dc2,yeah I didn't even play enough to learn what the hell shadow characters' deal was
63518930,yea rosa on that battler thinking
b58967ce,SO THEN I'LL MISS NOTHING IMPORTANT THIS SATURDAY
7e5b9ca6,umi3 i believe in him :)
eef09ada,Ive talked to multiple people here who have confirmed I was not misunderstanding it
13a6ed2b,and you didnt even use the pngs smh
60863448,i support our demon bunnygirl veterans
ba52ee3b,WHAT ARE THESE?  CHARACTERS?
e1688f3c,not recommended! !  ! !
17ce7674,"Why is this scene so fucking long, omg"
f06d395c,Can't wait for this to be done
250b0a9b,Im using holy in a way that means 'pure and innocent'
056f5f8d,we should aim higher...
725720d2,Me logging into the only existing lobby on P4A on ps5
fa09cb53,its the inside that matter 🥰
e87f292e,isn't ryukishi making cigarette 1984 or whatever
f06d395c,But Umineko up to stream content is not necessary
fa09cb53,you still havent got to crazy part
219c8209,sheesh why no one appreciate kinzo VA and character
d64c58dd,"the peak is at the start, it's called reverse mountain"
a997b01f,"""5 letters, vertical, a term for a spehere, hm, in other words, B-A-L-L-S?"""
b8eaf23d,is homestuck an umineko-like or is umineko a homestuck-like
d64c58dd,"Umi3 not true, its stated in umi 3 that kinzo was actually opposed to maria’s name"
0f04debb,doesn't kanon kill rosa?
0b843864,Also young Genji can get it
b4690dc2,keep backseating that streamer!
ae10a8f4,With this theory is does sounds like kinzo is kinda spreading a memetic virus
24ea4ff4,just an extended tutorial
e1688f3c,true and real bro official sources
fa09cb53,he stood up and applauded
fa09cb53,what online classes does to a mf
daee0717,im not reviving bingo den in umi chat
e1688f3c,ihave an ear in fuck tion
c3e052ec,The third one is LobCorp if it was bad
fa09cb53,anatawa lolicon desu?
409aa8ed,watch umineko slowly turn into fate grand order
b4690dc2,umi3  oh shit he knows what the cliff is
e1688f3c,how the hael you get to season 10 so quixkly
e1688f3c,no wait big brody i'm 18
fa09cb53,peasel give bezos soem suplsiu valeu 😢
24ea4ff4,play either og or pachinko
409aa8ed,im all caught up at umi final
e1688f3c,will join after i finish
d64c58dd,WALRUS WHAT HAVE YOU DONE
96bf8c05,"if you arent, you lose around 2nd chapter"
1dd860ce,average persona fan in the wild
e1688f3c,yeah don't have to wake up until 10 tomorrow
b18daefb,"just like mouse, just letting him figure it out"
eef09ada,I can’t believe umineko ripped off e33
e1688f3c,gangster paradise real
056f5f8d,"probably, but what if it isnt?"
17ce7674,The VN took time from my murder mystery vn
048fc8de,good bit and then he gave his son one that wasn't even a real name
fa09cb53,for the type of stuff your making i guess
16651f76,I'm guessing u were not interested enough in the happenings to remember then ?
f06d395c,"The kids, Gohda and Kumasawa were in the guest house"
8248ef7e,Umi 4 Umiden...I mean Ange...please don't be afraid of being happy
fa09cb53,she commiting felony 😳😳😳
250b0a9b,The only thing Rosa farms is cps reports
c73b2cb7,music is the first magic after all
73e128e5,"these grey streams... they may seem boring, but you know what? to me, they're bright blue"
8e4b9907,"""How sad that I can do nothing but watch over him from the shadows"""
f06d395c,Only if it doesn't override a red
c3e052ec,I remember really liking the anime when I was younger
d053e1b9,Without love it cannot be seen
fa09cb53,yeah dude this rocks goes for it
db13175c,what timezone are you
eaddc5d1,"good bit, but the burden is most certainly yours"
94b5b4c9,Is it like a name used in fandom?
505a43d8,Im sure uchi wants to do an AI 3 but idk if aini performed well enough to get it greenlit
02ff68a1,They just said identities weren't mistaken. It left room for a fake death
0be52b7c,"Become Magic-pilled
REJECT reason"
f06d395c,"To be completely fair, Sekimeiya committed the cardinal sin of being boring than anything egregious"
fa09cb53,what happened to him
fe851805,I'm going to message you on chat
b2620544,It just fits with what we have seen I think
b4e1f40d,but there's enough to make a few guesses by now
e1688f3c,i only got the controller by the way in case you thought i got a ps5
df4aa97d,# ZEN ZEN DAME DAME!\
29178c9d,no? it's about 2 hours
409aa8ed,"or like, i dunno, a partnership with the holy see"
d25281cf,"yeah i just got a bit tired of all the twin towers hate, but its understandable"
1dd860ce,"umi full  and the caption would say ""i'm not much of a reader just checking out some books"" "
13a6ed2b,"She's way too rebellious, those beans would probably be spilled pretty quick"
c3e052ec,that's from the Worm fella right
b58b70f8,can you explain your theory more?
d0d252d6,The new guy who started 3 years ago
505a43d8,"her head is tilted away from you, one eye is supposed to be higher"
fa09cb53,cunny voice generator
505a43d8,"I love this, insane gremlin rat"
df4aa97d,"in fairness, he is being quite based rn"
db13175c,does anyone know why there hasn't been a port of the UmiPro script to Steam/07th yet?
e1688f3c,you can pick up keys through walls
bfdf84c8,"As of right now, I'm team ""Sayo and George were never in a relationship"""
b478b463,Where did u find the 3d nanjo model
441da1e5,"Man, I can’t wait for YIIKmas"
ba52ee3b,UMI 3 DID SHE MEAN WHAT I THINK SHE MEANT
e1688f3c,try going on control pane
0f04debb,2 people voted cliff smh smh
7e5b9ca6,after he said snu doesn't count
33494d5e,Joe morbed too close to the sun
fce5d05f,i hate his look im sorry 😭
fce5d05f,reagan is umipro nixon is witch hunt now
fa09cb53,copy the silent part
8f76cfa5,me too what a coincidence
68aa81ad,if this episode continues this good i will die of occupant's disease
621bad4b,"in that if kanon was mortally wounded, then died from his wounds elsewhere"
6cb1e58a,Is that like 5 dollars or smth?
fa09cb53,took like 2 hours 😩 😩 😩
441da1e5,The Gohda superposition
47247786,"""Obvious"". Unironically knowing guns is like memorising the spells in Harry Potter lmao."
eae8991a,Ohhh ok let me change my answer
7e5b9ca6,hopefully i'll be finished by the time we need umi5 dlanjo
e1688f3c,bell how could you do this
d25281cf,joe is at the 30 sec mark i saw it
31a02125,it's also a neat streamlined Fire Emblem gameplay
fd46192f,i just hope that isn't the reason
b4e1f40d,as if steins;gate still being top rated game on vndb wasn't enough of a giveaway
17ce7674,"In chapter 2, beatrice sais it a lot"
e1688f3c,but basically you know those videos
73e128e5,didn't joe only do like 3?
e1688f3c,also i was thinking we should climb floating islands instead of
eaddc5d1,Same to you! Cooking's always better with company
70cb8f0d,do you doubt it at this point
ae10a8f4,"Yeah I feel like without battler to mediate things, the perosn with the gun just starts shooting"
ba52ee3b,i just rewatch the stream on loop until it  comes back
1fc172f8,It's important to clarify that this is real audio recorded by Beatrice's voice actor by the way
37f869c9,I agree Eva is most likely ep 3 but I feel like the story is making us think that
20bf120f,I don't remember so it might be umi2
e1688f3c,when they see virus.zip they be like nah i'm not downloading that
b4690dc2,still probably finished before bg3 right
02ff68a1,i mean definitely for killing kinzo
c5c6f49b,"nah, it's your imagination"
e1688f3c,mf turned on invisble
29178c9d,sorry the first 3 lines sent me 😭
83cb2bb1,All I know is that Eva stocks are on the rise
87df89af,"So so long as it met those requirements, an untrue reality would be fine as the 'truth'?"
f06d395c,Yeah I jumped too quickly
8f76cfa5,does shannon count if he didnt see it but was in the room
0be52b7c,chat... is this what's it's known as 'Kino' ?
7e5b9ca6,shh the aquarium is peak cinema
fa8d08e9,"the yuri has been taken I REPEAT
THE YURI HAS BEEN TAKEN"
fa09cb53,where you want the drums to go
bfdf84c8,The GM is not omniscient
e1688f3c,edp alt reddit account
219c8209,I can send that freakiest manga cover art
fa09cb53,my comment got [remove by reddit]
f358d26a,"Yeah, who or what actually killed the ushiromiyas"
b569c490,doujin means self published
e1688f3c,i got invited to town hall meeting
db13175c,wait is eva named after hitler's wife?
e992b791,I thought that hand emoji gonna slap her
29178c9d,"doctor do you think these people with their faces smashed are dead

uhhhh sure"
e1688f3c,writing for a while then
fce5d05f,or does it not count as rena there
fa09cb53,i love anime woman!!!!!!
7e5b9ca6,they also made status effect moves maybe worth using
0f04debb,i'm already pretty spoiled on higu as is
6cd41a0f,People read umineko?
ff63de9e,bernkastel's dress is as gothic lolita as it gets
8b197101,Mouse really sey it up so she could hold his hand through the cliffs lmao
b9f82b61,WHAT DOES THAT EVEN MEAN
5376ff2f,"I mean at the origin of it, Beatrice was probably created by a toxic form of ""love"""
c73b2cb7,Both games are built on one mistake equals hours lost philosophy
ea843b1e,nah.... probably not. I don't think.
b9f82b61,yeah you could for sure
e1688f3c,those balls must be streching while he is lying down
0b843864,Pretty sure Sayo was also under the impression that she was younger than Battler
fa09cb53,check if they give you any vsts too
87df89af,What is even going on I'm so lost
0be52b7c,"Alright ep6 is rising up to me 
Hype moments and aura carrying"
44721f1f,There is a very imminent evil and intimidating horse looming
409aa8ed,AAAAAAAAAAAAAAAAAAAAAA
deb8f4c6,"I think we only need 108 (le symbolic number), from my speculations"
71084104,I love mentally unstable and unhinged women
fa09cb53,watch whats coming your way buddy
e1688f3c,yeah bro that is bloods software
219c8209,Greg was an amazing VA
b58b70f8,a big part of umi and higurashi is criticizing the government and japanese society as a whole
bfa4eaa7,yeah that's a valid enough take
219c8209,"that's my experience with dmc3
but you can also just call that nostalgia"
0ef04394,still have seven fucking years on repeat
29178c9d,i have no kumasawa emote forgive me
6cb1e58a,If they can clone they are the witches. and witchers.
b2620544,Even gale in the back
fa09cb53,no bitch it cost like 350k
64d27f02,leave it to modders to fix games made by billionaire companies
e1688f3c,but really bitches be watching 1 vsauce video
13a6ed2b,After joe is done with umi there should be an umi anime watchalong
84589370,Holy shit boat animations
13a6ed2b,"a bit better now that i could calm down
but i still feel pretty bad"
ab7f097f,fell for it again award
29178c9d,well some can look past the substance because the pacing hit hard
fa09cb53,im testing liberal have to know the basics before snake
f466ee86,i mean its on sale rn
df4aa97d,"Alas I am forced to suck at writting until i stop sucking, so i need to wait on art"
7f542ba6,"what's happening, I thought this was george-den?"
fa09cb53,just think about it before said date 🧌
5c345fff,ange is very frail… that HAS to be a clue in anime-trope brain world
b4690dc2,Yeah we can be WAY more obnoxious show those steins gate fans how to do it
5c345fff,it’s only like 2 han
e1688f3c,the license is attached to the yoyo games account
d053e1b9,I'll just be happy to see ange again tbh
60a3779e,Genuine wallpaper material
0b843864,You know what? I believe that he's still single.
6a9a4ab6,Did you know Ryukishi created the Japanese Language
fe851805,rare kyrie panic face
94b5b4c9,what was the description?
b2620544,Ep 5 really is going to be Erika didnt notice a million things LMAO
17ce7674,that scene is THE point of Umineko
5b7aedab,_not what i was asking_
23cb59d8,I have played only once. I have a hazy memory of it now because it was about 2 years ago
eaddc5d1,MY JOB IS BEING STOLEN BY A PROFESSIONAL
29178c9d,i hope an umi full shows up to say the bunny girls never make sense and they hate them instead
29178c9d,getting very confusing
24ea4ff4,but still get the kick
f06d395c,For sure we're going to loop things again right
e1688f3c,so lighting might be uneven
ba52ee3b,"i lock in on this one,  i'll only go to the other one to post my batshit theories that i have"
56d90223,I have a confession to make
7f5df344,umineko if it were better
6d468d99,before the second twilight i think
e1688f3c,ok bro claim your prize at trollface.dk
fa09cb53,is school compuyter vruh
9ffae087,I'll never forgive Lambda for being part of the tarif debacle
7e5b9ca6,can we have mouse stream instead of joe
87df89af,I hate how much I'm liking this section
db13175c,"he did yeah, check avarisi's youtube"
fce5d05f,I fucking HATE his fit
fe851805,I zoned out for 2 seconds why are they talking about ducks again
fa09cb53,put a quicklaunch thing there
fce5d05f,Rgd is supposed to be getting ported
f06d395c,You know what... I don't hate these answers
b7ad7f9c,"ALL THREE GOHDA GIFS USED IN SEQUENCE, PERFECTION I TELL YOU"
f06d395c,Should start soon I imagine
d1bdff86,"I think the craziest part abt Deen VN adaptations (so like, F/SN, Higu, Umi) is that like"
37f869c9,"Same, I’ve experienced too much anime prior to this"
ff63de9e,IM UMIFULLING AUGHHHHH
96bf8c05,I'd have to rewatch it
8441b39f,It has been on hold for so long they could make a new umienko
87df89af,Oh right. Tbh I barely remember Natsuhi is a character
e1688f3c,food theory: mcdonalds.. DARK secrt
e1688f3c,i do not listen to msuic proactively 👍
72661a6c,he doesnt know that nee is pronounced differently to nii and its bugging me
c73b2cb7,costs 20 billion dollars
b58b70f8,george thinking he could genuinely survive out in the world on his own lmaooo
80db325b,full reread incoming
9f2e5620,"Thanks, i forgot lmao"
db13175c,incredible april fools bit
1fc172f8,love jelly instantly knowing what he has to go for
7e5b9ca6,monogatari cut where it cuts all the weird stuff out (each episode is an average of 18 seconds long)
24ea4ff4,you need to finish umineko just to fully appreciate the steamed hams video
fa09cb53,you have tried this once before
77ee69dd,same thing with the solution to the epitapth
fa09cb53,wholesome market moment
f06d395c,Hmm. I'll see once I get to it I guess
60863448,dont worry people in umifull do the exact same thing
3161237a,Why is South america involved? It isn't even on the same landmass
da0c8d98,I’m not gonna answer either way just curious
e1688f3c,looking at other bitches team project right now
f06d395c,Should have said meme I think
441da1e5,I believe that this is the case
d053e1b9,She barely had any screen time
7e5b9ca6,bro george is big justice he's GIVING the big booms
fa09cb53,damn didnt got any notificaiton
13a6ed2b,just to clarify the sprites being compared in that message aren't the same one
b4690dc2,do you want an answer?
1fd2119c,Another episode of Umineko down
441da1e5,"But yeah, it seems like in all 4 episodes of the questions arc, NOT ONCE do we see Kanon's corpse"
16651f76,strongly recommend watching the vod as soon as possible it was pure kino
02ff68a1,joe streams proslitizing love for umineko so hard it breaks rule 7
505a43d8,"damn, short episodes"
5b7aedab,"WHAT'S UP GAMERS, IT'S YA BOI"
b2620544,she would be Kinzo under the bed eating domino's
70cb8f0d,is that a prediction or a preference vote?
76d9877b,🌂 i think people think of me as this
ecece11b,Umi 4 but I had 2 people back me up what happens to them...
250b0a9b,Unless he’s secretly been studying Japanese and Japanese history
94b5b4c9,"Yeah, she has to have intricate knowledge about rokkenjima"
ba52ee3b,i just know it from there since i'm not too giga into ultrakill
ae10a8f4,that the author had to adjust diffuculty lol
73e128e5,unironically yeah i like not knowing beforehand to a degree
b478b463,But it's probably not as big of a deal as youll think
ba52ee3b,the cliff looking steep brothers
b58b70f8,i forgot i was just skimming thru somebody's playthru
e1688f3c,dun dun dun dun is down the dundundun dun and the dundundun dun
02ff68a1,Has there ever been a stream character worse than lis2 Daniel?
b4690dc2,I thought there were no teams...
f06d395c,Can't believe how many talented as fuck artists there are on this discord
b58b70f8,well you dont need traditional romance with how complex the relationships between some of them are
76f65394,Still waiting for 13 sentinels pc port
250b0a9b,That’s a tough poll ngl
fa09cb53,and they basicall told him 20% of their highest paying employers are nfts bitches
49b618b9,I’ll start tomorrow. Thanks.
d25281cf,Based golden idol enjoyer! Those games re so fun and charming
0b843864,Jeremiah this list is awesome
b58967ce,"""i enjoy the show"" is wiiiild"
b58b70f8,the vn and spring steam sales coinciding with joe streams is destiny
6c6ab8c5,Shouldn't he spoiler if he talks about ep8?
fa09cb53,exactly #obamascamsocialism
fa09cb53,fucking hip and cool marketing
0fc6bdb1,knoxs commandments beg otherwise
e1688f3c,are you setting it up?
fa09cb53,ok bro you said you drew obama wife and i compained she dont look like obama wife
f06d395c,Someone correct me if I'm wrong
e1688f3c,what about famous [Politician john mccain
f06d395c,Starting that scene with showing Kinzo putting forward a plan to steal the gold is just peak
250b0a9b,Hes sleeping through this
056f5f8d,it would be very funny
fa09cb53,idk if theres a 505 tbh
d053e1b9,I'm 99% sure it's going to be a LITERAL cliff. Like a rockface
3161237a,umi full It is mentioned that Battler made a promise in ep3 if I remember correctly.
ff63de9e,"we should improve the lives of future generations ❌

i suffered so why shouldn't they ✅"
8248ef7e,unfortunately she just owns you in the marketplace of ideas and not physically
fa09cb53,plus the reason of changing it might be petty
56d90223,HOW CAN I REPEAT IN RED😭 😭 😭 😭
db13175c,it's just how ryukishi writes really
441da1e5,Replace standard with 'Ways to play Umineko'
e1688f3c,omg bro i didn't notice 🤣
44721f1f,did he even? he just didn't seem that into it compared to everything else
e1688f3c,that's the fucking chau len ba beat bro
e1688f3c,joe biden seduction no jutsu
409aa8ed,brb im gonna go cry into my pillow now
e1688f3c,[ractivng before tournametn
ff63de9e,peak fiction supposedly
94aea54b,"Same, I was so sore after that stream just from all the laughing"
e967d591,"JJK at first I loved, then I hated it"
8e4a44e5,"didn't he say that AP tests, if they happen, would be saturday?"
f06d395c,"But otherwise, I teared up like twice in that stream it was so good"
b58b70f8,umi 5 safe what do you think of erika
d053e1b9,Speaking of rhythm games
a0fe91b3,Imagine if you bought them all
b4690dc2,I kinda barely remember the Early Days of umiden
1fd2119c,Are we a social link or something??
d64c58dd,bro I knew about that ever since y'all told me not to look at the fighting game roster
fa09cb53,how much do you normally get
e1688f3c,ok bro here's the titris gameplay
c859c264,"fair fair, must be the residual adrenaline after the stream argument, apologies"
d053e1b9,So called free thinkers when
e1688f3c,dogema unlocked! ! ! !
505a43d8,i think only servants with the 1 winged eagle count as furniture
5dc7b18f,I missed Battler and Beatrice so much
f06d395c,None of the encounters felt unique. Enemies spawn and bum rush you most of the time
d0fb1a3c,joe... will now be replaced with tom...
e1688f3c,chjoe mhamha jhew gayming
30a0ff40,They're all just huffing gas in Kinzos room having the biggest trip or sth
fa09cb53,we can bullshit our way and throw this on itch io for fun
048fc8de,I feel like Mahoyo isn’t that short yeah
b8eaf23d,this current topic i think isnt a cliff I don;t think. just a bumpy road
bfdf84c8,Bern the master of gaslighting
20bf120f,"Yeah, I can see how there is a ""peak"""
3161237a,"If my read of the Rosa torture scene in ep4 was correct, she imagines killing people."
a997b01f,Oh hey Umineko's on sale
f466ee86,dropped maria for the extra move speed
d25281cf,i agree with most of this but i like 6 more than 5
31a02125,i mean vndb is pretty pedantic and hypocritical but the story part is a VN
e1688f3c,aw hael naw you got the t virus
ff63de9e,ztd being zero time dilemma right
725720d2,BASED NOT BEATING TOUR CHILD
24ea4ff4,but do we actually understand anything?
725720d2,Probably writing the next great English mystery novel
eef09ada,And the offsite copy?
882bcc01,Yeah because she's just a painting and she doesn't exist
fe851805,"people hated your take but I kinda agree
and it's not even I georgepost"
ff63de9e,rare george aura moment
b4690dc2,and it's oddly good at programming
e1688f3c,damn bro i don't know if you see it in the stream or not but this music is loud ass hael
60a3779e,Yeah steins gate was after umineko surprisingly
e1688f3c,the example above is misleading
fa09cb53,yeah its because the gate effect
d0cb4aa9,Mother 3 is actually a rush job recreation of a cancelled n64 game iirc
6b890d58,I guess it could be a gun.
17a6b71b,Erika crashing tf out
8441b39f,Someone out of nowhere will drop a spoiler
fa09cb53,if this leaked bro i would be ctrl z to death
d64c58dd,It means she’s ACTUALLY laughing
96bf8c05,and there's a VCR in Kinzo's room! automatically responding to knocking on the doors!
7e5b9ca6,i dont actually know what aoc's political ideals are
e1688f3c,swear to god i hate this shit
1fd2119c,That Kermit George never gets old
da0c8d98,Where he focuses on business
e1688f3c,i have added nothing to the game
77ee69dd,Shes probably bipolar too
a997b01f,"We shoud rename JADS to RUDS, the Ryukishi07's Umineko Discord Server"
ff63de9e,You'll be flashbanged by a game changing spoiler or other
aa8f5f2f,Oh yeah I forgot about this
e1688f3c,but i found out that
f06d395c,This is annoyingly long
b2620544,But there is a level of who knows?
505a43d8,i didn't know it was memed tho
b9f82b61,"and so, Umineko ended"
b58b70f8,IS THAT MIWA FROM HOW DO WE RELATIONSHIP
b4690dc2,uchikoshi should've coined morbing if morbius never came out
f06d395c,And that one chapter with Gojo at the airport was so bad I think I checked out completely
5dc7b18f,when is the next Umistream?
e1688f3c,yeah but no scholarship though
3161237a,He's brought out the Witcher voice! HE LOVES IT
b58b70f8,without love it cannot be seen
478c0a65,but sometimes it goes too far
51a6abb9,i'm so curious about kumasawa now christ
e1688f3c,it's cool continue playing
e1688f3c,reasons to get a phd
eef09ada,No way Surely all the mysteries will have fulfilling and satisfying answers
fa09cb53,im making a statement about the pigs not referencing the game head ass
6cd41a0f,It was someone else in full chat😭
e1688f3c,they just gathered everyone in  a large halls
87df89af,"The magic we see in Umineko is quite rational, tbqh"
0b843864,Really glossed over the way we also just confirmed Kinzo's story in EP7 was unreliable
da0c8d98,Minecraft is a surprisingly decent way to portray it
fa09cb53,GRAHHHHH RUSSIA!!!!!!
fa09cb53,theres nothign to be clarified i said what isaid 😤 😤 😤 😤
ba729249,Like when bern slices sayo’s stomach open
daee0717,nah i was looking anyway
17a6b71b,Battler is about to throw hands
38ccd930,"I get the disappearing the bodies, but I still don't get the stakes inclusion except for padding"
73e128e5,batter is pachinko's evil imposter battler
d053e1b9,Pixiv is an AI hellscape I'm good
fa09cb53,national trollage day
8248ef7e,wait you haven't read the full story and you already have a Battler pfp?! You're cooked
e1688f3c,"what if ""hypothetically"" i suddenly wanted to"
ff63de9e,say that in red for me rosa umineko
fa09cb53,watching this conspiracy iceberg
653b6fd3,He's been holding ever since
f466ee86,now you can be the streamer with 20+ people in vc!
df4aa97d,"""the only good thing about you is how hot your mom is"" would hurt so much"
47247786,I just realised that if I'm right then the cat box thing is foreshadowing. That's neat.
725720d2,Her ass  is NOT a witch of the kitchen
5b7aedab,"calling signalis an ""anime game"" is daft by any defintion"
0f04debb,battler actually has game (sometimes)
8441b39f,Ok I'm falling for Ange help. Her nonchalant gaze is too much for me
e1688f3c,google translate transled analog horror to king di tuong tu
d64c58dd,btw don't actually google that you'll probably get spoilers
b9f82b61,she gon kill natsuhi
fa09cb53,"principal knows you as ""the one who cooks"""
d053e1b9,Her laugh is SO good man
fa09cb53,fucking scared for my mf life rn
f06d395c,It was fucking insane how he guessed the core twist in AI 2 so far ahead based on literally one line
70cb8f0d,"```diff
-there are multiple ways, this is the easiest to remember
```"
1fd2119c,Sometimes I forget some people have lived their lives without ever seeing snow
f06d395c,I'm just gonna never click on anything black regarding Umineko in any channel I think
754e75ac,that's gonna be like what
fa09cb53,who you gonna call then??
da0c8d98,"Just to clarify, you’re just watching streams not reading ahead?"
e1688f3c,think i caught the big cock virus
250b0a9b,Order from a better pizza place
e1688f3c,just wait until dark edit
e1688f3c,it's a bit bright on the pic
7e6f63ae,"nothing unique to umifull, this channel is almost as bad about it"
ff63de9e,this music is so good man
e1688f3c,keep making boring ass grid style city type beat plans
c73b2cb7,"there's the steinsgate guy, the transphobe, fbi, the clown guy"
d64c58dd,that's a good question
409aa8ed,"""i understand you"" lookin' ass"
e1688f3c,the truth about the universal
441da1e5,Also the Stein:Gate fiasco is funny to read through
f06d395c,"Tiny ass window, minimal resolutions options..."
b4690dc2,slow on the uptake as always...
9976f035,since he will be doing umipro
02ff68a1,better way to put it
32d19816,no- it would be a miserable time for about 60% of it.
81be09b8,"Does him streaming on both platforms require double the bitrate, or no?"
db13175c,and im always gonna keep saying this
4e2a80fc,its all the absinthe
d0d252d6,how many spoiler chats get 2?
fa09cb53,dude wrote a narrative for possible game to write music for
b4e1f40d,Enje my beloved girlfailure
df4aa97d,"```ansi
[2;37mremember chat[0m
``` ```ansi
[2;31mBattler's objectively incompetent[0m
```"
fa09cb53,"wtf bro bitches says ninja pokimane drama wtf thisshit crazy!!,"
d053e1b9,I mean I guess so far something like that has happened in every episode but still
505a43d8,"It would, but we can always hope that ryuukishi was secretly criticizing it in his writing"
e1688f3c,that's why i think you should create the gameplay first before creating the map
40497259,the p5 original soundtrack is not jazz. it's a visual novel
e87f292e,I mean shes basically furniture
d64c58dd,after making it through all the slowest scenes
f06d395c,I get SO many ads for so many fucking true crime shows. It's so annoying
f466ee86,May be required to solve the epitath
e1688f3c,this is related to his username
f06d395c,I literally said this just now
6d468d99,god his writing is so good
8f76cfa5,i dont think any of the games involved magic at all
0b843864,And the only person he's saving is Lion who apparently only exists in this reality
1fc172f8,can you add subway surfers to your setup please i'm having trouble paying attention to the stream
eaddc5d1,"It was an interesting conversation to have, at least, but I should not be reacting like I am"
daee0717,intent is to end on (umi 3) chapter 24 “the new witch”
409aa8ed,does it increase their magic or something
db13175c,"I mean, nowadays Japan still has massive stigmas and fetishisation of these personality disorders"
eaddc5d1,"Listen
You might be half-joking
But yes, actually"
441da1e5,Oooh golden slaughterer remix??
e1688f3c,can't wait for the next iteration of vtubers
d1712dc0,(I hear theres a lot of slice of life)
73e128e5,i'm gonna be late to stream so i'll probably just miss all the fanart
fa09cb53,free heads in the parking lot...
d0d252d6,all according to mousekaku
ecece11b,My brain fuzz has kicked in though
bb426429,"I will try to dm the relevant bits, took a bit of trial and error"
b8eaf23d,we can't be spoiling all the QnA for the streams
b821c653,"yea, I legit don't think Higurashi would be anywhere near as interesting for him"
d053e1b9,How did you know I was looking at an external blu ray drive purchase
02ff68a1,"Regardless, twas an analogy"
1fc172f8,sorry i just really needed an excuse to post that gif again
d053e1b9,Now you can pin all your own posts. This is how you beat coru
30a0ff40,I will need like 3 shots of maria being slapped to recover from that kinda thing
d0d252d6,Ok I will get the link
a5dedc72,is it just gonna be one stream tomorrow and then no more until saturday or whats going on
f06d395c,I don't think it was intended to be
20bf120f,"That reminds me of ""the entropy centre"" actually"
13a6ed2b,it took me 75h for question arc
409aa8ed,oh my god i need his babies
eef09ada,Holy shit thats amazing
5c109dad,"oh I overslept, did I miss anything good in stream?"
d64c58dd,I think it's so funny that my first guess was spot on
d64c58dd,The island of merry barrels
d053e1b9,So it's just screwing it up then
d1879277,How many R34 posts do you think there are of James blasting off? 3 billion?
df4aa97d,She's just a little goober
ecece11b,"My neko so umi, don't know when I'll cry"
e1688f3c,r kelly playing toad
409aa8ed,"no she absolutely does, she wants her son to succeed and genuinely loves him"
637beb8b,are you talking about og nier or automata
8264f965,i agree with you dont get me wrong
02ff68a1,said about the language with THREE FORMS OF TEXT
f358d26a,The scene this first plays in during e1 is fucking incredible thanks to this song
21853408,and then there were none
02ff68a1,"I think she set off bombs, but I don't know what that means yet relating to the murders"
e1688f3c,also judging by the width of the crack on the chair
c73b2cb7,which alternative theory
fa09cb53,china town screenshots
7e5b9ca6,when i get around to dexter in a decade we'll see who i agree with
70cb8f0d,I can't believe he is still single
13a6ed2b,All the 8 year olds reading are gonna be so rumbled
7e5b9ca6,and yet she wasn't first... curious...
5dc7b18f,Nanjo the Platinum Warlock
b088e603,Basically paint stripper
fa09cb53,sure bro but it still got the weird text when transition dont know why
0ef04394,"doesn't it explicitly say ""he'll be 23 soon"""
87df89af,"Well, that would be the point but we've had enough of that back and forth"
daee0717,"btw i know other people already said this but don’t do this, it’s weird"
e1688f3c,check messages above too
b8c9a0b4,the good thing about monogatari is that if you hate araragi you get to see him eat shit constantly
683b95f7,THEY CONTAIN SPOILERS
250b0a9b,10minutes at the soonest
5b5d9821,Is it the same devs as Melty Blood? Cause i love that game
37f869c9,I guess it enters philosophical territory at that point
f06d395c,I think I still stand by these scenes being written way too long
b9f82b61,"virgilia is very upset, her twin towers are ruined"
eaddc5d1,"so long as its not spoilers, hit me with it"
d25281cf,laser sword/goat haters when worldend_dominator plays will be in shambles umi 2 end
e1688f3c,bruh guess i was balling
fa09cb53,nah you didnt have the u
b58b70f8,appropriate for erika pfp actually
0eccefda,we need a Hideyoshi “OH EVA” emote
0f04debb,"oh, you finished umineko?"
0f04debb,immediately starts choking
7e5b9ca6,830 class every day is fucking killing me
56d90223,Like “oh you like them? You might be like them too”
fa09cb53,this close to calling them frauds
0be52b7c,"I would say that also the concept of  waiting for a ""miracle"" is very religious in nature"
e1688f3c,also due to incident
e329c772,I have the exact same take
ae10a8f4,Battler just seeing eldritch abominatons as cute girls playing chess
b4690dc2,just making sure I'm not sending stuff further in than you lol
d1712dc0,I remember there being only one
e1688f3c,that's that website from earlier
eaddc5d1,"I'm actually thinking of drawing them doing an outfit swap with the Stakes, I think it would be cute"
24ea4ff4,and fan games and such
b8c9a0b4,"lambda is the game master this time, you can take from that what you will"
3161237a,His real name must be Tom
72661a6c,"yeah youre right tbh
what is your favourite womens outfit so far"
7e6f63ae,"Now the question is, who the fuck is nanjo in homestuck"
505a43d8,Senator Lambdadelta adjusts her stack of superpaper as she prepares to read it and address the toom
7e5b9ca6,streamer please delay indefinitely im tired
96bf8c05,"Never backs down, She has the silver soul of a true gambler and child abuser. She's one in a milion"
d053e1b9,I'm not taking umineko notes right now but I use logseq for notes
db13175c,Chiyo didn't even write those games man
c73b2cb7,George den is back on the menu
e1688f3c,the blood's information network got severely damaged after the 2pacalypse attack
fa09cb53,i hae to get up from bed
daee0717,"for anyone who laughed at the 1.25x-1.5x multiplier i provided, this is a 1.5 hour chapter"
fa09cb53,vidlii is like 2008 and bitview is 2009
e1688f3c,real 4k or drawn though
fe7bc02b,i like how Joe was Joettler even before anything happened
eae8991a,Witches are actually reborn daily with no memories so I have to rewatch all of my memories each day
621bad4b,"like kinzo, natsuhi, krauss and jessica all live there, but don't have master keys?"
f06d395c,It feels like this last game has been stretched out way too much
bfa4eaa7,battler seems more like a human player to me
ff63de9e,they're basically all stolen from some fashion magazine
fa09cb53,the mystery of the missing female emoji
f06d395c,Oh I need to rewatch that
b478b463,"OK to clarify, I loved the ending to the actual episode, and somewhat liked the tea party and???? "
c73b2cb7,bad story don't read it 10/10
7e5b9ca6,yeah ui70 is good i can't remember if ive heard this specific song before
e1688f3c,but you also have to spend money on that too
53a6e340,me when i spoil the visual novel 💀
b2620544,Newtype Kumasawa was not in my bingo card
b18daefb,i was told to not watch the switch opening AFTER i watched it
d64c58dd,ok that's all the spoiler nanjos
b58b70f8,beato is so pretty in this look btw
fa09cb53,which is inner hood communication system created using underground wwire networks connecting hoods
a997b01f,I think this should be a bannable offense
e1688f3c,i thought you aren't going until next week
b4690dc2,"there's also chapter lists if you're not playing umipro, but they're spoilers"
0b843864,"It's really working for me, but I'm sure people are different"
fa09cb53,this mf tryna harden the fentanyl epidemic???
94b5b4c9,Umineko is such a rip off of Groundhog Day movie
441da1e5,"Oh, in that case that would be the one lambda turned into a witch"
048fc8de,and it's peak every time
87df89af,Nothing we've seen so far confirms that
f06d395c,I saw Featherine as more of a vulture and a voyeur than a commentary on the readers of fiction
bfdf84c8,Delaying Metal Gear Solid on pride month smh
e1688f3c,retard alert ! ! ! !
5376ff2f,Should add a third option for Gluten Joe
fa09cb53,just have to do the stats thing 👍
f06d395c,I think it'll be explained? I dunno
e1688f3c,you believe that this school only has 2 wifi networks
17ce7674,or maybe we can finally get my Goat Kyrie
07e46c25,(GENUINE QUESTION) are those homestuck spoilers
0fc6bdb1,this is just KH3 with extra steps
f358d26a,??? is the tea party of witches so there shouldn't be one
47247786,You're all prisoners.
0eccefda,OKAY SO SHES DOING MAGIC THEN
daee0717,you have 24 hours to read dante
b478b463,"you see this for like one frame in the ""what're these boobs"" scene"
b4690dc2,"Errrm technically his rules were personified, the man himself was not 🤓"
31a02125,Claude is more bonus world lore
b35e50e8,internet archive works
7f5df344,beatrice after seeing nyanjo
d053e1b9,I have acquired a gingersnap
d64c58dd,It may be because of that hot potato spoiler I shared a while ago
e1688f3c,damn bitches really mad over a questioin
eef09ada,Maybe the offsite copy could kinda be similar but even in base game its a very different concept imo
30a0ff40,It's wolves all the way down!
fa09cb53,bro he aint got hair like that
30a0ff40,Guest house? They never went there anymore
a997b01f,The third gun is Kinzo's cock
b4690dc2,she's my favorite honestly
dfbdeb12,Wasn't she actually trying to disqualify him at the moment
5376ff2f,Well they address that idea directly and say it's too straightforward
df4aa97d,Jessica would totally trick nats into dabbing with a secret camera
7e5b9ca6,they're gonna be talking about umifull Large Gohda
ae10a8f4,Ryukisihi in general
fa09cb53,too much compression
daee0717,a steam gift card thats exactly e nough to buy ciconia!?
b8eaf23d,idk. hideyoshis voice shouldnt sound like that
b58b70f8,the beatrick works so well cos so much of ep 3 is made to pander to weebs/otaku
f06d395c,See the JP release dates on each episode
b9f82b61,oh god new characters
0f04debb,i liked dlanor's expression
0f04debb,i genuinely would not be surprised if it will happen in some shape or form
31b3f300,Jelly dusting off his hands despite not doing anything
6cd41a0f,Controversial ahh poll
fa09cb53,but i got no ethernet cable
0c247e09,"Some poor guy played this, saw this scene, and decided to wait a couple months for the next episode"
f06d395c,I'm sure it was but I don't remember now
eaddc5d1,the tips were all very interesting
fa09cb53,im going to play novaland emilia mission now
eef09ada,I don’t think its inherently bad for authors to beef with there audiences
df4aa97d,I believe Lambda intentionally stopped playing right at the end of 7 just to be annoying about it
b58b70f8,they rose from basically nothing into an economic powerhouse
73e128e5,i'm trying to warn them but they keep engaging 😭
219c8209,"There were George hate again, but that's standard"
eaddc5d1,okay i know im supposed to be ronove but the wordplay was way better here
c3e052ec,I read almost all of higurashi can I read this
07e46c25,umi 5 should bring greg back but only to voice erika
7e6ebcab,yeah he saw them on the table in ep 2
e1688f3c,can you please confirm
ff63de9e,Magic deniers in shambles btw
505a43d8,fellow aussie spotted???
f06d395c,"Depending on what the percentage was, must be closer to 25% now"
c73b2cb7,"Hey now, I thought we'd kill the author"
20bf120f,"Nah, it's fine. I think I am just not going to look at these 🙂"
34ab5fad,Ahhh I wish I could go back and try again
13a6ed2b,coru calling yall out
13a6ed2b,you people can stay here as long as you're civilized
d0d252d6,Only stream spoilers are allowed unmarked
6cd41a0f,Like why baseball out of all reasons
29178c9d,if mouse's real name is geraldine or something im gonna lose it
db13175c,the WORST one is takano's her console sprites are ASS
e1688f3c,and then there was something they used
0f04debb,he's gonna get evatriced
20bf120f,Define old. Natsuhi might actually be like 50
b478b463,umi2end track for workouts
83cb2bb1,I personally believe Beatrice could’ve actually summoned her at any time
83cb2bb1,What actually happened to their bodies is very confusing
d25281cf,pov you're about to be pushed over by GOATda
e1688f3c,yeah that shith kind of cringfe 😔
1fd2119c,I feel like he'd enjoy the LA more
a997b01f,Thus always reamining an umiparter
e1688f3c,this will be racism in america in 2016
a5dcb22f,Dawntrail they made the guy who wrote nothing but mid the head writer
d053e1b9,I still can't believe the hbomberguy collab might be happening
94b5b4c9,Content of later episodes was  already vaguely talked earlier
f06d395c,How do people eat these burgers dawg
02ff68a1,well in fairness to patrick apparently that one's actually not had its pacing blown to smithereens.
83aa7c93,but also Weebs LOVE this kind of thing.
505a43d8,he didn't even look at the first scene like he did for the last two last stream
db13175c,Joe's timezone is -5 right?
fa09cb53,buy soundproofing :Typing:
68aa81ad,im starting to think that maybe kinzo is not a good guy :/
d1712dc0,"But if you're Natsuhi in episode 1, I think youd bring out more than one gun"
fce5d05f,we need those numbers up
eaddc5d1,"I'll call him my oshi on stream
As a treat"
725720d2,Does that mean Kanon is a eunuch
44721f1f,"yeah, in principia mathematica pretty sure"
3161237a,Have you tried spinning the chessboard?
e1688f3c,what the hael you balling on about
17ce7674,"I don't want to be uncharitable to Joe, I do think I am just missing his point"
d2cbae83,"Extremely true though, Battler got absolutely fucking rumbled"
505a43d8,truly a witch of the kitchen
e1688f3c,played through the whole game
162b34e4,Well the ace attorney games got bundled together on here so it could be done that way afterwards
02ff68a1,I greatly appreciate it.
17ce7674,That was a really good scene
ae10a8f4,Jerimiah? He's completly unironic what are you talking about lol
e1688f3c,hopefully no one saw 😔
2e441894,I guess you're right
1fd2119c,Why is chat saying Devin is in chat
8441b39f,That's disrespectful with the outside weeb
ecece11b,You win this time P3 bros
3a068e31,"its crazy to me that, for one"
e1688f3c,name of song is real thouggh
d053e1b9,"""Nono chat I swear the stream is happening"""
fa09cb53,updating discord on laptop rn the internet here fucking sucks!!!!
daee0717,dw it gets good 20 hours in
0f04debb,and i'll be providing light novel illustrations if i can
0be52b7c,I'm actually struggling to think of a main character that I like as much as Battler
0eccefda,WE’RE A BOY BIG BATTLER VIBES
fce5d05f,"You can never hear the words magic, love, witches or gold the same way again 😔"
ba52ee3b,wait i typed scissors
fa09cb53,receipt some time says 30 mil a month and another month it like 55 mil da hell
b4690dc2,she never said any of it in red fortunately
e1688f3c,"you be like

Rigidbody cumballs = get componenet ()"
fe851805,recorders are bad it's true
e1688f3c,for le new years occasionm
1fd2119c,Every time a new character shows up
daee0717,good morning umi stream chat
5b7aedab,BATTLER GET IT TOGETHER MY MAN
fa09cb53,scary creepy paste 😨😨😨😨😨😨😨😨😨😨
0f04debb,HE CAN SAY THAT NATSUHI IS NOT THE CULPRIT NOW YESSSSSSS
0fc6bdb1,ok but social services will have a writeup on rosa
b58b70f8,ep 3 is so predominantly eva focused
6cd41a0f,Switch version of umineko
62c1fbf7,Joe voices Erika like the smallest lil rat
b4690dc2,it's called the digestive tract
d64c58dd,Who do you think makes better cookies ronove or gohda
30a0ff40,After Rosa broke her lollipop it was time for 'tricks'
b478b463,its mostly just fun to think about
20bf120f,(I am not the witch)
e1688f3c,shading around the eyes look like acne doe
fa09cb53,lips dont feel nothing
c3e052ec,sorry is this still about trickshot simulator
fa09cb53,content lacking repetitive gameplay and pay to win model (fail)
6cd41a0f,What even is wrong with lucifer myst 💔
f06d395c,I really enjoyed the slice of life in Higurashi for example
f06d395c,Bit drawn out but this was damn good
bfa4eaa7,"""fishy aroma""? clearly a clue!"
441da1e5,"Yeah, they did a similar thing with Lambadelta in ep 2 tea party lol"
7b01763e,you’re like george you can do anything
f06d395c,Beatrick is really well executed
51a6abb9,bitrate flushed down the toilet with these effects
bfdf84c8,The Empyrean of the entire story
1179fed8,"God I hope Battler will open with ""What are these, boobs?"""
7e5b9ca6,yeah you probably do watch
409aa8ed,im listening to babies crying
60863448,little do they know that brainrot is part of the fun
b478b463,i forgot how intitimidating 07th install for higu is lol
e1688f3c,but it be lacking some important normal features
1dd860ce,i'm only up to the end of the 2nd palace if you mean me but joe has played it
71084104,Thats barely a conscious adult
8264f965,i dont blame her tbh
e329c772,It's why I read the manga instead
7829cb39,I really look forward to this
e1688f3c,wait for the netflix version to come out 👍👍
409aa8ed,sounds like one of those scholastic bookfair books lol
078a32ed,I am Anges friend : (
02ff68a1,yoooooooooooooo 100% stake church member light blue role representation!
a14d6655,every line in umineko is important
e1688f3c,just went around and bought nothing
549f4fe0,especially in real life
0b843864,Same red hair makes me feel like he's representing Battler in some way
d053e1b9,That's like what $3?
e1688f3c,zamn you rich bro holy shit! 11
441da1e5,"Idk I joined at, lemme check, 29th May 2023"
b35e50e8,they let beato escape
5b7aedab,all purpose-made i think
0fc6bdb1,"so she's not being humanised, humans have agency"
ff63de9e,obviously he doesn't believe there's 100 hidden people on the island
e1688f3c,there's one period of microeconomics a week
e87f292e,how are both channels talking about homestuck at the same time
13a6ed2b,"> only some bits of it are important
💔"
02ff68a1,I get where youre coming from but it doesn't pass my characterization sniff test.
534a81ea,"It is higher on the VNBD than Umineko!
probably the Anime but still"
eae8991a,Ronove is just happy to be here honestly
e1688f3c,check the config see iifi you can add more
0c247e09,I hope battler just skips over this
db13175c,and the worst part? i can always explain why
ff63de9e,"shit happens, moving on"
7e5b9ca6,umi6 battler during sex
e1688f3c,wait elonv musk bought twitter??
83cb2bb1,Shannon murder suicide is back on the table
b18daefb,"but umipro is worse because it says ""flip the chessboard"" instead of ""spin the chessboard"""
b478b463,im deleting this like rigth after.  ramadan is like no-nut november for the devil
621bad4b,"than i would be about like, the secret Beatrice Cave behind the portrait"
409aa8ed,BEHOILD THE SWEETFISH RIVER
b4690dc2,umi2  that would actually make so much sense wouldn't it
b4690dc2,when I first saw the time jump forward like that I was actually shocked
60863448,there are ones i didn't include when i originally made the video because they were spoilers
ff63de9e,she doesn't need speed dial cuz she's always around ange
505a43d8,"ok, but tbf, only after they pointed guns at her"
e1688f3c,i can't make the whole ass map in blender and import in
dd9e2814,Just got it recommended XD
fa09cb53,just the strumming is kind of the same as repeatedly playing chord on a piano
409aa8ed,FLCL YEAHHHHHHHHHHHHH
e1849ed8,boss baby vibes even
fa8d08e9,"at a certain point, I think the length becomes a positive"
7b564ea9,"But yeah, trust in Battler, Battler Stocks will rise"
b4690dc2,imo diacritics should always be left out of english transliterations
49b618b9,I'm laughing so much it hurts
83aa7c93,"Puns aside, it lost its magic for me"
38ccd930,I still don't get the chat message lol
c73b2cb7,"No you don't understand, the slurs are a vital part of this character's journey and arc."
f06d395c,Never read any of it. Maybe one day
f06d395c,It's fucking hilarious
0f04debb,"ah, good. nice to know my memory regarding ep 2 is still kicking"
49b618b9,didn't even say i want to go to tartarus
f06d395c,I dunno if they'll bring him back
0fd535f0,"that, and no tsurupettan"
5dc7b18f,"Kinzo said ""riight"", who says right like that? BEATRICE DOES, SHE'S THE ONLY ONE WHO DOES"
8441b39f,Hi Umichat. I caught up with Umistreams. Now I'm read to Umitalk about Umineko
02ff68a1,"I think so, but not for like, her entire life."
d64c58dd,And then they had a tea party
02ff68a1,Nahhh I feel like Kyrie should be the betting favorite. She's cold and crazy.
e1688f3c,VK7JG-NPHTM-C97JM-9MPGT-3V66T
f06d395c,It's still very ostentatious
02ff68a1,i've had a few disruptions
d25281cf,(Looks at the chess set behind me) haha yeah
409aa8ed,"""Welcome home milady""
""Redditor"""
fa09cb53,that what trollage should have been
621bad4b,at this point i think krauss doing something smart would surprise me more than magic being real
637beb8b,"those are called ""shoes"""
0c427976,Yep thats the scene 😭 Sure was something...
5dc7b18f,ok so is this like some illusion game by Beatrice???
f06d395c,"Well, technically, Beatrice did end the game"
219c8209,How many joe gifs are there
db13175c,they are true words but they sound silly
e1688f3c,but he kinda look like this guy]
84589370,Wait I thought it was the bunnies that got her not the stakes
7e92c265,I wasn't making a comment on that I was just thinking about aegis
5376ff2f,why is nodja's umineko playlist so fucked up
fa09cb53,like put it infront of your house
87df89af,In so far as Disco Elysium is
ff63de9e,only the ones that are not nsfw at all
96bf8c05,WHAT MAKES YOU THINK THAT
d053e1b9,Where it's just kind of he plays whatever he wants
83aa7c93,BUT MAYBE YOUR LOVE CAN NANJO
725720d2,Someone told me Castlevania of sorrow had good controls once and I did this
d37288cb,well umi has more room because it's presenting the wacky magic stuff at the start
fa09cb53,she works for the chinese gorvernment in mass surveillance
fd46192f,he must not have a sink
fe911216,erika isn't the one who did the headcount; it was battler. i just checked
f06d395c,Joe mentioned it recently that he remembers people who never returned
1fd2119c,"Well, there's always the word play stuff from Umi 3"
fa09cb53,no who tf care about curry the food???
fa09cb53,ads on math ruins the “artistic” integrity 😳😳😳
e1688f3c,i'm going to write my first hello world program today!!!
219c8209,How to fix umipro audio? Quiet music for example
29178c9d,guiding battler in the wrong direction
e1688f3c,checking audio settings
f06d395c,He's not the game master but still
b621b1a2,its still EXTREMELY funny that umineko was what brought mouse and joe tgt
ff63de9e,im a sucker for dumb twists
40497259,"thank you for clarifying. there's a lot of stuff to say but I'm gonna hold off, for now"
fa09cb53,this brandon is unhinged !!!
8c33dd74,watching the tea party part of the vod right now
162b34e4,I wouldn't bet your life savings on it
0fc6bdb1,"interesting, the answers arc just didn't land with them huh"
6cd41a0f,Man didn’t know baseball could be this cool
e1688f3c,and thinks that perseus is real
a937077f,"I am, strangely curious as to just how bad it could be"
a0fe91b3,"would you say that the assasinators, therefore, needed a lot of money right then?"
47247786,Don't mention Golden Fantasia. Knowing there's a fighting game is a spoiler.
725720d2,That’s just slang for heroin in English
5dc7b18f,especially nowadays since social media loves spoiling the shit out of new things
e1688f3c,she learned her lesson 😂😂
13a6ed2b,it's a mod of umipro
daee0717,that is the plan yes
3161237a,"No, it's flipping the chessboard around"
db13175c,we love mpreg in umifullden 💯 ‼️
f06d395c,I am grinning and am mostly entertained through this but I don't think all this was necessary
b58b70f8,for which ep they are
f06d395c,THIS IS FUCKING AWESOME
0eccefda,if it’s not happening then the story doesnt make any sense
17a6b71b,We believe in polyamory
219c8209,like we can all agree eating your relatives isn't a good time spend right
5c345fff,"12 angry weebs yeah, joe mentioned this in uhhh stream 4 or 5"
13a6ed2b,"ohh i see, that makes sense"
409aa8ed,god i love stream vods
e1688f3c,ice cream (chocolate swirl)
5376ff2f,I would be more interested in seeing him stream higanbana
9ffae087,caughing mouse vs hydrogen redweb
13a6ed2b,PS2 non-canon bonus stuff it seems?
bfa4eaa7,"even if 07th has better catch phrases, the prose in umipro is a lot cleaner and flows better"
e1688f3c,so i went on the library computer and googled large tits
5b7aedab,i'm guessing it was not a good fit for them
1fc172f8,"the ""fire at will"" joke"
d0d252d6,How many people here not watch the p3 streams?
fa09cb53,idk how my sketch or character design gonna be like in 3d so good luck
29178c9d,"people who act healthy, well socialized, neurotypical and trauma free scare me"
fa09cb53,"""sob big brother..."""
13a6ed2b,i dont speak Brazilian Portuguese so i didnt watch it and i dont know his opinions
20bf120f,"I don't know persona enough, but I am going with my biased opinion anyways"
e1688f3c,zamn actually i don't know which building that is
f06d395c,If Joe wants to talk to everyone I hope he doesn't get annoyed about that
d053e1b9,I mean he's a culprit in some ways already...
ff63de9e,spelled exactly like that
20bf120f,I only realized that I didn't have lone fixer when I fought against argalia with loland
fa09cb53,bai hat me toi tai mien phi tren zingmp3
20bf120f,The romans perfected that technique
162b34e4,Rewatch the first 10 minutes for Joe's reaction to all the Nanjos
6b81da02,I've never seen one with so many fanart tbh
daee0717,damn thats high level strategy
b4690dc2,yeah his drip is straight wet
441da1e5,"Quick question, were you brave enough to read th epilogue?"
b9f82b61,why would that be the case
f06d395c,"Yeah Shannon/Sayo is also ""fake"""
b4690dc2,"it's kind of like schrodinger's cat, a deliberately weird metaphor for a true fact"
ae10a8f4,then imo they won't like it all
b9f82b61,nah it should've just not be based on the SECOND letter
3c6ae2a1,hi I finished umineko two weeks ago and just want to say it's peak
8264f965,this is what being a girl feels like
20bf120f,Beato ordered Ronove to create a locked room mystery. In the rose garden
e1688f3c,how dare you talk about my mama -9999 social credits
f06d395c,When demonstrating the trick with the flower petals
b4690dc2,"counterpoint, the use of gate like that might not be common in 1990's japan?"
f06d395c,"Maybe stupid question but is it written ""Ciconia"" in Japanese also?"
d64c58dd,Yeah but thats like episode 3 so its fine
fa7275a3,Wait weren't there 4 Winchesters
73e128e5,yeah i consistently kept thinking jessica was 16 despite her being stated to also be 18
6c6ab8c5,"Uu! He's my friend

HE IS DESTROYING THE ENVIRONMENT"
73e128e5,1's cast is shulk and friends
fa09cb53,but also there could be a skill point system
e1688f3c,downloading do vinh ky righ tnow
b4690dc2,it loaded but you still can
e1688f3c,sleeping without bedsheets right now
e1688f3c,iu got i twotrking!!!
e1688f3c,that part isn't supposed to be filled in
e1688f3c,damn bro doing essay right now
fa09cb53,ayo this what ben shapiro talked about when he say the energy comes back on god !!!
e1688f3c,holy shit bro it's the same fruit guy!!!!
f06d395c,This is so well done
f06d395c,He solved AI 2's twist literally because of one line in a joke
f358d26a,Also he is the one telling the story so I guess he’s just embellishing his looks lmao
33494d5e,"no fear, one fear, MORE FEAR"
e1688f3c,so sudanese have something to laugh at 😂😂😂😂😂
70cb8f0d,oh it's like different seasons of anime get separate ratings I get it
bfdf84c8,Episode 7 is the most Higurashi episode?
e1688f3c,ebooks no way cost more than physical books
23cb59d8,Someone explain to me. Why do you all think Shannon and Kanon are the same person?
fa09cb53,old one dies whenever it reaches 30 - 50%
87df89af,"She's all of them, I think"
20bf120f,"Nah, they just didn't happen"
e1688f3c,but he leaked a track from his upcoming album for bitches to hear
fa09cb53,you can hear some girl in the background said
64d27f02,see one post above mine
637beb8b,"they got emotes for all the WTC games, RGD and Higanbana"
37f869c9,Someone here said it’s not a crossword puzzle but he’s actually trying to solve the epitaph
fa09cb53,the poopenfarten 👆😂😂
e1849ed8,for beato he would be
8441b39f,I like to be the right hand man tho
d25281cf,but battler came back :)
fa09cb53,im going to bomb the white house
fa09cb53,gaming on my ti nspire
20bf120f,Someone called out that evas younger self has blue eyes. Does her older self have blue eyes as well?
1dde7edb,umi 3 this was the worst part for me too at least until after the epic anime twin towers battle
441da1e5,"Man, Dlanor could've been such a cool character"
5b7aedab,nah that sucked even as a joke
e1688f3c,i walked through everything and pretended to do shit
12e5897b,Oh that's really neat!
441da1e5,They are immune to red truth
e1688f3c,i can speak anime now!!!
ba52ee3b,"umi2 
||
```ansi
I'll say it again for you:[2;31m Metaphor is not real[0m  cackle cackle
```
||"
e1688f3c,nah bro i don't care enough to prove anyone wrong
eaddc5d1,"Ah, I see the hydrogen baby has encountered object permanence"
f06d395c,Fuck another 7+ hours
7979ec9a,will there be streams next week?
754e75ac,what the fuck is this
73e128e5,he literally morbed beato's lines right after the fight so
e1688f3c,the dropoff point has a bunch of grab people sitting on motorcycles and shit just waiting there
048fc8de,just always air on the side of caution with spoilers
47247786,He has a slightly different voice because this time it's Ange imagining him instead of Maria.
e1688f3c,🤣🤣🤣🤣🤣🤣🤣🤣🤣🤣🤣🤣🤣🤣🤣🤣🤣🤣🤣🤣🤣🤣🤣🤣🤣
1fd2119c,I hate your name and love your name
07e46c25,untrue. a jadster went to the mansion the other day 😤
f06d395c,Truly the ep 3 Banquet of wrestling
fa8d08e9,my leading theory is that the culprit is battler because it sounds like butler
0c427976,Umi 3 He got super close to his face and started talking all seductive lol
fa09cb53,was just sitting around on the pc and i think i kicked to pc or smt
20bf120f,He is averting the worst by the grace of bullshit denialism
db13175c,I have not played twewy
53a6e340,why is this one piece convo in umichat
fa09cb53,eww vin shill business department
7e5b9ca6,do you think centipedes buy 100 of the same type of shoe or do they buy 50 different pairs of shoes
e1688f3c,can't read chinese brody
0ef04394,"my birthday is now perma-doxxed in the umi vods, the way god intended"
b4690dc2,"alternatively: ""here's why joe is actually an f-tier chatter"""
fa09cb53,funny game where you kill wife
07e46c25,are you having fun jelly
e1688f3c,but really happy with how it is turning out
fa09cb53,csgo sucking on deez nut!!!
7e5b9ca6,"wait, ain't these boobs?!?"
f0578b25,god i love the homestuck chart
87df89af,"I genuinely don't know, so just curious"
d25281cf,I was a wondering about that
b9f82b61,he's just riffing over here
fa09cb53,aight sleeping fr fr fr fr
7e5b9ca6,this was what i thought at first LOL
0f04debb,"of course, i didn't imply otherwise :P"
621bad4b,and just not told jessica about it
f358d26a,That’s why it’s confusing lol
85416f74,Give Ryukishi the keys to a Fate spinoff
0fc6bdb1,"a robust satire would be really refreshing here, agreed"
aeda0791,If only I was a himejoshi 😭
3c6ae2a1,it's woke because it has female characters with agency
b4e5f498,Must be imagining it then
e1688f3c,gamemaker now offers free licenses
409aa8ed,link to it plz i need to contribute
621bad4b,it will drastically alter your perspective on this discussion
7e5b9ca6,both shanjo and nyanjo versions
d053e1b9,I'm getting war flashbacks from bashing my head against a wall solving this
219c8209,"Yeah there was no court, why is she here then"
fa09cb53,you get vietnamese facebook bitches posting shit about you
e1688f3c,now it's not online and not multiple choioce
6cd41a0f,So like battler likes ass instead of chest instead?
6cd41a0f,Umi full the ps3 one also has battler holding baby ange’s hand cg too
754e75ac,"""there'll be nothing left when I'm done with you!""
-Ryuji"
fd46192f,tom is the biggest weeb i've ever seen
e1688f3c,playing with tung right now
d0d252d6,My job called me in late
07e46c25,solving umineko by giving beatrice a steamdeck with balatro installed
d053e1b9,I just figured it out by skipping past it
30a0ff40,"up until end of ep3 no, later yes"
a997b01f,I love abusing my power to make Joe say things by pinning them
fa09cb53,me when i play mario 2d bike game
358aad55,i don't think we're the target audience anymore
b4690dc2,that might remain to be seen
e1688f3c,you should say because you want to enjoy the finer things in life
d64c58dd,time to get up and go to work
e1688f3c,i'll send it again once i put in more shit
d1712dc0,"I could've (not now cus Ill be leaving soon), but I really did actually want to read the VN."
e1688f3c,ayo wtf is this shit
f06d395c,It always shines when it focuses on characters. That's one of the big strengths of the story so far
441da1e5,I mean I went to the last page and went to the bottom
d053e1b9,[umi 3] How is Eva Beatrice even more of a psychopath than Beato
f06d395c,I think he does enjoy seeing people solve it but maybe not to the detriment of everything else
fa09cb53,one hour of commute 😩
fa09cb53,bitch ass phone small screen bitch ass
b478b463,"Sorry, is all you're asking for just Umi 2 safe  the names of the demon girls you saw? "
fa09cb53,removed banned for karmawhoring get fucked redditard!!!!!
fa09cb53,milf freedom fighters!!!
37f869c9,Wonder what that could mean
e1688f3c,wait fuck wrong person
fa09cb53,halved the contrast atleast
c73b2cb7,Is there any series one can proudly be a fan of?
f06d395c,There's a very specific show that's coming to my mind too
e1688f3c,and they are using it right now
c73b2cb7,i fucking love surprised beato face
d0cb4aa9,The mangas he wrote for yeah
5b7aedab,you gotta get the dunks in when they come up
b4690dc2,that line from hideyoshi is in umi1
a997b01f,The cliffposts are moving at lightspeed to episode 8
f06d395c,None of the books Kinzo read prepared him for the 🤌
219c8209,I'm just passionate about funny old men
1a0cc9d8,Natsuhi is painfully subservient
fa09cb53,now have to redo the bass and shit
24ea4ff4,and had way too much effort put into it lol
e1688f3c,dit me may ... naruto kun. . . .. . . . .> >!> !>>!> !> !> !>>! >!> > >!~!>?
653b6fd3,Everything else is a question mark
bfa4eaa7,surprisingly some of these things still count as umineko discussion
fa09cb53,why ain he smiling dawg
d25281cf,A girl and her stake <3
fa09cb53,yeah bro its actually over bro
e1688f3c,1 fanta and 1 fries is mine
e1688f3c,probably need to log out fitsst
e1688f3c,"check out my new ""cow"" mojis"
b4690dc2,speaking of do we have umi3  virgiliajo?
e1688f3c,don't know bro i haven't watched the lore explanation yet
49b618b9,crystal you're gonna keep reading along with joe right?
fa09cb53,one of those informational video
8c2d3d2b,"the stageplays, that's the play"
40497259,I hope Umineko ends on such a terrible note that it makes us regret all the time we spent on it.
f06d395c,OK I'M FULLY UMIPRO PILLED NOW
d5284187,"See, everyone loves George"
70cb8f0d,4 hours until greatness (Joe will also be there I guess)
56d90223,HOW YAKK FEEL SHANNON = KANON CHAT
94b5b4c9,You do need to be in a right state of mind for corupost
d0fb1a3c,The two of them pee.
d5284187,"It's a prequel, you are supposed to know how it ends"
b4690dc2,or more like if umi2 was called  return to rokkenjima
441da1e5,Prepare for third retry of the whole aeroport scene
505a43d8,"it was 4, maria deep dive was viaa her diary being read by ange"
20bf120f,Don't know if I trust Unhooked with only 138 users 🙂
e1688f3c,homosexual gas true form
fa09cb53,this from a game called linage 2
56d90223,How did I get spoilers for Umi 8😔
a5dedc72,I totally disagree but respect yer opinion
2e441894,Subahibi's author is pretty unhinged so it's probably the latter
d053e1b9,"You know what, that actually tracks wtf am I thinking"
d25281cf,The Umineko's! They're crying!
ba52ee3b,still works though since limbus makes their stories parallel
bfdf84c8,"In a meta sense, ""the culprit was Yasu"" is a meme that ryukishi chose so people couldn't spoil it"
29178c9d,"both moments from umi 1, HATES umi 2"
1fd2119c,"WELCOME TO THE PEAK EXPRESS, FULL STREAM AHEAD"
daee0717,thats all i have to say on the matter
d2cbae83,That makes the most sense to me right now
5b7aedab,⚫⚫⚫ Jeremiah (#PentimentStreams2025) is typing ...
e1688f3c,i doubt that guy can do anything unprompted
e01533e7,"Of course it's a jessica and george episode, we need to introduce the polycule"
e1688f3c,past few days i've been
358aad55,why are all my friends becoming trans
6d468d99,how did fate start? cause i watched the anime and it hooked watchers* right from the start
d2cbae83,I think that is actually a bit part of things
e1688f3c,but they still do researching
e1688f3c,holy shit it is friday night fucking !!!
c11040f9,"Boobs? What is this, a Gaap reference?"
e1688f3c,the politics is complicated
d053e1b9,windows-ass setup screen
70cb8f0d,"Joe said it, but not in red, that there is no stream today"
db13175c,"and apathy, which played a lot last stream"
d053e1b9,Smug faces do things to me
fa09cb53,aight just add other instruments
db13175c,that's why people are saying it's gonna be 6-7 streams to finish
db13175c,i thought  this was you announcing your name change lmfao
e1688f3c,but the time at which you retry gets closer to when you getting rapedd
f06d395c,It's too much to listen to Joe read and post here
d8b37c35,is there a place where all of of umineko vod are being upload ?
3c6ae2a1,okay then I'll keep it to myself
fa09cb53,you have to put your grades in a nd shiy?
441da1e5,Vergilia's red statement was also probably granted by Lambda
bb426429,did it happen already?
eaddc5d1,...is that unsatisfying???
7b01763e,our confession was the super worth one for me and i wasn’t huge on last note lmao
219c8209,did he say anything about next guest streams?
fa09cb53,bro all this mf video is about binh duong
eaddc5d1,this is the easiest slam dunk of visual analysis in the world imo
24ea4ff4,I wouldn't say the best ever but its very good
8c33dd74,its why he gave it a 6/10
e1688f3c,got caught off guard
f06d395c,It actually sets the mood really well
e8ad9e34,"it's the devil's proof again!
befuddledbattler.jpg"
e1688f3c,mf designed a csgo map
fa09cb53,when your turn over rate is: damn turn over rate
e1688f3c,damn i checked the discord chat
fa09cb53,your mom :amongusrap:
0fc6bdb1,makes me legit wonder why he doesn't do it more often
0b843864,Oh my god Ryukishi please you can stop repeating it now the scene was already good please let it end
0f04debb,also establishing that erika is the antichrist
c73b2cb7,We are getting some real worth out of these Thank You Mouse Images
df4aa97d,Ohhhhhhhhh wait a sec
bfdf84c8,I do think this is by far the best scene in the ep as of right now
e1688f3c,tempo isn't going to be constant and might change
20bf120f,"close to finishing, only 25 more hours 🙂"
d053e1b9,I can't believe ange was neko arc all along
02ff68a1,it'll 100% be the most different one.
e1688f3c,grandma's ascension to heaven
fa09cb53,5 + one 2003 toshiba boxed tv
70cb8f0d,"I'll be honest I was for some reason 100% sure his name was ""Wheelbarrow"""
fa09cb53,eminem when he needs to enter terminal 8 to catch the subway to boston
fa09cb53,bro sourced dragon balls
70cb8f0d,!ban Umi 5 (big man ray done)
7e5b9ca6,it's okay because i'm missing like every stream until 4
fd46192f,it did? i can't remember us being told who it is
7e5b9ca6,"""hmm the purple one looks cooler than the red one"""
fa09cb53,bro what are you talking about??
87df89af,"The closest they got on stream was Battler talking about magical thinking, which is a real thing"
51a6abb9,i swear i saw a set of cgs just like this...
f06d395c,I just hope this is better paced than Mountain Dogs (Higu 8)
e949382e,man i love when joe is like this
aa8f5f2f,This discussion will die down once something from umi related stuff gets in
fce5d05f,Get ready for ten more years of kanji and naoto discourse
b4690dc2,wide world out there
0be52b7c,"Thinking about the quiz scenes 
I like how there's this feeling of repentance, but not forgiveness"
eef09ada,Ok can someone tell me what buttfangs are and how they are relevant?
ba52ee3b,must be the work of beatrice
20bf120f,Is maria going to explode? 🙂
fce5d05f,the casting is perfect
b4690dc2,"auspice, I remember the word now"
e8769870,"Considering they where actually quadruplets, wouldn't it be 18/22?"
76f65394,I conviced my friend to watch it with me we are almost done with episode 3
02ff68a1,that you can't guarentee the reader remembers.
ae10a8f4,Yeah sadly the editor pssed after epsiode 5
505a43d8,"they got it twisted, pleasantly"
409aa8ed,"""Ill eat dominos with you while we watch your family die. Would that make you happy?"""
fd46192f,whichever one saying that clues have to be shown
1fd2119c,Speaking of bunny girls
1fd2119c,(and generally seemed more confused about the whole thing)
c7120964,"Finishes umineko
Now stream-chat can see umi-full
Congratulations"
f06d395c,Was it episode 2 or 3 when Kanon and Jessica were in that room
8c33dd74,I prefer the term Valledation
ff63de9e,fine you'll all see when this country goes to shit once bernkastel is elected
b35e50e8,just gotta be careful cuz you where like a half a minute ahead of the stream
cbee777f,"""Guys help, my Maria tulpa won't stop screaming"""
70cb8f0d,"rule of cool, tag every spoiler even if it's a reply to other spoiler
because cool people do that"
e949382e,its basically shonen dont worry
441da1e5,(Blue Prince)Its the funeral parlor
f06d395c,I hadn't looked at discord in a while and glanced to be flashbanged by tits
219c8209,Totally original line btw I'm smart
d0d252d6,I think we will be safe cause ep2 he will get to the red truths in the scene after
d64c58dd,now I can post her in the sea of nanjos
e967d591,that in itself is worth it
df4aa97d,This is self insert fic. You really think she'd let herself lose?
83aa7c93,I DONT CARE HOW HOT SHE IS
d25281cf,like idk where else I'd get that
60863448,heres a theory for you
bfa4eaa7,I can tag it if ppl feel strongly
e1688f3c,i mean he did get 10 million budget from the school
d053e1b9,"Note that if you take the spoiler chat role, there's no going back"
b088e603,I think you're cooking though
d54830ca,video is before where the stream progress is
94b5b4c9,"you know, feminist literature"
b8eaf23d,if they saw the words umi 7
b8c9a0b4,apologies if its considered a spoiler i can delete the message
266ad4d0,it was intended for the tapes yes but it did not restrict it to that
d64c58dd,hows it going umi stream chat
505a43d8,thats just call of the night
5b7aedab,_polycule lan party_
fa09cb53,damn gotta probably delete some shit for that
e1688f3c,and the period is more than 3 hours long
5b7aedab,i'm ngl the structure is definitely harder to parse that 1-3
b4690dc2,although importantly I don't think rosa can accept that her behavior needs to change
89d41233,"Battler is dumb, but to be fair he had no way of knowing you couldn't trust your own eyes"
f06d395c,Almost more active than DD
ecece11b,No point at this point
6a9a4ab6,So what ended up happening with Higurashi stream
b58b70f8,its considered a trilogy alongside lain and haibane renmei
b9f82b61,literally every person could a culprit at the same time if you just go by the rules in red
e1688f3c,making awesome jam right now
f06d395c,Maybe Joe just doesn't want 2 streams each week with spoiler content for people not reading along
bfa4eaa7,the animation on girls band cry is so cool
f06d395c,That rationality is somehow superior or that magic is woowoo Harry Potter bullshit
ff63de9e,bro's name was an epitaph in it of itself umi full
409aa8ed,"i know exactly what scene ur talking about, trust me this is not it"
3c96715a,Umineko is about seagulls
b8eaf23d,they had each others phone numbers like you know
0fc6bdb1,I've been saying this for weeks
a14d6655,13 sentinels is SO BAD!
7e5b9ca6,george might be magician
754e75ac,I'm almost done with stream 5
9d987774,the problem is that a proper translation is effectively rewriting the entire work from the ground up
deb8f4c6,"but that's just someone who lived of otaku culture for you, pretty much"
f06d395c,Yeah it's a very unique situation
70cb8f0d,"rosa voters see one devil may cry sequence and forgot 15 previous ""Maria DID cry"" sequences"
bb426429,Nanjo Fungible Tokens
87df89af,We're barely 4 chapters in and we're already moving away from it as the focus
e1688f3c,did anyone else play it?
fa09cb53,they killed the fucking fox 😭
87df89af,What is he fucking talking about. He hasn't solved shit
fa09cb53,they had people checking for submission vro
409aa8ed,see this is why kinzo needed an actual priest on the island
0c427976,He's the only reason to play Umineko tbh
fa09cb53,this what you could have seen in the cinema last night smh 😔
5c345fff,if i recall correctly patstaresat survived through all of ai somnium 2 which speaks for itself
d25281cf,And it’s of best mom
49b618b9,Man I should read homestuck
e1688f3c,i tried to deny as softly as possible
24ea4ff4,just need to remove the checkbox there I think?
b4690dc2,schrodinger's memory
73e128e5,"make up bullshit, then furiously wrack your brain for how it could be supported by the text"
b4690dc2,I would absolutely be blaming Eva for everything and I wouldn’t feel bad about it
ae10a8f4,"my genetal take on doa, is that authroial intent is as valid as any other's readers intent"
fa09cb53,i will send you shit
c73b2cb7,if you play in June you get rainbow statements
e1688f3c,watching you look at this dumbass shit
bfdf84c8, Oh this is just Higu 8  Higufull
fa09cb53,mfw want to watch robots fighting
a14d6655,Were in the discord of a Canadian streamer and yall can't help but mention maga
29178c9d,"i will vote maria, shes killing it with her crown"
34ab6ea0,"I mean, from a narrative design, yes"
29178c9d,i just finished umi 3 and every episode so far has ended brilliantly
b4e1f40d,DO NOT look up what is the №.1 highest rated vn on vndb
5c345fff,umineko and steins;gate should swap names or something
21853408,and what about witches?
13a6ed2b,but i think umi just has three
5376ff2f,this about to be a dead nanjo reaction cocks gun
8441b39f,"Now, if you said it was summer"
df4aa97d,"wait, she's the baddy?"
d2cbae83,"It would be the easiest to justify you are right, but I don't think it would work regardless"
e1688f3c,check out this cool ninja star i foiund
6cd41a0f,I think he meant the Beatrice itself
da0c8d98,And there's a lot more of those
6cd41a0f,He said 10hours a day and i said depends on your reading speed
7e5b9ca6,i like playing with toys and cars
f06d395c,Yes I definitely loved ep 5. Honestly 3 might have been the low point for me
20bf120f,Something about the chord progression
17ce7674,"Mouse, if we keep going this speed"
0b843864,Hi Mouse can we have an update on this one
409aa8ed,we should make persona headcannons for all the umineko cast
754e75ac,so old people are just better
e1688f3c,i slept for like 3 hours
fa09cb53,also been playing cult of the lamb
7e5b9ca6,lotta clueless in chat
17ce7674,"So, is it just the translation failing at their job?"
bfa4eaa7,i dont think umineko ever does this
94b5b4c9,That would be fucking great
bb426429,When is the umiden golden fantasia tournament
bfdf84c8,This is why kinzo spreads out his arms like that
f06d395c,"dalmek's humour, forged in the fires of NL, would surely work on discount NL"
8c33dd74,He's talking about Mario Odyssey
e1688f3c,he wants me to help with the code
fa09cb53,thinking about anime chica
f06d395c,Is he not just writing the script?
e8769870,get everything to the other side of the river without anything dying
1fd2119c,Your wish is my command(?)
7e5b9ca6,bro said question arcs twice
048fc8de,Seems like a fun way to note take
bfdf84c8,"""Magic 'exists'"" and ""magic is fake"" are both correct statements"
c73b2cb7,like it was funny the first two times
e1688f3c,khong chi khong van khong hoa 😭😭
0f04debb,"again, the ingots present at the halloween party during the first twilight of ep 2"
7e5b9ca6,great minds think alike
b58b70f8,krauss vs goat is one of my favorite scenes in all of ep 4 man
e1688f3c,html files can't have viruses right??
c73b2cb7,hi I've only played two rpgs
3161237a,"""Stop asking questions Joe, it's not that kind of game"""
f06d395c,Ange getting summarily dismissed like that was crazy
bfdf84c8,"Hmmm, iirc Bern and Lambda don't appear in episode until 3"
5b7aedab,repetitions of _what_ though? words? denoted facts?
ba52ee3b,sounds great i think
7e92c265,Are you reading the story or watching along with Joe
fa09cb53,wider political which consists wh*ite people doesnt represents the black community
b58b70f8,ive read a bit of ai the somnium files though
e1688f3c,can vore be possible??
d25281cf,maybe the sibling's mom was blonde and it skips around with the children/grandchildren
f06d395c,I remember being able to send SMSes to send tweets
83cb2bb1,The question is whether I wait until the end of Umineko to start reading it
da0c8d98,"God I hope not, I tried reading it in my teens and didn’t make it far lol"
441da1e5,"I'd Swap the leap day stream and the Stream One, otherwise I agree"
7e5b9ca6,imagine bro getting the hammer for that
56d90223,"“What are these, Balls?” Doesn’t have the same sting to it that makes me cringe"
d64c58dd,i'm 27 jelly is younger than me
5b7aedab,LIVE NANJOLELE REACTION
e1688f3c,this is actually big bro holy shit
b4690dc2,beatrice umi1  'exists' uu!
621bad4b,donates to the democrats but then doesn't bother voting
637beb8b,I sent Crystal the Pachinko versions because im evil
f06d395c,Crazy that we're discussing this much about a story with literal bunny girls
048fc8de,both games I like and think are good but also hated playing
13a6ed2b,it was done by a russian team
29178c9d,FILL THE MANSION WITH NATSUHI'S HEADACHE MEDICINE I SOLVED UMINEKO
37f869c9,wow a lot of people in voice
0c3a67d7,Nah thats Genji and Kinzo
fa09cb53,since i just dont want to do much with it
bfa4eaa7,"NO COMMENT... 
ep3 the chemistry is insane tho 🥺"
d0d252d6,it has so many cliffs
e967d591,enjoy your adventure with this universe!
e1688f3c,you gotta make lemode
048fc8de,my instagram reels is all conspiracy shit it's so cooked but also really funny
a997b01f,"Yep, gotta do the JOMS translation with ass nee-chans and spinning while also having Rokkenjimagate"
df4aa97d,my read is she'll speak through an existing character or off screen or something
87df89af,"It's not that 33 is a bad game, it's just Joe playing it would be horrible to watch"
adb72a1d,need a channel for people who match my freak
87df89af,I'm just ready for this to end tbh
f06d395c,The mecha stuff is so funny too lmao
bfa4eaa7,ryukishi has done this lol.
70cb8f0d,did you just call the stakes fat
fa09cb53,2 is the lowest you should put it bro
5376ff2f,he might beat barbuta
e1688f3c,elon musk anime dropping soon
3161237a,This isn't a theory it's canon in the books
0fc6bdb1,bold of you to assume they survived the krauss counter
fce5d05f,London would be good if it didn't suck
e1688f3c,grandpa got fortnite in his profile picture
fa09cb53,alright doug sounds like a very obscure game
1fd2119c,It's a so bad it's good situation
f06d395c,Are they? Comments seemed fine last I saw
87df89af,I only pieced the dante connection the other day
f06d395c,THIS IS GONNA BE SO FUN
ff63de9e,the mythological cliff in question
e1688f3c,porque estas jurando
7e5b9ca6,my last class ends 15 minutes before start time
fa09cb53,im seething witb jealousy
e1688f3c,genshin impact try not to touch kids challenge impossi blee!!!!
b4690dc2,pay off a mod to resolve a bet in a specific way
16651f76,reserved his thoughts untill he knew where it was going
f06d395c,"What will the ""contest"" even be"
12e5897b,I plan my dinners around this
a997b01f,Ding dong the witch is dead
d25281cf,he's such a slimeball
acc72aa2,umineko passes the bechdel test therefore it is feminist literature. easy.
f06d395c,I wonder which episode we'll get answers to this bullshit if we even do don't answer that
6b81da02,ZTD is genuinely hilarious I think in many ways intentionally so
72661a6c,im tired but im so locked in
1fd2119c,If you know you know
56d90223,Jelly I have a question
c73b2cb7,concerto is actually getting updates
d053e1b9,It was funny before I knew what kind of a person he was
02ff68a1,"so idk, it might not be as real and it's some bullshittery I won't get because I'm not japanese."
1fc172f8,I was about to start celebrating
fa09cb53,bro got that esoteric bullshit on the cover
7b056647,As someone who is a massive Umineko fan since I first read it 10ish years ago
d64c58dd,epic is your pfp different from this image btw
bef31d57,Nooooo toe is submitting
21bd6810,The loot tables sure are!
56d90223,Is this Kumasawas kid?
47247786,"Shannon doesn't have a day to day life, really, so I think she could get away with it."
9976f035,mmmmmmmmmmaebara kuuuuuunnnn
b9f82b61,in that case why do episodes 3 and 4 even matter
dd9e2814,Are you watching Crystal's Kingdom Hearts or something XD
f358d26a,"I agree, like I said I’m glad umineko was my first real experience with the medium"
e1688f3c,give me a moment have to set up the phone computer setup
0be52b7c,"Nanjo is a fox, the only difference is that he's smarter than the spiteful family"
8aca22aa,mahoyo could win but Joe would suffer with the sol
a4536011,"he's not falling down his own rabbit hole, he's jumping"
fa09cb53,da hell vro youtube on my craptop italic font
fa8d08e9,one piece he'll read it
a4536011,this is how umipeko continues
60863448,even in complete off hours
b8eaf23d,i think that might get a decent chunjk
bfdf84c8,So she has her own WoW
c73b2cb7,it does NOT work in twitch chat
505a43d8,def only those in this chat
b8c9a0b4,he doesnt see kyrie as his mom tho
87df89af,"Ultimately it's Battler's mystery to solve, they're only there as villains to push the protagonist"
0e8ba699,I mean it doesn't help the first 55 was also heavy reading just not of umineko
505a43d8,"i voted yess for the uu-uu and not ebcause i am supporting either option, rigged vote"
ff63de9e,i started learning exclusively to read kajiri kamui kagura
d0cb4aa9,BATTLER: wtf is all this magic bullshit!! is it even real KIM: i can see it 
3161237a,"She do anything endlessly, if I remember correctly"
441da1e5,Really? Even the Episode 2 cannibalism tea party?
20bf120f,"Ok, literally every character in the meta world is horny"
fa09cb53,a bit of slave labour couldnt hurt no body
056f5f8d,she is straight though
17ce7674,"The way the credits just roll, with all the information"
0f04debb,it gave us the return of evatrice tho :3
fa09cb53,the dingling quandale
b4690dc2,best official time is 20 something
7e6f63ae,you know what I find textually interesting
87df89af,Supposedly if she resurrects everyone else does too
ba52ee3b,umi1 has eva and hide
29178c9d,in config there's 4 different options
a912f63f,you can totally fish for red statements
13a6ed2b,raping your daughter probably already gives you a golden ticket there
0be52b7c,I just hope its actually explained and not a gold truth type of bullshit
e1688f3c,the hael you balling on about bro
fa09cb53,absolute insane edit average grade of 4 bro
0ef04394,"well im goin to bed, enjoy"
87df89af,They need to wrap this up my god
17ce7674,The peaks of Umi 5 never stop
fa09cb53,what does he want  ???
53a6e340,white album cc koharu ending cg is actually brutal
84589370,At what point do you decide that the tulpa thing is getting out of hand
b34c2493,even if it was once a week he would
d0fb1a3c,Mono is by far the best adaptation he's gotten
b4690dc2,there's reading den ig
e1688f3c,i told him that already but he made up some
40497259,please do not follow my example
e1688f3c,reroute the control to another organization
ba52ee3b,3 if you count sakutaro but thats NOT going into stream museum
b2620544,I don't particularly think he needs much encouragement.
b4690dc2,nah his pipe has gone intercontinental now
24ea4ff4,I think if you are not able to get past the OG sprites consoles are a great choice
49b618b9,Yeah it’s 3 or 4 hours away
7e5b9ca6,slot machine event to make battler say the right thing
fa09cb53,"tao nghe thay may ""hehehehehe"""
f06d395c,Should have guessed there's a website for it lol
07e46c25,we are getting baldurs gate 3 backseating in the umineko streams
b4690dc2,"get this, I placed right in the middle in a rubiks cube tournament too"
f9605862,I will say it’s impressed me how the writer is as self aware as Joe.
30a0ff40,Wonder if she'll actl just fuck somebody up lol
fa09cb53,when i get to the ho city it will become real  !!
0f04debb,THE EXTRA SHIT IS GENUINELY SO IMPORTANT
b58b70f8,the fights are always solved by the characters thinking out of the box
d053e1b9,Or are their muscles so solid that it wouldn't be cuddly
c73b2cb7,This is why I hate when games I don't like get inspired by games I like
73e128e5,kanon is simply that goated
7e92c265,"I also agree, in the witch hunt one it comes off awkwardly"
acc72aa2,the music and voice acting do a lot to elevate the experience imo
cbee777f,"No worries, even if you do go to the Umineko wiki, none of it will make sense until you finish"
637beb8b,Not a mod but prolly only via DMs just to be safe
b4690dc2,it really isn't that popular in the west
b088e603,I don't know what but you're cooking
76bf3cd7,"heads up: lots of content ids today, I don't expect to upload before midnight (in 4 hours)"
eef09ada,Is it weird that when I first read that I couldn’t tell if the game was being honest or not?
df4aa97d,"Its very snapcube ""we're back in the building"" energy"
e1688f3c,is this guy in your group
81be09b8,"What are you doing, step-son?"
d053e1b9,The game was the theories we made along the way
e1688f3c,yo mama so fat she sat next to the whole class
621bad4b,because anything it supposedly did might just have happened anyway
ae10a8f4,Pachinko Battler only appears for his worst lines
e1688f3c,damn bro they were drilling some sheet
0f04debb,i know i'm planning to!!!
dfbdeb12,Sad sad sad music doesn't get to me. There's just enough hope in apathy to make it tearjerking
24ea4ff4,its been tuesday for almost 14 hours
549f4fe0,Umi Full it also has Black Battler as a character
fa09cb53,what in the world is this crazy contraption?? 🧐
f06d395c,Watch Jeremiah be right about this too
02ff68a1,"Like, we just found out that the stakes are based off the servants sayo worked with."
b478b463,nah you guess the song based on scraped youtube comments from the songs
621bad4b,and they still haven't addressed it
f06d395c,Nope the invite is non-expiring
e1688f3c,"author could have just named 4chan ""online forum"""
b2620544,Ms perfect recall and super human senses?
441da1e5,"Kyrie is the other obviously christian name, right?"
17ce7674,"Omg, my best friend is there on Erasmus RN"
b4690dc2,he wants to read more
a11b1797,"hey yall, what is this track on the timestamp?"
5b805845,really delivers the creepy chills
68aa81ad,wait why cackle reaction?
e1688f3c,doesn't even look good bro
fa09cb53,well you know what they say!
409aa8ed,AAAAAAAAAAAAAAAAAAAAAAAA
29178c9d,i haven't even read the rest
0be52b7c,"fucking greatness
and then it's even better reading the discussion here
you guys are too damn smart"
441da1e5,"Yeah, that's a pretty plausible theory, in fact that is Joe's current working theory"
f06d395c,George building a harem with chair-chan and table-kun
b4e5f498,Did Joe imply there's gonna be more Greg collab?
13a6ed2b,its not like its been happening the entire time
e1688f3c,quang dung clone no jutsu
fa09cb53,dungerx giving hypothetical head
13a6ed2b,umineko project is installable on android
d25281cf,gotta practice your AAAAAHAHAHAHAHA!'s
0f04debb,that's why forgeries exist
fa09cb53,these looking good rn
94b5b4c9,"yeah, and the main character should be aware it's not okay"
219c8209,Why Ange hates processor? From reader perspective this guy gave A LOT of valuable plot things
13a6ed2b,umi has a handful of non-canon side stories
eae8991a,I was thinking Sylvain FE’s voice actor for Battler
fa09cb53,obama.. is joe brandon!!!!!!!
31a02125,but not the whole way through
8264f965,tsundere plane hitting twin towers chan but not that it likes them or anything
fa7275a3,After ep 4 he's taking a break from umineko to finish bg3
8aca22aa,star wars jedi survivor is also amazing
fa09cb53,or literally any location
ba52ee3b,notice how its griffith
f0578b25,i dunno man i totally fell for it but i might just be shoujo-slop brained
e1688f3c,making retarded shit now sung:
e1688f3c,these two sentence horror posts are getting retarded
51a6abb9,the vibes were in the room with the water
443663fd,oh god it's even worse
bfa4eaa7,this would lead to horrible consequences
5b7aedab,"What if we're all Nanjo, really?"
db13175c,I'm interested in Fata  something to do with being intersex?  and also Seventh Lair a lot
3161237a,How would Rosa and Maria resolve their differences?
d0d252d6,I’m glad Joe is having guests on stream
56d90223,I have “fanart” that I need to somehow turn Umineko
1fc172f8,i like the real world time clock. just in case you forget it exists
0be52b7c,I refuse to explain!
5b7aedab,i'm curious; where are you going with this?
409aa8ed,if you dont spawncamp her unfairly she genuinely could
683b95f7,please tag this as umifull spoilers
f06d395c,Last stream was cream
1fd2119c,"As long as you're keeping pace with Joe, you should be good I'd say"
fa09cb53,damn bro there are comment sections on fox news articles
a5dcb22f,Idk i haven't been spoiled at all
29178c9d,i mean if we dont actually believe they exist then we are just ignoring the 1000 years shit
e1849ed8,oh geez I hope he does BG3 solo
cbee777f,Autoread make things slower since Joe talks over the VA and doesn't wait to let it play out
441da1e5,Hopefully no Umi 4 spoilers are coming your way LMAO
b4690dc2,"battler's language when he first used it was also ""I guarantee that corpse is grandfather's"""
fa09cb53,this will be FUCK YOU !!!!!!!!!!!!!!!!!!!!!!!!!
e1688f3c,what social media is doing to our society
13a6ed2b,i wonder how many Ryukishi heads have read the route he wrote for Kamaitachi no Yoru's remake
e1688f3c,is that what the scream is supposed to be???
b2620544,"But now, could be a few things"
ae10a8f4,we solved mystery as a genre
3eedca15,"The longer the hiatus, the larger the Umineko sandwich, we will be eating so good"
21bd6810,One piece cold take. They never should have visualized haki
e1688f3c,i'm sending you all these financial tips why you not millionaire yet???????
219c8209,he is Kinzo's grandkid
3c6ae2a1,I read umineko on mobile
f06d395c,Joe locked in his answer and is now going through all the hints
0f04debb,will the big shannon eat the little kanon or will the little kanon eat the big shannon
ba52ee3b,should i make popcorn yay or nay
63518930,where else can you read Natsuhi/Eva smut?
fa09cb53,end of DA Kingdon!!!!!!
ae10a8f4,"""Teacher I don't know what the fuck to do."""
fa09cb53,yeah cause you end it on a high note
02ff68a1,fucking midday and I already feel like i need to sleep
0fc6bdb1,JEREMIAH I NEED YOU TO VALIDATE THIS
73e128e5,where's the beatpicklerick
63518930,whats the fourth one?
73e128e5,"""chat, come on, everyone is a LITTLE gay"" bing bong"
fa09cb53,basically they think its funny but its betteqr to keep channel nsfw 😔
d1879277,Freakish was an excellent choice in words.
5c3e45cb,or big tiddy asian women
07e46c25,the fact rudolf brings it up makes me think it was at least common-knowledge
17ce7674,Its really good so far
83aa7c93,"Unironically why I'm enjoying Hundred Lines more atm, I don't have expectations to be met"
fa09cb53,damn bro game got the low poly ps1 imitation graphics
02ff68a1,it's really easy to clock that Rosa is sus but it's hard to get beyond that.
31a02125,the story i heard was before ep 6
e1688f3c,You have been Assaded!
d053e1b9,She's the REAL game master
b478b463,still mad at the TL for bern's profile in Witch Hunt
fa09cb53,yo which version of unity should we use though
da0c8d98,"Hey hey I didn’t know about that one, I just knew about the severe skin condition/burns one(?)"
7e5b9ca6,oh yeah it's definitely shannon
8441b39f,And Daniel Craig trying to explain everything with logic
f358d26a,But in that anime they have hilarious anime fight scenes like that
f06d395c,Can't wait for what's gonna happen next to make this even better
5c345fff,that’s totally normal if you’re just learning it
07e46c25,is jelly the witch of chans
db13175c,that's about how it goes yeah
b34c2493,A consensus? In my jads?
daee0717,ok then here’s your closure: nothing happened
0f04debb,they dropped the truth that the true territory lord of the gameboard is 19 years old
b478b463,Yeah I think we will end at exactly 4 hrs unless Joe yaps
fa09cb53,when you in freddy fazbear
441da1e5,The moment I realized all of these characters were introduced in ep 3 I got super sus
056f5f8d,I only respond when I feel necessary
3635ecbf,I love Ange and her lesbian girlfriend
daee0717,umi 2 we're doing sword fight and red truth both on saturday
32d19816,god i'll be in my 30s and still streaming fucking hundred line
fa09cb53,because he is canonically god
e1688f3c,they made an emoji called man with chinese acp??
fd46192f,when you search it on maps you instantle spot the rose garden. could this be it?
441da1e5,"Hell yeah, second best song"
b478b463,I always thought Beatrice was a French name for some reason
d64c58dd,well maybe my memory of it is off
db13175c,I don't know what you are talking about
fa09cb53,apparently shader is math heavy cause computer logics
c73b2cb7,paint.net is free and solid
b9f82b61,who tf is this guy even😭
8441b39f,So the ratio could very will be 1:100
f06d395c,Higu 6 Episode 6 Angel Mort was A LOT
3635ecbf,Today has been a good day
b478b463,i watched s3 when it aired i think
e1688f3c,do not google toyota tacoma 1997 water gasket 😳
e992b791,Tbh i cant really picture how this game will end.
219c8209,I love this kinzo monologue ]
a11b1797,WHAT IS REAL ANYMORE
f06d395c,Sekimeiya is a favourite among some folks on here
f466ee86,rosa's husband is on a long vacation
c102de5b,Live Chanjo reaction
f06d395c,And the Shannon stuff
e1688f3c,ayo what the hael???
e1688f3c,you be like ! ! ! !  ! ! ! ! !  !!! ! ! ! ! ! !
fa09cb53,now record smt funny
02ff68a1,lets be real is this line surprising at all
84589370,At least they're not related this time (as far as I know)
0ef04394,sometimes i show up to bg3 streams just for the dles and then leave
8f76cfa5,but how does that work in practice
e1688f3c,he was barely using it
29178c9d,me walking into my aa meeting
7e5b9ca6,along with umi3 nanjove
2d9323cd,Maria's creppy smile either gives off her being just creppy in p3
e1688f3c,told you about the nft workshop?
683b95f7,I think he just said to me go 'feed a cook'
e1688f3c,it seems like they support hong kong?
0f04debb,gahh i am getting emotional now
ae10a8f4,where they are having tea
e1688f3c,is this better than biden blast
441da1e5,Isn't that the Ushiromiys family crest that existed long before Kinzo?
1fc172f8,Sayo having the biggest internal crashout of their life rn
d5284187,"19 VAs, 76 hour stream"
fd46192f,it was always about girls' relationships
eaddc5d1,"the anime is good, but thats because its forced to have pacing"
13a6ed2b,whats your first language?
0be52b7c,"Ok so episode 5 is breaking the rules, it make sense that it feels like its betraying the story"
17ce7674,why is it a 2 minute loop
1fc172f8,Yeah she's the first Witch with a way more eastern-oriented outfit
ff63de9e,yeah nah ps3 is best
d053e1b9,What's different about the switch copy of the game
409aa8ed,um stop this is a good take
fa09cb53,no vfx only real stunts !!!!
f9605862,Picking out a stakechan feels like being a kid and picking your favorite transformer.
810fde7b,He got zenzendameda’d
ba52ee3b,family brought a whole ass box of dominoes for me the other day
6d468d99,CHESS ANALOGY HERE WE COME
f06d395c,He's barely looking at chat while actively reading methinks
056f5f8d,too bad umipro is illegal for all the people reading it on here
49b618b9,once I clock off work
96bf8c05,"It doesnt have to be, I'll still watch it"
ff63de9e,"Odin, santa and beato frequently go out for drinks together"
fa09cb53,bro is into animal play bro
f06d395c,What is with these weird flat slices of sandwich bread
5376ff2f,"she doesn't consider ""furniture"" to be ""human"" right"
621bad4b,"well, I would find it a little cheap still"
e1688f3c,it will also bring ut the shit molecules
e1688f3c,operation greenlight???
f06d395c,She glimpses the corpses of the kids
e1688f3c,me when i see poop in real life
f06d395c,The situation he's in is pretty insane
fa09cb53,ive seen bitches post pics on fb the other end is fucked
e1688f3c,once you clicked esl
73e128e5,straight into banger music
3161237a,I don't think there are many mines that even held 10 tons of gold.
f06d395c,I've really enjoyed Bern and Lambda since ep 4
83cb2bb1,I mean bad people can often be charming
daee0717,we are less than halfway through the episode
db13175c,umi4 future  it plays in the tea party 
e1688f3c,this afternoon i will be
b18daefb,SAY IT IN RED BATTLER
76d9877b,"🌂 okay, that's real good"
60d00a91,I HATE IT I HATE IT I HATE IT I HATE IT ÀAAAAAAAAAAAAA
fa09cb53,saw wave and sine wave and square wave 😩
f06d395c,What amazing friends
250b0a9b,People have hyped up the bad line too much
c3e052ec,I love how few people know about the submarines lol
e1688f3c,but when sorted by popular our submission is last
f06d395c,3's ending was Beatrick
db13175c,no more ultra violence...
ecece11b,"This is what watching the umineko stage play 3 times does for you chat, don't forget it"
fe851805,I keep rolling low numbers
da0c8d98,"Solely because it changes battlers catchphrase away from “it’s useless, it’s all useless”"
eef09ada,Btw is the original ps3 translation the same as the one on steam
02ff68a1,I think this is phone guy
94b5b4c9,I'd even say this: fuck George
f06d395c,Rodney I think posted messages in chat?
73e128e5,maria is great at voice acting
c73b2cb7,og george is a higurashi fan
d053e1b9,I CLOSED IT AND I CAN'T FIND IT AGAIN I'M SORRY
b478b463,maybe it'd be different as an adult
8441b39f,Hard to say because they are all in uniforms basically
ba52ee3b,what if he played the gnome noise whenever kasumi said uu uu
24ea4ff4,"I think hope is without a doubt the closest to the ""umineko main theme"""
bfdf84c8,How many glup shittos are there?
fa09cb53,dead body reported 🤣
e1688f3c,Are \Slash Interesting As Fuck! 11
13a6ed2b,00 can refer to 00 buckshot for shotguns
5b7aedab,# crystal battlers on tehscreen again btw
29178c9d,"mouse knows the story and the tone i think it'll be fine, greg thought it was weeb bullshit"
e1688f3c,"ayo rise of kingdoms??
["
a997b01f,"Is that ""Moncton-ass doctor"" or ""Moncton ass-doctor""?"
1fd2119c,Then it turned into Peak
fa09cb53,he will never look up south vietnam on wikipedia
250b0a9b,People who are mean to Sakutaro are bullies
71084104,You are kinder than me
2f767d41,shes still the golden witch in our hearts
f06d395c,It'll still be on twitch
ae10a8f4,3 more guns in 1 and 2
20bf120f,"this is what krauss is doing as the first thing next saturday, right?"
f06d395c,Well I'm talking about Yasuda's Beatrice and not Kuwadorian or Castiglioni
ba52ee3b,"Irtakus going insane just like the last of us, it's enough to make a grown man cry"
eaddc5d1,That is the full extent of my knowledge
30a0ff40,But yeah if it's all just hallucinations that would be lame storytelling
f06d395c,I loved it so much. It's my favourite
70cb8f0d,Joetler (or Joenzo I guess)
5b7aedab,i mean 1980s japan is fucking _rolling_ in it
6a72c052,Did we have that body even once ?
0f04debb,considering what ep 6 is doing rn with battler/beato and how they're sort of paralleling kinzo/beato
5376ff2f,"ok I'm tired of this, when does Will Wright create Maxis"
e1688f3c,so if i say fuck on my private server and someone reports me
fa09cb53,when the juice is expired 😔
441da1e5,"Okay, it’s Battlers turn"
e1688f3c,jo baiden kammu ekkusutorakushion no jutsu incantation
d64c58dd,There can be only one
87df89af,I should probably do a read through but never found the time
409aa8ed,"""i hate magic too! totally!"""
810fde7b,There is opening I think
fa09cb53,five nights at freddy
94b5b4c9,"damn, the stakes are high"
bfdf84c8,Friday Scrandle is evil today
b4690dc2,at least in text you can get stuff that is surprisingly good for the work you put in
fa8d08e9,THAT SHIT WAS PEAK WDYM
eef09ada,I honestly have no idea
d0d252d6,This was funny to read in my head
fa09cb53,also the guy also offered to let me watch them put the computer together like wth
c859c264,"oh wait, you're right, he never said the son thing"
ba52ee3b,kind of yes there was a time i could not go out alone without bodyguards
e1688f3c,five nights at freddy's
77ee69dd,I think its mentioned that the mansion is huge so I can believe not hearing everything
73e128e5,"with love, it can be emoted..."
47247786,"George: ""useless... it's all useless..."""
0e8ba699,last minute george nuke
fa09cb53,i started to mine into it
b8c9a0b4,google translate is notoriously bad at japanese
e1688f3c,i think for budget anything will probably do since your llaptop too old
13a6ed2b,"the company that made the PS3 version went bankrupt from funding the VA, i've heard"
8441b39f,I want to understand thhe connection between the music and waves
84589370,"Ok, so imagine a burger..."
0b843864,This is the best Episode this is the best episode this is the best episode
e1688f3c,you will see the twist in
f06d395c,I am actually feeling sad that this whole experience has an expiry date
ff63de9e,considering there's a version without it
e1688f3c,some=one already did
3161237a,"After playing a few FE games, I learned to always prioritize giving the Lord stat boosters"
13a6ed2b,but it does say that definition is when using kana and not kanji
7e5b9ca6,joe would convert to buddhism and become a monk in tibet
81be09b8,"Oh no, stream will start in 2 hours."
20bf120f,that does seem like theology with a narcicistic tinge indeed
653b6fd3,It just looks stupid
73e128e5,it's such a good scene
1fd2119c,I know why he hates his parents now
b18daefb,"teddie, only people deserve human rights"
f06d395c,I'll get some VNs in the upcoming sale
e1688f3c,perhaps more curve tonight
ff63de9e,"It already happened, in the USO DA scene rena's eyes go cat-like, its similar to that higu 1"
bfa4eaa7,"reputable, perhaps not prestigious"
1fc172f8,but ultimately that's up to joe to decide
e1688f3c,does the initials of your name happen to be mlk??
162b34e4,Watch 50 hours of Zero Escape streams
f06d395c,It's on top of the queue. Maybe tomorrow or day after
7e5b9ca6,damn subahibi is like the worst vn i know
fa09cb53,this says alot about society
e1688f3c,3 minutes too long if you don't have anything else
fa8d08e9,"that's hilarious, I only know 2 people named Battler"
f06d395c,I was talking about putting issues aside in Umineko and Pentiment
8264f965,they deserve some homocide on womens day
ba999415,this VN will be the death of me!
94b5b4c9,"Yeah, I guess that's the best solution"
d053e1b9,Someone else can explain
7979ec9a,they are baiting you
b2620544,Ryukishi has done it again
f358d26a,I think Sayo’s cooked my dude
fa09cb53,too fucking scary bro
b4e1f40d,or he's just picking games from the backlog until they run out
a5dedc72,And it's not 18 it's no more than 18
ff63de9e,shannon's fit is so stupid i love it 💔
13a6ed2b,"Why doesn't battler say ""witches dont exist"" in red, is he stupid?"
bfdf84c8,And involves Japanese wordplay with Kanji
24ea4ff4,comedy especially is very dependant on individual if its hit or miss
dfbdeb12,the ominous eyebrows expression does this for me
b478b463,oddly enough i think i watched all three of these shows in a row
b58b70f8,its alright but you have to trust
a0138967,Slice of life chads stay winning
17a6b71b,Anyone got the pachinko bern on hand?
fd46192f,"same, as i've brought up several times. the credits/end letter of EP1 point heavily to it"
fce5d05f,Nanjo should be number one
fa09cb53,can probably pull it off
fa09cb53,"""uh yes this is jim..."""
a4536011,I actually quite liked 5 once it hits dlanor's reintroduction
621bad4b,"because that would take forever, and be largely pointless to do"
e1688f3c,(this is a jame chargle reference)
0be52b7c,"i don't know 
i very very very much doubt we're having a 'standard' ending, not with Umineko"
b2620544,It does. It obviously is not anti magic.
d053e1b9,I thought earthbound was the western title for mother
dd9e2814,That's why I usually marathon a game if I play it even if I could get burned out
fd46192f,yeah i can't watch sekimeya either
048fc8de,I just mean that trying to reason through umi yourself is part of the experience
b4690dc2,"well, it should've been"
1fd2119c,It's a striking resemblance
5b7aedab,there is aboslutely not red text before ep2
29178c9d,"its all ange scenes until the end now, buckle up for 70 hours of bullying"
f06d395c,I have a huge list of stuff to read because of Umineko now
d64c58dd,Jads I have to come clean
f06d395c,Oh crap it's Umi day
f358d26a,I’m referring to the actual magic
db13175c,by  supplements isnt battler just taking creatine
8264f965,i mean i know he was born in japan and all that but you know what fight of ww2 hes fighting on
e1688f3c,el pescado italiano 😋
d053e1b9,I love 1 because it's creepy
e8ad9e34,the person doing the gifting ets an acknowledgement
ae10a8f4,In general the family would surface layer appear a lot more nicer
b478b463,They're big on tiktok and used to be on twt
a997b01f,You're lucky today Epic
73e128e5,i thought the higurashi anime was ancient
5b7aedab,the size of this dub
fa09cb53,free discord nitro 2016!!!! click here >>> bit.ly/sppiss
e8769870,i guess i just feel bad since its reasonable to find without cheating
bfa4eaa7,you have to make a lot of assumptions to come to this conclusion
e1688f3c,breaking bad romance
21bd6810,By the third reread mouse had it memorized. The other 2 reads were speedruns.
fce5d05f, not like they aren't gonna show them 
d053e1b9,Not even tomorrow really
e1688f3c,i think the music in the latest version is a bit too much
621bad4b,and also the oldest one
409aa8ed,and rolled her eyes when i said no
c73b2cb7,I think we should start calling it TADS
94b5b4c9,"I liked the openings, how they progress between seasons"
d54830ca,Ryukishi was deep into Professor Layton between Ep7 and 8 huh?
653b6fd3,Wasn't the battle three moves?
1fd2119c,"This but 3 and 1 are a bit closer together, other than that it's more or less my thoughts"
f06d395c,Needs the Endless witch to resurrect it
acc72aa2,Nanjo's doctorate is in English Lit but he's in too deep to admit it
b34c2493,basically he commits the worst crime you can commit as a character - be annoying
7e6f63ae,how does hussie do that with his lips
13a6ed2b,haha guys the VN i like has so much child sexual abuse isnt it so funny
3161237a,But people die when they are killed fsn spoilers
daee0717,the pushback to joe saying not to meow has been very strong
e1688f3c,gotta invest a shit ton though 😔😔
b4690dc2,"I mean he asks her for schedules, he'd probably stop if she said it was a good point"
5dc7b18f,"```ansi
[2;31mlying[0m
```"
219c8209,what should I do if my friends won't like first episode for it's begining?
fa09cb53,also just look it up
f06d395c,Wasn't that your problem
fa09cb53,us patriot curriculum vs liberal gay agenda curriculum
94b5b4c9, they are kiiiinda similar with OG sprites. I thought they are siblings 
0c247e09,Do we need to see the speech EVERY TIME
17ce7674,"Ange is pretty good, yeah."
6cd41a0f,Umi 8 funny how anyone at umi 8 will think this is a spoiler lmao
fa09cb53,"nah bro the exotics, the good kush bro…"
e1688f3c,live in woe with sheets painted brown
fa09cb53,arnold is kinda epic ... except for his quirky love for codpoints
f06d395c,It's not even in the 07th mod
d25281cf,now playing - Thanks for Being Born
f06d395c,One of them. Don't remember who
49b618b9,can't even imagine spending 100 hours on a VN and then starting another one because of that
9bd10705,Nintendo Direct  = Umineko RE
7e5b9ca6,the furtive patriarch LMAO
d2cbae83,This that someone trying CPR on torso
fa09cb53,headache type where its erratic and shit idk
eaddc5d1,STUDIO APPLAUSE FOR BEATO'S APPEARANCE
94aea54b,can't wait until they start busting out the Kermit voices
bfdf84c8,"I mean, him forgetting is only natural"
f06d395c,I'll watch the VOD in a few hours
b4690dc2,umineko could've been an email
5b5d9821,"Oh god
Imagine if Joe likes YiiK"
5dc7b18f,"it's a bit sad mouse can't join for Tuesday, hopefully she can join for Saturday"
b4690dc2,it is a loanword though
fe851805,"hah
which country is this one?"
e1688f3c,that's a fart fail 😔
fa09cb53,i think nexpo doing petscop
fa09cb53,how it work page doesnt exist 😔
31a02125,i think i knew that but i also wanted to do it for the commitment/spite
cbee777f,Everyone has preferences. There are some lines that are better in WH and some in Umipro
505a43d8,the crotch frills i think are the worst part of the witch furniture designs
882bcc01,What's with the nayuta posting in umiden
ba52ee3b,its limited to us now..
62c1fbf7,Kinzo has eyes for another man
24ea4ff4,far better than ps3 beatrice
d0d252d6,i love everyone's pov of the story
7c7377ab,"thank you wise, you truely are wise"
1dd860ce,i forgot about that scene 😭
73e128e5,i was trying to hold in the laughter really hard at the 12 hours stuff
29178c9d,joe isn't too far from the end i don't think
fa09cb53,told him i would buy him some cool lego
0c7d56d4,That's like a mildest hint ever.
94b5b4c9," oh, this is more plausible "
ae10a8f4,nothing can really change that
87df89af,I think Sayo's understanding of love far surpasses superficial infatuations with physical people
e1688f3c,what the hael scat action
e1688f3c,unironically add a bunch of ironic ads on there
b2620544,I thought it said only Maria's jaw was found
31a02125,the dorm i actually turned the brightness down of my game so much to get it close to the original
fa09cb53,cant believe bro actually paid 60 million with an 8% discount
505a43d8,death and inevitibility is indeed one of the total 4 themes that exist
e1688f3c,"just need some superglue :thu,b"
83aa7c93,"Gohda is prob the most nothing going on character, be nice for him to have some role"
1fd2119c,"$200 in one day, damn"
eaddc5d1,"Anyway, back to work"
b4690dc2,"""although they had the sensation of falling down a cliff-"""
e967d591,at least now I will not feel guilty when talking about random books on Umineko chat
e1688f3c,also thought i lost that too
b4690dc2,dressrosa in one pace is legit so good
549f4fe0,Latex is actually Teal's Nobody
96c933b5,Ok I think I'm caught up on all the sex jokes from this community thanks everyone
d64c58dd,3 has a really good ending imo
b58b70f8,genuinely though krauss does have good vision and foresight
0f04debb,fake feminist battler
409aa8ed,hes such a feminist that he'll use sexism to defend his wife
b18daefb,I LIKE YOUR ATTITUDE
02ff68a1,You know what... I understand Rudolf more now. Id probably be an accomplice too.
fa09cb53,"the languague barrier bro, he only know about the crabs"
df4aa97d,gonna be real I assumed ciconia phase 1 was four episodes
e1688f3c,R\ Developer Comedy 😂😂😂🤣🤣🤣
89d41233,Some said the same about xenoblade 2
1fd2119c,Send it with a spoiler
13a6ed2b,"im finished with the question arc
which feels weird"
e1688f3c,and he emailed to appeal
0be52b7c,"But then again, Virginia says in red that her actions are not for the sake of revenge..mm"
0b843864,I heard that Gou is okay and Sotsu is bad so I'm not sure what to make of that
89d41233,Like the reason guns are anti magic is because killing someone who has a gun is really hard
e1688f3c,some hidden controls
94b5b4c9,HE GOT _pretty low_ STANDARDS
24ea4ff4,yeah rosa is hot young mommy
17ce7674,"I also feel like somehow, the illusion must ""fit"" with the characters"
505a43d8,oh right. for some reason i dont see cat ears and i dismiss it
fa09cb53,2 days of hot as summer and you have 100
5b7aedab,(jk probably soon but you know joe)
fa09cb53,"more reason to hate the elite bitches get away with shit!!!,"
d64c58dd,I think the console opening for 1-4 is also better but not as good as original umi op
266ad4d0,yeah that was absolutely unfair play on her part
1ccf6c00,Can't wait until we have to explain other magical events while still using magic lol
ae10a8f4,no need to force keep reading
17ce7674,Notable exceptions are the magnus archives as an audio experience
7e5b9ca6,because now you have a better opinion of me than before
83cb2bb1,This would open up the 19th person possibility
e1688f3c,"i mean if it does not finished
follow the western musical scale"
fa09cb53,like mf wont be able to get home item bc he in school
40497259,jelly more like smeiiy
0fc6bdb1,like if you believe what is said about ep5 you should be discouraging people from trying
fa09cb53,he defo heard the ting qian wen shu
478c0a65,he always goes further than i'd imagine. He's actually reading at a great pace
810fde7b,Can I read higurashi manga
fd46192f,love the fact that you're taking erikas side in this
441da1e5,I really like the pickaxe-like percussion in the background
219c8209,I was spoiled one thing
f06d395c,What's this even from lol
6a9a4ab6,"he needs funds to start his life with Shanon, give her the dream he promised her"
29178c9d,umipro is in 3d with 3d models
fa09cb53,no 18+ tho only gaming and talking what the hell bro
0eccefda,is he just like “yeah whatever goddamit”
87df89af,Well we've got at least another 2 hours of boring trial shit so meh
83aa7c93,That feels like a different story at this point
c221bc92,like it was very good
02ff68a1,"oh I plan on rawdogging higurashi, so to speak."
b569c490,after 4 episodes of almost flawless payoffs that wishful thinking becomes reality
fa09cb53,lore is fucking crazy bro
b58b70f8,who tf can climb walls all night while theres a typhoon
ff63de9e,i think it was unserious
8f76cfa5,"this is for all the stream only's, do we have any clue on how round 3 happened without magic?"
409aa8ed,thats just artificer
e1688f3c,that freddy fazbear the hael??/
d053e1b9,I would just have blanket-chan bundled up in a blanket all cozy
db13175c,i think people doompost too much
e96e7c0f,mr. beast when he misses the point of umineko and recreates the ‘game’ irl:
219c8209,"Speaking of that, did you know that Ryukishi worked as.."
6a9a4ab6,Rip God watchers in umiden
219c8209,"me too actually, never found watching people play souls-like entertaining"
e1688f3c,i want to do some cool shit with the tracker but lazy to learn
e1688f3c,still cringe if you stealing
eaddc5d1,if hideyoshi turns out to suck im gonna have a Very Reasonable Crashout
ea843b1e,having secured her throne
7e5b9ca6,tbh i tend to finish them in two sets
d9135df8,Umifull? Yeah I suppose it doesn't lol
fa09cb53,i hate the fucking font
b2620544,It makes NO sense she wouldnt see through it
13a6ed2b,"yeah, even without the translation (joe can use steams TL on umipro) the QoL is so much better"
20bf120f,The art does look pretty good though
409aa8ed,george is better than keichi cuz george at least knows what college is like
b4690dc2,you can kill me but you can't kill my ideals
e1688f3c,real poland with triple a graphics soon
a11b1797,though the amount of people rating umineko is so low haha
7e5b9ca6,you don't like a huge map with 5 bow knights on it?
e1688f3c,is batman bin suparman in the list??
87df89af,Ryukishi trying really hard not to call Taiwan a country
e1688f3c,in 7th grade more fat kid saw me holding th emusic player
16196e15,clearly the best feminist work is the one without any women in it at all
b58967ce,"this seems fine, if there's a spoiler it's subtle enough that i don't see it"
76bf3cd7,you laugh but it's the first thought that came to me when kanon pulled out the sword in ep 2
f06d395c,Yeah this is intriguing for sure
0c247e09,I love that chat thinks this is a uniquely Japanese problem and not a worldwide one
5b7aedab,wrong. completely. yw
a4ed1eac,I am just unbelievably owned forever
e1688f3c,it's funny because when i send files to other people
f06d395c,It's no got damn good I tell ya hwat
fa09cb53,all these just to refer to some dumbass building 😔
9d987774,"it's okay, english only exists in vibes to begin with"
0be52b7c,she looks hotter in the maid outfit (hot take)
e967d591,"its been difficult last few years for everyone, I think"
12e5897b,Wait there's an argument
0be52b7c,it has my favorite scene in the vn too so maybe i'm just bias
b4690dc2,just voicing the first consonant
250b0a9b,It’s weird that the people mad at her only dislike the pronoun change
fa09cb53,the zombies have fuckinf wellspring uniform!!!
1fd2119c,Took me like 20 seconds to remember who that was
9031449f,"someone who lied about not doing that, perhaps"
20bf120f,So it's just immensely funny to me
c73b2cb7,into the bottom drawer
5b7aedab,"...i think this makes it sound like it's ""generally agreed"" that this part is poor, which... no"
bfdf84c8,"No hate, but Umineko would not really work that well in a lot of scenes without the music"
0ef04394,when's the last time you had pizza
fa09cb53,fucking hell one of them literally have the fuckign missing person poster type beat
e1688f3c,masturbation board game
637beb8b,Epic has been owned so many times that he cant trust himself anymore
683b95f7,me when i hit you with that magic phobic stare umi 2
dd9e2814,It's kinda the total opposite of Umineko thinking about it
e1688f3c,except for awesome garry's mod video watching
e1688f3c,🥰🥰 Interesting as Fuck
07e46c25,streamer is evolving...
f466ee86,I WANT TO GO TO ROCKINGJIMA
ba52ee3b,"love umineko more, and then one day you might see it"
fa09cb53,do you have ps controoler/?
daee0717,so you don’t want me to have fun. i see.
e1688f3c,might as well consider this hard surface modeling
fe851805,Actual spoiler ^ don't click
5c345fff,maybe it’s like Among Us and they do that to prevent any ghost from metagaming
eaddc5d1,Jerry pines for the Umineko/Pentiment crossover
bfdf84c8,I feel like eva definitely kept the cat box closed as a gift to Ange
47247786,LiveJournal would have saved Ange.
87df89af,"But if magic becomes a part of reality, reality still exists"
b4690dc2,for like a western indie jrpg it probably sold well
c0bf1352,Imagine GoT characters in Umineko. Who would be Kinzo?
f06d395c,OH NOOO IS THIS CHAPTER LONG CAUSE WE'LL GET MORE DRAWN OUT MAGICAL BULLSHIT BATTLES
df4aa97d,Umineko No Naku Koru Ni
29178c9d,for me they're 5pm-11pm
c3e052ec,you could get contacts I guess
7f5df344,this is the biggest umi event of the past 3 years
5b7aedab,_OUHHHHHH HOHHHHHHH--!!!_
3c6ae2a1,just keep thinking and you'll be OK!
1fd2119c,Epic are you doing this to piss me off specifically
62c1fbf7,yea but im projecting onto Battler so nothing he can do is wrong
f12c8aac,MFW my mental illness is my superpower
ff63de9e,better be the funniest shit of all time that leaves me pissing laughing on the floor
94b5b4c9,"Yeah, Wyll and Gale especially"
db13175c,if there's any recommendations you take from me this conversation it's higurashi and mygo/avemujica
7e5b9ca6,i just fixed the mustache
7e6ebcab,misunderstood this as genji and nanjo at first
0395bfca,a loop where all the servants die first and eva keeps blaming it on natushi somehow
8f76cfa5,i think as a reveal it could work well but its gonna be difficult
e1688f3c,"so you can hear it for yourself :""thumb\"
eaddc5d1,also thats not what that means at all
c3e052ec,I'm not going to change my mind on the examples already given.
60a3779e,That's even more magic
f06d395c,Really? It feels like that page in particular doesn't have any spoilers
b9f82b61,what the fuck is this episode
6a9a4ab6,Yeah Umineko is amazing isn't it
1dd860ce,for once it's not umi full
441da1e5,he was a lot more positive with Persona 3 lol
13a6ed2b,Alright rich jadders get on it
888037f1,and george met ghost shannon shortly before he died
c0bf1352,When's Joe doing the week-long pause?
e967d591,"and maybe read some older, finished titles"
dfbdeb12,big maria in 80s japan vibes
0f04debb,but not in a good way
e1688f3c,i was shown the first floor one right next to the lobby
b4690dc2,it's nothing like that
bfa4eaa7,that doesn't make it a casual conversation
44721f1f,The secret umineko emote hiding somewhere on this server. Watch out for it!
5dc7b18f,TWO SPINNING CHESSBOARDS
13a6ed2b,cant wait for 8 streams a week during umi 8
e1688f3c,have to get back to the physics 😔
f06d395c,Erika saw both Kanon and Shannon too
fa09cb53,tuition fee is 100000 etherium
5b7aedab,what did he mean by this
fa09cb53,ik but i have procrastinating 😔😔😔
e1688f3c,but you know what is also part of the goods?
b4690dc2,I think he’s gonna just make spinoffs forever till he decides to retire
e1688f3c,10 dollars a day as passive income
7e5b9ca6,look at the image again
fa09cb53,on that panadol extra rn
e1688f3c,this shit is real bro
94b5b4c9,"Yeah, but not everyone joins every conference, at least that was my impression 🤔"
f06d395c,Even the way they accept the 900 tons of explosives was comical because they know Kinzo's nuts
fa09cb53,til they cancel me 😤😤😤
fa09cb53,bro u forgot to post its 11 already
60a3779e,I mean is it really that big of a deal for some people?
fa09cb53,"""i have been using this service for 3 years now"""
bfa4eaa7,dude he's getting more viewers than any umineko streamer has ever
d053e1b9,I thought he at least did a full stream of it
0f04debb,i sort of think that was the point with erika in episode 5
e1688f3c,one hundred and twenty eighth bit
51a6abb9,poll set up so that it ends up looking like sideways beacoi
87df89af,"Meh, maybe I just don't care"
17ce7674,but I dont want to accidently spoil myself further
20bf120f,"I don't mind asking, I myself only sometimes exclaim that I am theorizing"
20bf120f,Genuinely my reintroduction to streamer joe
94b5b4c9,There was always another person narrating just slightly offscreen!
daee0717,i think i have it but haven’t poked around it too much
d25281cf,not 2 be a wet blanket but maybe this convo should go in reading club instead
c3e052ec,Me either but oh boy I hope not
441da1e5,"Meta theorizing, nice"
0eccefda,Okay I have today though
24ea4ff4,probably a rare experience yeah
60a3779e,Fair enough but the fact he has this much to say about it only 30% through episode 2 says a lot imo
f06d395c,Fuck I can't stick around for uminews
1fd2119c,"Unless there's a change in plan, there will be a stream then, yes"
409aa8ed,i cant have nothing in this house
b58b70f8,okay fmab is one of those true beginner anime
c73b2cb7,"where would I even keep it? I don't know, but it would be really funny."
94aea54b,"You can use it for less serious stuff, or less heavy stuff I feel"
e1688f3c,more trollage time  for me because fr the moment you get home btiches going to play bruh game
d0d252d6,Is it night when Joe streams?
24ea4ff4,I haven't seen the movie
b4690dc2,but I'm pretty sure they're the minority here
b4690dc2,my only barometer is the fanart
c73b2cb7,How dare you not experience the story exactly like me?
250b0a9b,"Good thinking, Battler would pull some bullshit like that"
fd46192f,there's so many sad parts to umineko Sadge
250b0a9b,Interesting shape that poll has
a4536011,compare their initial reaction to this scene to how they acted in ep2
f358d26a,But f still looks cool and we’ve yet to see that final product so so I’m hopeful either way
409aa8ed,[2;31mTHE CULPRIT IS INSIDE THE WALLS[0m
e1688f3c,there's this website that hosts it for 2.5 dollars a month for the first 36 months
f06d395c,There will probably be at least two more streams
5b7aedab,YOU MAY FASCINATE CHAT WITH A PIECE OF CHEESE
02ff68a1,"I wonder if theres a chance we'll ever see any other character's ""black witch"""
31a02125,it's about the same time as Umi 1 in length
f06d395c,Oh no I'm enjoying this
5b7aedab,three streams including today's
250b0a9b,It looks like their eyes are bigger than their brains
c0672680,ps3 sprite haters when evil beatrice
fa09cb53,i do got receipts doe
da0c8d98,She is ~~voicing~~ Beatrice
e1688f3c,international event at school right now
cbee777f,something something 1980's Japan
71084104,Can anyone think of any band names to do with the 7 sisters?
d9135df8,Image of that one chart
c0bf1352,Kumasawa should probably be the same age as Beato prime would have been
b4690dc2,should we start a wormden
6cb1e58a,Umi 4 full SMALL BOMBS
e1688f3c,though i do not remember there being a forum for
6cd41a0f,How does the stage play handle red truths umi 2
930f6b07,Or is saying it a spoiler
76d9877b,🌂 yeah for sure. I'll finally admit that you're not.
daee0717,i hated / loved the discourse around this on social media
e1688f3c,you can probably see
f06d395c,Someone connected the dots all the way to Anu/Irene making Joe play LiS or something
02ff68a1,the video must be 4 hours
17ce7674,Can you just read hiru on steam?
e8ad9e34,just ask joe for a quick synopsis he can probably knock that out in 5 minutes
24ea4ff4,"yeah, but you underestimate how bad I was at it"
fa09cb53,fuck you edmund mcmillen!!!!
1fc172f8,Finally some Reasonable opinions in chat!
637beb8b,also the fact that there are over 250 uminekoers on the JUMS is insane
daee0717,that was in jads not reddit. i forgot that one.
72661a6c,does anyone have a link to the website for finding the names of umineko songs
e1688f3c,maybe the video was so scary viewers are left frozen unable to engage in discussion
b4690dc2,"""get those boymoder tits out battttttllleeeer!"""
ae10a8f4,I think the best person to ask is dans
eef09ada,This is a scene of all time
250b0a9b,"In Nanjo react news, we now have over 100 nanjos!!!"
b478b463,"Ciconia  wait are they fr takano? Like the actual same person, or are u saying similar character? "
621bad4b,I already kind of did at the end of episode 2
1fd2119c,"I think at best we're getting a begrudging ""Fine, I'll go along with it for now"""
6cd41a0f,Umi 4 with george this a whole different context
fa09cb53,epic trolling ensued
e1688f3c,this one hard to take picture without getting caught though
e1688f3c,but obviously you are going to say no it's not a problem
87df89af,I wouldn't call this a mystery episode
f06d395c,Battler knows who the Zodiac killer is
17ce7674,THE SMALL BOMBS WORKED
575d8667,hello which direction do I go to demand three umineko streams per week
f06d395c,Ok this is the answer to what happened there
fce5d05f,I enjoy it but it's probably my second least fav above p1
fa09cb53,so he created a function for that
3c96715a,i legit can't unhear Arnold in him after Greg stream
60863448,A CLIFF IS JUST A PEAK BY ANOTHER NAME
85e13898,"holy moley new background, same chandelier"
b58b70f8,tactical ripped jeans
e1688f3c,that's across the bridge from earlier right?
b2620544,and then he wants sliced boob sandwiches
fa09cb53,soan cu phap 121 den tong dai 108 de nhan anh meo moi ngay! (300d/ngay)
02ff68a1,Unalived nanjo reaction
e1688f3c,he does not qualify for the title of african american
d64c58dd,it's so funny that battler doesn't explain his brawn tube metaphor AT ALL
73e128e5,the girls the gays and sakutaro
1fd2119c,"The thing I'm personally most stumped by is the ""gouge the [X] and kill"""
e43ba5b7,unironically better adaptation than anime (not that it's a high bar)
e1688f3c,maybe you didn't configure it properly
0f04debb,bern's bored asf so she's just doing this
d25281cf,"its not a game if you just say ""i win"""
fa09cb53,fucking stupid the vide os still play on the default movie tv app
e1849ed8,"although I guess that's not the same, the rise of the beasts chars aren't the beasts themselves"
f06d395c,Umineko is a non-negligible part of my life now lol
60863448,episode 1 says that it was put up alongside the portrait in 1984
b478b463,07th mod makes it look sooo ass lol
f06d395c,Yeah they're terrible
fa09cb53,if his ass really serious he gonna take the video anyways whatever
29178c9d,that one is super spoilery 😭 it's the questions arc one
73e128e5,but my only priority is he stays on wh script cause i think it's better
5b7aedab,uk too; it's cheaping out
b7287936,IT MAY  NOT BE JOEVER
e1688f3c,i have no idea what the hael is going on
e1688f3c,by searching up darude sandstorm
e1688f3c,why do i only have 100
b58b70f8,"yup, mouse made an umi server for us for the meantime"
d8b37c35,Does rosa need a reason to beat up maria? its just what she does
7586ad7c,Its not even anything wild 😭
e1688f3c,this is the notification history
fa09cb53,how do you feel about this information
b9f82b61,"yeah and overcooked is designed to be able to play alone. it's still not the ""Intended"" experience"
fa09cb53,what god doing in poland
daee0717,i need to go back and read more
e1688f3c,enoy the exra slices while it lasts 😈
83cb2bb1,Yeah but it'd be better than what Eva put her through
5b7aedab,the track that plays during the uhh inciting incident was an instant favourite
2d9323cd,"oh man, I'm glad I dodged the bullet then"
eaddc5d1,Great minds think alike
c73b2cb7,because it's not part of your sleeping rythm
29178c9d,can we add greg to this group to voice nanjo and nanjo only
e1688f3c,fuck remmeber that ropessentant
30a0ff40,"In ep2, so hesitant to theorize yet"
13a6ed2b,"loves umineko, so eager for more"
fe851805,It's gonna be George
b4690dc2,"I dunno what parts they mean, it's meant to be a direct sequel"
7e5b9ca6,i might read higurashi
f06d395c,Doesn't help the with is bashing her head with the pipe lol
e1688f3c,dingid ngidn gidn igndi ngdin idn
7f542ba6,I see old umiheads used the patented shotgun strategy
daee0717,they’re having so much fun with their trip to the aquarium rn
24ea4ff4,now we never get as much
fa7275a3,I guess it's time for me to start my own umineko journey
e1688f3c,you can hear the guy recording this doing a
f06d395c,Do they go back to inside the chapel or are they all just standing around it
7e16319d,i could see not enjoying todays stream if you have bad taste
76d9877b,"🌂 well, anger isn't really the right word."
0eccefda,thats a very valid suspect
fa09cb53,take pics of da beach
0dde8c4c,Most shameless self plug of all time?
fa09cb53,its so fucking long wtf
b58b70f8,it def needed more time to cook
0be52b7c,"Ah shit, this is Ryu we're talking about, you're right"
eef09ada,What are there names? I need to google them to understand this
b2620544,but it would make chapter 5 onwards even shittier
949814c4,"Battler was right all the time, small bombs n shit"
b34c2493,"sorta, but it's supposed to be stream focused"
7e5b9ca6,i beat two other fe games before i beat conquest
7829cb39,i havent read that many vns but i feel like it's just not a good medium for shonen fights
fa09cb53,he pulled out the eric andre image
5b7aedab,there are two tiny little strokes in the lineart that are totally unnecessary but _houhhhhhhhhhhhh_
e1688f3c,you will never understand the struggle of cats
fce5d05f,ZEN ZEN DAME DA 🗣️ 🗣️
fa09cb53,plus that program spriter 2
a997b01f,Kinzo also needs bulletproof tissues
ba52ee3b,"Im a played card, however"
adb72a1d,well i for one love that i hate her
60a3779e,Can we even trust the credits?
d5284187,hope beatrice grants moderators a heart some day
da0c8d98,I could also go as Driver from the hit 2011 movie Drive
409aa8ed,father deserves me at my fullest
73e128e5,"see me on my rex, my flutterstepping is unmatched"
d64c58dd,but in my head it was correct
b58b70f8,mine is probably uh ascendance of a bookworm
a11b1797,For the lols is literally my only guess rn
4e2a80fc,what happened to you epic…
fa09cb53,this information needs to be disseminated
17ce7674,Is it more before the storm or LIS 2?
daee0717,"he picks up and i say “have you tried fit crunch protein bars, that shit rocks”"
bfa4eaa7,me when I'm playing against the 8 year old:
7e92c265,I got to that scene in the vod like right now and oh my god she's so hot
fa09cb53,damn bro entrepreneurship
aa8f5f2f,dev work in nut shell
6cd41a0f,Who has this fire name i need to know
ff63de9e,young eva 'exists'! but joe doesn't believe!!!
e1688f3c,real people real stories
1fd2119c,Are you going to use that excuse every time you get a new pfp
6cd41a0f,I understand liking it but recommending it thats a new low
eaddc5d1,(even though its only been 10 years)
b58b70f8,i need to get back to reading about my goat Shallan
b4690dc2,homestuck himself is such a funny way to say it
f06d395c,IT'S BEEN STARING AT US ALL THIS FUCKING TIME???????
fa09cb53,long time since have to take her elsewhere for business
1dde7edb,anyone know how far hes getting today
60863448,joe is subjecting us to the events of the stream over and over again forever
fa09cb53,then video sucks !!!!
219c8209,I sometimes forget she exists
daee0717,oh this is stream chat
d64c58dd,This is why pale is the best wildbow story
24ea4ff4,It would be cool to see
07e46c25,joe is a umineko fan. already doomposting about cliffs
e1688f3c,add scary shit like the dunngerz collection
f06d395c,Someone correct me if I'm wrong
b58b70f8,battler secretly gyms with gohda
fa09cb53,and really tries to hammer down the russian propaganda thing
31b3f300,This song would fit great into death stranding
f06d395c,She's younger than Jessica right
d053e1b9,Isn't that Isn't that Isn't that Isnt Isn't Isn't Isn't Isn't Isn't that obviouis?
0ef04394,do NOT let joe near ethnoguesser
c102de5b,And like only 1/3 of the twitch mods are discord mods
d64c58dd,the one I posted IS NOT SAFE
fd46192f,"lurkers, show yourselves"
162b34e4,think it was sunny that day. we were in Barcelona
02ff68a1,Can it rip her head off?
b58967ce,i get why feelings changed on the old chat because there was so many new readers lol
0eccefda,the whole gimmick of the resturaunt is also sexual harassment btw
0f04debb,wonder if it's bc of the og sprite
73e128e5,yeah we aren't reaching that
f06d395c,Maybe Kanon and Genji
b9f82b61,HOW IS IT 18 PEOPLE THEN
56d90223,You have to pay for that
d25281cf,but invest 2 is just so damn good
5376ff2f,bah gawd that's ronove's music
7e6f63ae,Ryushiki wishes they could
31a02125,and QoL improvements
1fd2119c,I actually really like this Rosa outfit
96962f09,"and battler's wearing his cloak, so i don't think it can be Real Battler it has to be Meta Battler"
b4690dc2,this is clearly erika while she's pretending to be normal
fa09cb53,what we arguing about then
b4690dc2,I think it's interesting to find this out in the first real moment of tension she has
6cd41a0f,Umi full also george is treated exactly like battler and jessica by the adults
250b0a9b, A lot of the motives and locked rooms I have no idea on but im hoping lol 
fa09cb53,this makes me furrious 😡
daee0717,"i assure you this will not happen, i went down the route of japanese mystery novels instead"
1179fed8,I love Bern-Erika dynamic so much
d64c58dd,Its a good formula but I get tired of it
fa09cb53,ayo local58 contingency in real life
f06d395c,Is there a thing as too much of a weeb
e1688f3c,already turned in first draft bro :sug
b7ad7f9c,no it's within the next hour left
60a3779e,What? What happened again?
20bf120f,Someone else sent it to me
13a6ed2b,he is welsh isnt he?
e1688f3c,jajaja no free games for you :justtrollin:
d08f3d94,how would you remedy that if you were writing it
eef09ada,You can’t draw a face to show off  the fangs
fa09cb53,i just remember its the sonichu guy
b18daefb,i think they mentioned discord when changing from 115% to 112% volume
64d27f02,it probably sold well
ba52ee3b,got gaslit so hard lmfao
b35e50e8,"but that thigh embrodiery kills the dress, agony"
73e128e5,umineko into rgd into mahoyo into fata morgana into misercorde into ciconia is the way
eef09ada,Yeah i guess this scene is good
ba52ee3b,Yeah the universe made me colorblind as a reference of me not having love
fa09cb53,its sunday vro theres no school
17a6b71b,"But she's not blonde, is Maria stupid?"
13a6ed2b,wasnt it stated in red that eva didnt kill nanjo
df4aa97d,Kyrie and Rudolf are objectively a hot couple
d053e1b9,apparently he's one of the 72 demons of ars goetia right
0eccefda,i wonder how much of a pause there would have been if joe was solo streaming when goat men showed up
d0d252d6,but I am making the decision to be in the umi full channel
219c8209,It was pinned somewhere
8e4b9907,"Can't believe we're posting George getting nuked in George-den, so disrespectful, smh my head"
df4aa97d,"Even better, one of them turns into another witch and adds even more towers"
219c8209,"You know the sad one??? 
Like it played in ep1"
daee0717,is it multiplayer online?
87df89af,So Bern is the anti christ huh
38ccd930,"What is worse, being a Discord Kitten or furniture in Umineko?"
b8eaf23d,STOP TELLING HIM TO NOT PLAY IT
13a6ed2b,"It was ""George, a man"""
e1688f3c,or equivalent density for different ratios
72661a6c,mouse and jelly  both have the game open
b478b463,maybe you did with someonme else i would remember this 😭
b821c653,"Watching the vod and damn I forgot how funny Lambda’s VA was, she’s so goofy"
d0fb1a3c,Wait how many guns did they take with them this scene? 3 or 2?
fa09cb53,you still like him doe 😳 😳
f06d395c,A lot of this shit is self inflicted but it does make you understand why he's the way he is
7c7377ab,thats all I could come up with
bb426429,I used to play starlight stage a bit
e1688f3c,i hear something that resembles
51a6abb9,alright  shannon is off the hook for me it's this new girl now 
ba729249,When does the main bit of umineko take place?
f06d395c,It's also possible it's a combination of all 3 of those theories
f06d395c,Ryukisih you motherfucker
20bf120f,That would be my reasoning as well...
7e5b9ca6,he looks like he drinks $15 ipas
f358d26a,Cause iirc that happened a year before the episode 1 murders but correct me if I’m wrong there
e1688f3c,second and fourth section probably going to be the longest sections
24ea4ff4,everyone keeps saying its peak
df4aa97d,He really is a (modern) weeb
b4690dc2,better than the george we have
c73b2cb7,so happy we are back to george-den
f06d395c,That's what anime is for
f06d395c,"Will he see this fabled ""line"" in the next stream?"
d64c58dd,Idk if this is a hot take
7e5b9ca6,well the job and baseball are connected
cbee777f,"You do think she's hot though, right?"
fa09cb53,da hell you get professional paibnt tool
fa09cb53,the ai physics engine will be release next year
b58b70f8,the manga isnt it either
be8b0fcf,the higher the cliff the higher the peak
b8c9a0b4,tbh i think hes just really dense and didnt realize it until now
b58b70f8,now we learn what uu uu is
ba52ee3b,Faster than i imagined
fa09cb53,huge mark up moment 🙏🙏🙏
8248ef7e,almost 1.2 million I think?
b088e603,One is the garden from the garden sections but the mansion on the home screens is another
6b890d58,Nothing Ever Happens In Umineko 2.0
409aa8ed,it looks like hes beating him into the ground
63518930,like 1 full chapter behind I think
8264f965,why is he not furniture now?
ff63de9e,original battler is adorable
87df89af,"I guess I'm not even sure if Ange city is real, or whether it truly matters if she's alive or not"
fa09cb53,your indecisiveness killed you
fa09cb53,obama hamburger sussy balls!!!
fa09cb53,only some people have 200 morbillion iq
fa09cb53,nah im doing this for credits
fa09cb53,when the sex is zero 😔
c73b2cb7,Ithought you wanted to see ciconia
b4690dc2,I think Oda’s said it’s a real tangible thing
fa09cb53,afk arena for another game report
68aa81ad,i disagree hard with that
b4690dc2,I don't think that's hempel's raven
bfdf84c8,The truth of the Rokkenjima explosion incident: meteor happens
e1688f3c,trying to convince my friend that
d0d252d6,But I think it’s worth it
441da1e5,"Well, at least this magic battle scene flops at the end instead of the middle part"
b4690dc2,She knows what she’s doing!
e1688f3c,binbows 11 they got the acting cute section
c73b2cb7,I don't read it so it can't be real
478c0a65,at least that's what i think he told mouse
d0d252d6,here is some music to vibe too
daee0717,i have been turning all this stuff off yeah except echo cancellation
daee0717,(but is very obvious)
e1688f3c,also they removed all of the ores and combined them into this thing
219c8209,Battler is jotaro Kujo
fa09cb53,stop sending fucking wavs!!!!
d64c58dd,If you are caught up with streams you have seen him
13a6ed2b,top is just wanting the option ig
621bad4b,his complaints sound very reasonable to me
c73b2cb7,they wanted first season to end with epic roof moment
17ce7674,"ok, that makes sense"
0f04debb,the blessings of having a lamp on~
b4690dc2,I think someone would punch ryukishi irl if he was pulling that
20bf120f,I would imagine that like 98% of umi 1 is written by the insane child
056f5f8d,also you need to know how to read
fa09cb53,i know my grandpa is an arsenal fan bro
fa09cb53,escaped another one 😎
0be52b7c,Goddamit I read it in his voice
a0138967,George is the only person good witches are allowed to hate actually
24ea4ff4,"If anything, I did like bake more"
f06d395c,Erika is such a rat but when she's comptetent it's so much fun
e1688f3c,finally can do gaming
f06d395c,"Yeah dunno what counts as ""completionist"". I dunno if it has achievements?"
d053e1b9,I see a wiki article incoming
f06d395c,Sorry discord ate my reply input
b58b70f8,we need to destroy funko pops
84589370,The next time battler speaks he should get a loser flag
13a6ed2b,"could pay someone to do it, but im broke"
7e6f63ae,did you see my DM by the way
e1688f3c,got the sara and sayouri money
b4690dc2,okay but p3  why would a parent even entertain that possibility?
b58b70f8,the fact that it gets passed down makes it seem so
fd46192f,i think she was mentioned in EP1
d64c58dd,but like some of it is peak one piece
47247786,This time I thought ahead and put a joke at the end so their Valles would be appropriate.
d37288cb,"""innovative"" sure is a way to describe it"
e1688f3c,sorry there has been an interruption
c73b2cb7,and realise that you didn't get it?
94b5b4c9,George practicing killing everyone
a72309aa,"She should change her company name to ""Anti-Maria"""
5b7aedab,that's so fucking mild lmao
e1688f3c,yo soy hombre hard working
3c6ae2a1,"op but Roger got the one piece, no?"
f06d395c,Getting through this next bottle. This is wonderful
13a6ed2b,"no, because adventure game in japanese means something different than adventure game in english"
3eedca15,Most competent CSM fan
fa09cb53,damn the guy actually dodged the boat
13a6ed2b,should be done tomorrow
fa09cb53,dog racism animation
17a6b71b,I could go for some rich chocolate mousse
daee0717,i had this issue for: all of questions arc
cbee777f,"I just realized that in the original sprites, she has purple eyes like Maria"
0c7d56d4,"Everyone ""hate"" it at first..."
ecece11b,Is hamlet uminekocore
e8769870,"well, nevermind then"
fa09cb53,boku no nightmare was straight kino bro 😭
6d468d99,who's a VN hater here
409aa8ed,tell your gay grandpa i need to speak with him pronto to congratulate him for beign so brave
e967d591,"as TvTropes calls it, I think it is Early-Installment Weirdness"
3161237a,"They have the anti magic toxin, so that won't work"
f06d395c,She's also our anchor in the story in terms of what's going on in the future
70cb8f0d,what gets me is that her laugh sounds exactly like a Boo laughing
0be52b7c,"I'd be 
8>5>7>4>3>6>1>2"
b58b70f8,for such a decision based game the discussion is bound to get out of hand LOL
40497259,jail. jail for you. jail for xeph for one thousand years
b58b70f8,i should play a bit of ff16
ba52ee3b,the i refuse comment
29178c9d,umi 2 that blood gurgling sound effect they keep using in this episode is so disgusting
13a6ed2b,bulder scrandle is crazy
162b34e4,your friend is gonna accidentally reveal to you Gattler exists in like 2 messages 😔
eef09ada,I do own a version of ps3 umi from my brother but when I opened it I found out he stepped on it
87df89af,Kinzo/Battler is Dante for sure
7350c9e4,because that can be a verb
b58967ce,me too but he's a surprising man
f06d395c,The wiki page seems normal. It's just about his history. Nothing about the stories really
d0d252d6,As much as I shit on Danganronpa
13a6ed2b,they wanna do the password legit which requires some numbers from the PS3 manual
84589370,I think we're back at the peak
ecece11b,Half is excessive I'd argue 2/3-3/4
f06d395c,What else would it be
621bad4b,totally valid to say it doesn't seem like it's worth the commitment
637beb8b,there is no Umineko anime
83cb2bb1,The real question is if this is better than 2 hours of getting onto an airplane
e1688f3c,you really think lg is any better???
ba999415,"To quote a great man ""Do it Coward"""
dfbdeb12,coughing bomb vs hydrogen baby
7b564ea9,"But what if it did, but it's buried under layers of metaphor and symbolism?"
409aa8ed,oh also i fucking classpected everyone in umineko
b4690dc2,but mob psycho starts better and stays better imo
1fc172f8,JOE THAT'S WHAT YOU'RE FOCUSING ON?!
20bf120f,"I was spoiled on one of the vod comments, sadly enough"
fa09cb53,tfw no :ChickenWalk:
b4690dc2,I think pale went completely off the rails
d2cbae83,Or at least its less likely
fa09cb53,🔥 🔥 🔥 🔥 🔥 ✍️ ✍️ ✍️ ✍️ ✍️
b569c490,but isnt thats something you came up with with your speculation?
b478b463,imagine  trying to ask rosa to play gaems on her phone
f466ee86,KNEELED BEFORE THE WITCHHHH
dfbdeb12,I've cried 2 times during umineko so far
fa09cb53,exotic animal hunting edition
fa09cb53,2000 iq among us play 😤😤😤
df4aa97d,Alternatively play on level 2/3 censorship to remove the worst lines
b58b70f8,shannon is also one of my fave characters cos of ep 2
e1688f3c,what the hael how this look like earthbound
3161237a,It happened after Battler left 6 years ago. The exact timeframe hasn't been given
37f869c9,I mean he’s done ace attorney games 5 days a week no? But yeah that’s prob way less reading
b9f82b61,beato what are you cooking. and don't say black tea
e1688f3c,on the following table bro he playing league
b4690dc2,my hatsuon is literally all I have
e1688f3c,i woulld make more funnies but 4000 word essay due soon
7979ec9a,Are we getting a fanart stream still?
653b6fd3,Very fancy prosthetics
c0bf1352,"It would imply an affair, but in that case it would be a big deal that hasn't been brought up so far"
96bf8c05,reply so is the game of chose 1 of 3 to die meant to make Battler understand her position?
b4690dc2,yeah I dunno what we'll make it to tomorrow
0f04debb,who will the baby kill
a997b01f,"Not as good as I wanted it to be, somebody else with better skills feel free to remake it 😛"
ba52ee3b,i love this little creature
e1688f3c,people really hate hte
3a068e31,and i dont think theyre relevant
fce5d05f,They hint at some stuff pretty heavy
0fc6bdb1,its very christian in a post-nietzchean sense definitely
8c2d3d2b,that was the best line
c73b2cb7,if you want to talk about persona 3 without spoilers you can go to dragon's den
7e16319d,what's Nanjos end game?
5b7aedab,i think it's just how i feel every time we do AUDIO MIXING TIME
17ce7674,He will unironically love it
94b5b4c9,Or is this just another piece of fiction?
b088e603,Twitch chat is terrible
d25281cf,Actually you have to like what I like or you’re a bad person
409aa8ed,"WELCOME TO THE PURPLE ROOM
MY NAME IS BEATRICE, AND I AM THE MASTER OF THIS PLACE"
c7120964,Stfu. Also Clannad sucks
72b922f5,p3 then umineko then signalis the anime game hat trick
e1688f3c,check out this awesome flasg
015b370b,But its gonna be like 1h of fanart
b4690dc2,the suffering really is the best thing ryukishi writes
c73b2cb7,what colors are turtles?
441da1e5,"Yeah, I’m super sus on Kumasawa for that reason"
f466ee86,"```ansi
[2;31mWe have started using red truths already[0m
```"
f466ee86,didnt you start recently and youre on 3? surely youll finish in time
3a068e31,its not gonna make the story better or worse
eaddc5d1,That's a good one but it gets a bit too heavy for me at times
b58b70f8,"i disagree, the choice and freedom you get is insane for such high production quality"
13a6ed2b,Only spoiler free way is to download umipro and use the built in music player
0c427976,The youtube only viewers like ''What the fuck is Umineko?''
fa09cb53,your ac :stupidphone:
f06d395c,How far in are you now?
725720d2,I’m leaving to eat my spicy chicken sandwich before someone posts it
8441b39f,"God, Pachinko models are... weird"
7e5b9ca6,"the culprit was battler's nearly identical twin brother, large butt battler"
5dc7b18f,"God Battler is such a good MC, (that line never happened)"
29178c9d,I'm pretty sure with 2 streams a week we'll be done in summer sometime
e1688f3c,cumming uncontrollably
cb0e9e65,He sounded so real am i that gullible
fa09cb53,hes a senior so he was a co leader of a group
fa09cb53,my favourite band 🥰  👍 👍
c221bc92,i wasn’t super hype on the chapter openings until 4
e1688f3c,will message when i'
87df89af,"Well, the author of episodes 3-6 at least"
c3e052ec,UMI3 speculation Guys I think Eva might have killed everyone but I'm not sure yet
5b7aedab,"Sorry, Case. I don't got the ohnj right now... Johnny's been stingy lately."
e1688f3c,but i need a fee of 2 million vnd in order to release the money
29178c9d,"they could definitely have cut that kanon sword scene, added nothing to the story"
250b0a9b,Battler is not passing his logic class
ae10a8f4,Battler was way more interesting for me in episode 1 then george
e1688f3c,que??? no entiendo 😢
20bf120f,"The only thing I can say is: ""Define this Rokkenjima"" but I think that's really strenuous"
02ff68a1,Spoilers the last episode is them crossing the wall
e8ad9e34,the fucking kanon one with tsurepettan in the background
0395bfca,I do enjoy it dont get me wrong but man can it really kill the tone lmao
d25281cf,I love battler but beato teasing him is fantastic
5376ff2f,oh my god Jessica just ate boiled crab
fa09cb53,bro this is kinda of insane
b2620544,Similar to what happens in ep7 tea party
048fc8de,also the instant text mod in xenogears is a game changer
ba52ee3b,i mean he has already cried in ep 1 so
e1688f3c,mi no comos mierda 😠
f06d395c,You know... Eva was right after all
5b7aedab,"i'm stream-only with that, and as much as i'm _now_ properly invested in it, i have _notes_"
eaddc5d1,"Oh that's gore
That's gore of my comfort character"
f06d395c,I need to get in on this
60863448,beatrice's final trick
20bf120f,"Ok, I can't disagree with that"
fa09cb53,also said 90% of kids eyes damaged
d053e1b9,HOORA HORA HORA HORA PARMASEANO REGGIANO AAAAAHAHAHAHAA
5b7aedab,originally compatible iirc
a4536011,"dlanor's intro, if reading the tips section"
fce5d05f,Like furniture you could say
b9f82b61,"experiment on your kids, joe, the world needs to know"
e1688f3c,and started doing sex motion
e949382e,I do kinda hope that Joe does sub stuff another time
219c8209,idk what the funeral is about
f06d395c,I'll have to see how bullshit all the mysteries are
e1688f3c,bitches say the game is good but i havve never played type beat game before
f06d395c,"The person who's narrating the ""story"" right now"
b4690dc2,I don't work there anymore but if I go back I might try lol
f06d395c,"Yeah I think of anything in this VN, I'd cut the shiritori scene out"
e1688f3c,yeah bro shit right now
20bf120f,Can I use this picture as my nanjo reaction in this umiden?
df4aa97d,only one lets you use the OG sprites with the new BGs and key art
5dc7b18f,even Ryukishi hates this gremlin
0f04debb,Word on the streets is that today is Shannon's birthday
f06d395c,We're not even finished with P3 arts
d64c58dd,umi5 muahahahahahaha can't wait for us to get there
13a6ed2b,i thought you were umifull for some reason herbert
ba52ee3b,Jadser really just saying epic on every text channel to bait me to go there
f06d395c,I'm not clicking that to find out
eaddc5d1,honest to god thought ALAN was about to roll up on screen
e1688f3c,sulfuric acid destroys rocks 👍👍
31a02125,it's still like 50 hours for a route
cbee777f,"tbf, he might not be able to legally talk about it"
20bf120f,"My mind is telling me Genji
But my bodyyyy
My body is telling me George"
7e5b9ca6,i dont have the image
bfa4eaa7,NOT EVEN HERE AND I'M STILL CATCHING STRAYS
c73b2cb7,yeah she likes touhou 🤢
fa09cb53,also last point is when woman and colored people go to college they might be judged
e1688f3c,looks awesome goes hard
87df89af,I'm not sure where he got this idea that anything in the story is reliable
0b843864,I am legit astounded at how much I got right that I don't even care about the stuff I got wrong
e1688f3c,i don't know how to explain it
7e5b9ca6,yeah as long as you don't say it's an umineko character nobody is gonna know
daee0717,stop traumatizing stream chat
b8eaf23d,any you see assume ps3 added them
68aa81ad,oh shit the stream is gonna end right after this right?
a997b01f,I'm saying it in the orange only Twitch staff can use
70cb8f0d,of course you love joettler
db13175c,definitely similar series
bfdf84c8,I don't think will can beat bern here
db13175c,batora is read as masato or sento otherwise
e1688f3c,maybe mw2 is good after all
13a6ed2b,"rodney's a spoiler and a sakutarou disliker, we gotta kill him"
e1688f3c,only task he's going to give me that i will enjoy is making 3d models for the simulation
5c345fff,idk the characters but it was some monogatari thing
b58b70f8,ange beatrice only has a highschool degree i dont think she is fit for the senate
653b6fd3,Its a chess metaphor obviously. The humble pawn becomes a queen
5dc7b18f,This game being called SeaCat is one of the best pieces of trivia I’ve learned recently
e1688f3c,damn bro not looking forward to this vaccine 😩😩😩😩😩
60863448,the problem is that the writing is just so dry
c221bc92,my fav ps3 model might be rosa
1fd2119c,I would kill to see Epic's pulse rn
56d90223,Guys I’m a big Natsuhi fan now
e1688f3c,if you send something retarded they just going to ignore it
fa09cb53,me when i collect my pension fund
3eedca15,"Backseating the act of streaming itself now, a true Baldurs Gate fan"
0e8ba699,the tea party stuff made me feel way more negative than ep2 so far has
b9f82b61,Imagine telling pre-Umineko Joe about this
d053e1b9,I was just biting my nails I feel so called out
8e4a44e5,there are some gems of quipps in wotr that rely on having like 2-3 specific characters in party
20bf120f,Loves Matt engarde (Not looking at this)
e1688f3c,class is so fucking boring bro just doing relearning shit right now
ff63de9e,nobody go there btw its not safe at all during streams
441da1e5,Joe morbing during ZTD on Delta is still absolutely peak content
fa09cb53,waiting for academic english exam to come out rn
e1688f3c,what no plugins does to a mf 😔
8441b39f,It has massive spoilers indeed
e1688f3c,what are degenerates without losers and pedos 😭😭😭
e1688f3c,what the hael i got ripped off
d0d252d6,you mean i wanna  in northern lion is real?
6cd41a0f,I think its the same
d053e1b9,"If the sun suddenly explodes, we won't know for at least 8 minutes until after it has happened"
e1688f3c,except for that one thing where he fought in minecraft real life
e1688f3c,near the end of the video bro
60863448,this is the one case where I'm going to disagree. rosa going on for _so_ long adds to it.
6b890d58,It didn't. I just happened to be here.
fa09cb53,no kfc in south chicago left standing
fa09cb53,the truth social!!!!!!!!!
b4690dc2,If I’m remembering it right
20bf120f,Everyone was kinda panicking
f06d395c,I thought he'd give up even trusting Ronove
daee0717,when i have like. less to be worrying/thinking about i will absolutely read it
b4690dc2,Where we can meow all we want
7e92c265,Yeah it's gonna take a while
1fd2119c,Feeling excited for the Saturday stream
f06d395c,Didn't see anything major
409aa8ed,mf i would date george in a heartbeat
fd46192f,yeah i realised right after i typed
b58b70f8,yeah some chapters are really long
d0cb4aa9,That's a valid risk of lying
73e128e5,"without love, nanjo cannot be seen"
e1688f3c,the hael is quoc han vui ve
e1688f3c,i can still tell why people like it
a997b01f,Wouldn't it be Forsponjo
d64c58dd,I WAS AWAY SO I DIDN'T SEE IT AT THE TIME
e1688f3c,entry 1: child porn ...
fa09cb53,how many leeches will they get
1dd860ce,does p5 implement the social link interactions into the story?
443663fd,am i reading this wrong
e1688f3c,final draft on the other hand 😳
fa09cb53,theres an aquarium...
e1688f3c,halal punjabi compilation 2016
bfa4eaa7,anyways ive gotten offtopic from stream talk
fa09cb53,wtf 90s weird techno pop thing at the end ??
e1688f3c,you after stepping into the pedophile detector
33494d5e,Battler is acting like he thinks Beatrice has cooties
eaddc5d1,Umineko readers aren't beating the failed at intersectional feminism allegations
20bf120f,"I listen to music on youtube on my pc. The recommended stuff is to the right of me, quite visible"
7e5b9ca6,THATS WHAT IM SAYING
df4aa97d,THis is actually what the magic scenes feel like
0dde8c4c,damn it you're right'
015b370b,Joe would never play Homestuck
637beb8b,"Well, she was planning to nuke the island"
13a6ed2b,thats why its an option
b58b70f8,theres an easier way to play umipro but its also a legal gray area
daee0717,he posted them in dragons den
c3e052ec,At pyramids right now
ae10a8f4,So I kinda dropped it early when it was first releasing
f06d395c,But honestly I wasn't very surprised the whole thing was backsliding in quality for a long time
84589370,I've only read the trickshot manga - is the game any good?
94aea54b,"yea, we know the schedule already. starting next week, it'll be on Tuesdays and Saturdays iirc"
e1688f3c,i have imposter syndrome
87df89af,We've seen basically nothing so there's no opinion to have
b9f82b61,but also you're right zero is the best
0e8ba699,I think I'm the one who will die actually
fe851805,thanks ryukishi lmao
637beb8b,"wait that IS soda, I thought it was wine"
fa09cb53,bro got the ice breather???
eaddc5d1,The act of subverting death is inherently hostile to reality
dd9e2814,Ace Attorney totally didn't get inspired by it
37f869c9,Aren’t both their bodies found in ep 3
d1712dc0,"The last bunch of bodies they find is Gohda, George and Shannon, right?"
daee0717,but idk what translation
0395bfca,This stuff aint easy to explain with realistic possibilities but that does make it fun to try
71084104,You stole his phone!?!?!
29178c9d,no one before either honestly
e1688f3c,browse mildly infuriating
96962f09,could be misremembering but if that's true then the details of her stories could be made up
e1688f3c,you need to create a microsoft account
5c345fff,"okay i clicked it 
what on earth is that"
7e6f63ae,the most beloved homestuck character
5cd74cc2,some interesting fan fiction going on here
5376ff2f,like if i'm getting a crazy burger it'll be one or two patties and a fried egg on it
d64c58dd,bro the game has literally told me half the solution already and I still can't solve it
888037f1,honestly i think playing would be better
1fd2119c,"Without a shadow of a doubt, Nanjo DO something"
ae10a8f4,Are people fucking cliffposting in here as well???
6b890d58,Unclear. Sometimes it's either.
d64c58dd,Im interested in learning the connection between it and umi
e43ba5b7,getting chills is a good sign
478c0a65,"stream chat without tags: ""LIVE NANJO REACTION"". stream chat with tags: ""LIVE NANJO REACTION""."
24ea4ff4,~~wait until you meet our current witch president~~
250b0a9b,I remember my X the everything app feed going crazy over the next stage play part coming out
f06d395c,"Thanks for taking the fall. I was about to answer in earnest and then went ""wait..."""
ae10a8f4,And also the sports commentary is peak
17a6b71b,Thanks for the heads up
fa09cb53,khi toi con moi 11 tuoi... ba me toi bao toi co san nha ve sinh bang nguyen lieu acid co khi...
e1688f3c,isn't that the blaze spawner
eef09ada,Im just repeating what umifullers have posted here and my guesses based on that behind spoilers
b9f82b61,it's gonna happen in ep 5 trust
53a6e340,i found a fellow gamer 🔥🔥🔥🔥
fa09cb53,basically it shows bitches cutting up a crocodile and finding body parts one by one 🥶🥶
fa09cb53,noooooo let him out bro!!!!
fa09cb53,inflation good if small
1a0cc9d8,Even during Signalis we can't stop winning
e1688f3c,have coo tomorrow  😔😔😔😔
d64c58dd,let's not answer that
fa09cb53,im eating epic fried noodles
29178c9d,live nanjeorge reaction
83aa7c93,This crazy Bitch is gonna go package tape everyone but one person so THEY have to be the killer
d8b37c35,just shirk down and make a live nanjo sheet reaction
94b5b4c9,And they are just fun to solve lol
b478b463,That won't stop the algo unfortunately
e1688f3c,and have the urge to look aroudn your room
d64c58dd,"rudolph with your truth so bright, won't you solve my epigraph tonight?"
e1688f3c,interstellar retribution 🎵
e43ba5b7,definitely possible. i think someone got spoiled once cuz they recognized one name in rot13 text
a997b01f,Joe just needs to visit Jelly so they can do an in-person blanket fort stream
13a6ed2b,the fate gambit has paid off
d053e1b9,So it has to look okay
f06d395c,"Does anyone have a voice clip of Dlanor saying ""Great Equalizer is the Death""? It's very catchy"
f06d395c,And what Battler said
2e8f221e,im happy to see i spawned a little umineko minecraft dicussion
e1688f3c,and now i have to convert to mp4
6a9a4ab6,If this happened when my friend told me to read it I would've uninstalled the game and blocked him
62c1fbf7,Nanjo will do anything for money 😉
d0d252d6,Where did you keep it
13a6ed2b,although syncing saves could be annoying
f06d395c,Bulder's the one maintaining that I believe
30a0ff40,We should powersscale all Nanjo edits
e1688f3c,vietnamese dub best variant
fe911216,"the only thing i know about higurashi is ""nipah"" so i assume that's what you're talking about lol"
e1688f3c,quickly turn into inukai san's dog and escape the scene
02ff68a1,But it seems like the kinda thing he would so.
d25281cf,wait its only been 2 days
1fd2119c,"Someone not slower than Epic, despite it all"
b4690dc2,Yeah that and it’s immediate followup is the only arc of the entire show I had any investment in
6a9a4ab6,I did something simmilar but the Bullying was worse at the private school
f06d395c,The game is playing out exactly as intended
a4536011,higher than I expected is all
e1688f3c,vice principal messaged me on teams
fa09cb53,what does this say????
f06d395c,"I mean those ""live Nanjo reaction"" type images"
b821c653,"It does have a PS4 port, wonder if that’s better"
b2620544,There is that one old trick
77ee69dd,"the male version should be ""atashi"" iirc, which is how jessica talks"
e1688f3c,miracle before christmas
7e5b9ca6,the song is called fart
96962f09,umisaturday is ruined...
19845065,the stageplay added pants i think? or was it skirts
ae10a8f4,oof put the spoiler in the tags
94b5b4c9,which is somehow on the island
e1688f3c,do they have warranty doe?
44721f1f,goo goo ga ga I must serve kinzo his dominos
fa09cb53,thugshaker sea shanty
0c247e09,"Battler having a ""leave the drama at home"" party"
94b5b4c9,"I keep forgetting Kumasawa's, and mixing up Genji and Gohda. But I'm very bad with names"
d25281cf,"the ending to ep1 is alrready so powerful, but that song just elevates it man"
ae10a8f4,"~~what would battler even be, dude said he'd just love to live happy go life to the max~~"
fa09cb53,you need to research literacy retard
adb72a1d,this will always infuriate me. i loved the new take on him
b478b463,Krauss Ushiromiya 'exists' uu-uu
505a43d8,like struggling to read the english and saying random fuckign letters in front of the chapel
73e128e5,there are so many animes that are infinitely more slop and embarrassing than umi
ba52ee3b,is the mouse message real
fa09cb53,getting religious in here 🥵
daee0717,thats it im reading bit messages
e1688f3c,the hael happened there
267ef0d6,"i dunno why subahibi is rated so highly, i enjoyed it i guess but it's kinda edgy nonsense"
fe911216,"i was using the term interchangeably there, but yeah"
0c7d56d4,I'll give you a hilarious non spoiler hint about Chiesters. Umi3
e1688f3c,you should buy bro total steal
ff63de9e,"Subahibi has a mal entry, just saying"
7f5df344,did he come around on kanojess
fa09cb53,bro what sound does the horse make when the y walk 😔
7e5b9ca6,well thats what i meant but you never know
77ee69dd,hou+ or the other 2 scenarios in Rei?
8aca22aa,not a stream spoiler since weve seen her already on stream
16651f76,oh yeah i recall it being sudoku in one version and something else in other versions
bfa4eaa7,i gotta finish twin peaks
7e5b9ca6,i agree with your true!
6b890d58,Jessica truly is Krauss's daughter.
e1688f3c,you have not filled in search term
02ff68a1,"I mean, even if battler was still alive it wouldn't change anything for what Ange went through."
b35e50e8,"the artist changes every book, so it varies style wise, but is overall pretty great"
73e128e5,"you must boil water before you begin to cook in earnest, as they say"
e1688f3c,1️⃣9️⃣2️⃣⚫1️⃣6️⃣8️⃣⚫0️⃣⚫1️⃣
df4aa97d,"he lost an word train game last stream, the boy does NOT have consentration skills"
e1688f3c,now will be my 7th and 8th
ba52ee3b,Quickly everyone start hating on umineko as a whole so joe consistently gets surprised
0ef04394,"or like ""he would be 23 this year"" or something"
078a32ed,Jelly streams are the best by far I love the theories
0f04debb,it really highlights how important love is when it comes to how the games are managed
24ea4ff4,yeah and I think part of his personality is that he wouldn't
b4690dc2,they actually are psycholonials gender
e1688f3c,probably it is full hd but
17ce7674,"Beatrice was just about to use red to destroy the ""accident"" theory"
e1688f3c,i am devoted christian
f06d395c,VLR > AI > 999 > ZTD >>> AI 2 I think
75a04ee5,oo ok. what does it improve upon?
ba52ee3b,HES DYING HES CRUMBLING
e1688f3c,if you sending this back to the school
b18daefb,"in other words, jankosek doesn't like tsumari"
7e92c265,It's hard to really pinpoint this but Rudolph's PS3 sprites look to me like he's wearing make-up
20bf120f,Loves being the narrator
1dde7edb,refer to gif for expectations
e8769870,not like youtube existed in 1986
29178c9d,"""i will play answers arc next year, now onto persona 5 royal"""
250b0a9b,Why does Battler have the Joker persona mask
13a6ed2b,"you dont have to explain anything xeph, its chill"
b9f82b61,they're pitching the mystery novel to elon??
ba52ee3b,Yeah that sound effect is really good
6b81da02,Its gonna be 2AM for me lol
b478b463,"In umineko fashion, tag your answer"
d053e1b9,First time jads user walking in
f06d395c,I would be shocked if there's no payoff for that stuff later
b18daefb,witch senate was  just a dream
e1688f3c,but the thting here is that at school he said
b478b463,"what is the ""red like"" concept joe is refrring to? idm spoilers"
441da1e5,"Like, I don’t think the third Twilights was EVER completed"
219c8209,Umifullers literally gouged his eyes so true
3161237a,"Jessica recognized Battler when he said his catchphrase ""What are these ..."""
8248ef7e,she definitely listens to the latest run dmc records in 1986
5b7aedab,🎸 ukulele no good :<
23f5bed1,"okay, if viewed that way then yeah that sounds preeetty bad"
fa09cb53,and it will play exactly like isaac but with more movement
0ef04394,"""I think george had some pretty good ideas"""
3a068e31,"but like, it might not stop him"
e1688f3c,this means that this could take possibly hours
59aef750,she was updated to a supervisor role this expansion
b58b70f8,ill have to warn you that even alluding to anything past the streams is spoilers here
f06d395c,Well deserved week long vacation (from streaming) for Joe after this recent bout of streams
683b95f7,THIS IS THE POLICE put your hands up
0e8ba699,I'm just going to start tomato reacting anyone who posts above stream spoilers
505a43d8,"but magic DOES exist, we are seeing it"
96bf8c05,The epitaph seems like a red herring? But idunno
5b7aedab,i got like fuckin. 11
b569c490,cant believe he is single
13a6ed2b,i hope everything works out so joe can do a stream on saturday
6cd41a0f,Ah thats why i couldn’t remember it man i been waiting for silksong its pure agony
f358d26a,"Featherine, that’s her name now I remember"
549f4fe0,i have higurashi spoilers
250b0a9b,the character not any of the 10 people here with lambda user names
fd46192f,this track is like whimsical ethereal
5b7aedab,"you can also just right-click/long-press the channel itself and hit ""Remove from channel list"""
409aa8ed,play the video is spooky
e1688f3c,bitch ass formatting
fa09cb53,they havent assigned me shit just told to look at game analysis powerpoint and guess le job
b4690dc2,Maybe a link to 07th mod too
219c8209,MUCH better to be frank
b2620544,You know the meme with the bird on the comedian stand. That's just Ryukishi and Sayo did it.
7e5b9ca6,white album 2 if it was bad
d0d252d6,I heard the author of jjk was stressed out while writing the ending of jjk
24ea4ff4,we fulfilled our daily quota
24ea4ff4,"when they cry, I laugh"
2d9323cd,still I agree it was hype for me as well
bef31d57,"These things do matter to me, at least"
87df89af,They're just playing the games because it's fun for them
7e5b9ca6,Has science gone too far?
3161237a,Is it? Most doors can be locked from the inside
f06d395c,You can post stuff from before the stream without tagging them
ae10a8f4,dude would drop out but one of his friends would just give him a job and he'll climb up
d053e1b9,You hit that right on the head tbh
fd46192f,gouda fucking up everything
1fd2119c,I didn't get spoiled
d64c58dd,I wish I could theorize with y’all
bfdf84c8,The music is peak as well
94aea54b,I'm not sure how common it is to use tsumari in Japanese media and normal conversation.
13a6ed2b,just like the beatrick... fell for it again award
60863448,its more of a norm than a hard rule
e967d591,"Ah, its useless, its all useless"
8b197101,Surely no self insert
0fc6bdb1,shelby is technically not from the uk in at least two different ways
f466ee86,hes waiting for his favorite video essayist to post
96bf8c05,Kinzo hides under the bed to get Krauss in trouble
d053e1b9,DESU DESU DESU DESU DESU
b8eaf23d,its one of those things hard to explain without spoilers
f06d395c,Also the resolve to quit her job... she still thinks she's 10 right
c0672680,how is it possible to win this hard
db13175c,Yeah Joe moved to Vladivostok because Moncton was just that bad
b2620544,"True, but once it gets going it never stops."
33494d5e,"HOW MANY BUNNY GIRLS ARE THERE, I DONT EVEM KNOW"
d053e1b9,umi 24 is what I am going to use from now on for fake spoilers
e1688f3c,i think this looks realer
14b12b71,Although Phoenix Wright is fucking awesome. That shit slaps
30a0ff40,Oh I was thinking more of Kannon reveal and anime fights
29178c9d,but not as sad as you
7e5b9ca6,It's definitely dead.
83cb2bb1,Yeah I trust very little of what happened this stream
e1688f3c,and if you hear my thoughts
ba52ee3b,Dunno about that but maybe
250b0a9b,Episode 4 loves making you cry
63518930,It also gets heavily hinted at in the ep3 tp I think
fa09cb53,1.8 already have invisible block
621bad4b,even BattlerVision has failed at this point
d053e1b9,I really hope that pekora is in the english release of DS2 as well because that would be hilarious
162b34e4,I bought that around Christmas and I have no idea what to expect 😔
b4690dc2,"I think first real peak is hs  the animation where rose enters the game, whenever that is"
e1688f3c,i prefer when he is more acidic 😔😔
fa09cb53,did you take a shit and take picture
d64c58dd,I clicked it but jokes on you IDK what that character is so I'm not gonna register it
20bf120f,Nobody there plays genshin in any way regardless 🙂
c73b2cb7,"Rudolf plays paradox games, this is canon."
0f04debb,keep enjoying it dude
d25281cf,yeah but like. this doesn't tell me how often joe is genuinely very impressed by the games on stream
fa09cb53,i thought damn these mf are phishing using gov domain
d08f3d94,oh no non-american dates
c73b2cb7,"""Paimon would also reach for her behind"""
725720d2,Secret daughter of admiral Horthy
7829cb39,"idk, it has been 6 years /s"
7e5b9ca6,who has yet to be nanjofied
f06d395c,No I mean the pronunciation difference
0f04debb,oh i'd love to do that after finishing the vn
0eccefda,I’m saying I think the order is bullshit
9f2e5620,Kyrie do be looking cool actally
13a6ed2b,I always say blunt rotation even though I've only smoked joints
219c8209,Toothache VS I literally murdered your family rn and I will do it again
e1688f3c,also what's with the trollface model thing t hough
e1688f3c,electricity been out for over an hour and i didn't noticed until now
621bad4b,"I'm not saying cut the scene, I'm saying cut the scene's length in half"
b478b463,Umi full  after ep 5 actually 
19845065,closed circle = a circle that's closed
b4690dc2,we have a governent official (?) who pretends to be really good at POE2
24ea4ff4,kiseki no majo if you are talking about bern
e1688f3c,i actually don't know what happened that day
20bf120f,"I am here, after all 🙂"
da0c8d98,Joe will stream on a phone hotspot off a laptop just to get an umi stream in trust
e1688f3c,what the hael?????? 😰
17ce7674,Is it really that long?
f06d395c,Yeah it's great stuff
d25281cf,PEPSIMAAAAAAAAAAAAAAAAAAN
f06d395c,I hope Umi fans aren't riding the Icarus express
fa09cb53,so if i film a dog trolling episode
df4aa97d,Real cosmic horror vibes
b4690dc2,umineko fans are magnanimous to all other media
f12c8aac,I honestly believe this except you might not make it past some of the cringe
eaddc5d1,"I just want to see George suffer, is all"
e1688f3c,algorithm pretty simple doe 👍
eaddc5d1,will erika appear..........
d5284187,I don't think there's a way to hide only one channel though
f06d395c,Can't believe we stopped just before peak last stream holy shit
13a6ed2b,that thunder sounded loud as fuck even through alll the layers of the internet i dont blame you
db13175c,mine has equalised out a lot over time
0fd535f0,BECAUSE HE HIMSELF HAS WORKED AS A SO-
fa09cb53,ok thats it going to your dorm room rn
b58b70f8,now watching the epitaph section of the stream
b4690dc2,chatters are we making it to umi4  krauss aurafarming today?
fce5d05f,I'm a certified the manga was better mf
810fde7b,I hope she’s gluten free
8f76cfa5,i need to think more on it but atm thats the only explanation i can think of
72661a6c,well its a shame it doesnt say it out loud and only implies it
e1688f3c,this will be business studies in 2013
31a02125,everyone snail this user
683b95f7,you won't believe what we did for the past 4 hours
56d90223,I didn’t connect the dots
d2cbae83,Umineko is often seemingly written specifically to be confusing
441da1e5,The whole timeline is built upon George
f06d395c,Yeah that's super good
eaddc5d1,...tag team kabedon?
888037f1,kinda tired of seeing battler being the dumb guy again
fa09cb53,me when michael jackson
0ef04394,"so uh, has mouse finished higurashi?"
409aa8ed,so battler gets a whorem
7b056647,it’s where the story REALLY makes its tone known
fa09cb53,man how mfs in my class already doing sound design this why you don’t procrastinate
fa09cb53,im the drive thru of burger king
eaddc5d1,"I could never commit to reading a visual novel on stream, I would die"
a41e37a5,"I'm on episode 6, it is by far the worst thing he said"
13a6ed2b,it's 1960s japan joe
aa8f5f2f,I am half way. Can only tune in for 1st half 😔
02ff68a1,Thank god I'm straight or I would be so fucking bored by this scene
f06d395c,"Effort, persistence, determination"
048fc8de,ep 3 is gonna be peak it's the best question arc imo but still lower than all the answer arcs for me
5376ff2f,ok i don't mean this in a bad way but this song sounds like royalty free youtube bg music
7e5b9ca6,what do you think about her now
f06d395c,# GREAT EQUALIZER IS THE DEATH
94b5b4c9,"Too late, your failure is pinned now"
fa09cb53,microsoft said i wrong password cant log in
fa09cb53,isaac moriah halloween costume
70cb8f0d,btw now do you guys appreciate the quadrillion ods hint
da0c8d98,Would hajime have an easier time against Beatrice than battler?
250b0a9b,Because Nanjo replaced him in the george nuke
fa09cb53,where supply and demand meets is equilibrium etc…
9e51bfc5,"Roman: Hello, cousin. Do you want to go bowling in the gene pool?"
fa09cb53,perform thy mother 🤣
7e5b9ca6,i havent even finished it and i absolutely agree with you
e1688f3c,final probably at most 10 thousand words
d2cbae83,Bluey connection? Say it in blue? It was there the whole time
d053e1b9,Her manga panels are so good
441da1e5,Didn't even know there was  a poll
e1688f3c,they not buying you rust anymore?
5b7aedab,they've been a sub for two years and haven't tried petplay yet??
fa09cb53,midnight bus hits different
fa09cb53,you are fucked that definitely is poisonous and a predator
e8769870,I think it's just the tendancy of conflating colds with being cold
fa09cb53,what about my favourite subreddit
162b34e4,We're gonna have to watch every single Joe stream just incase he mentions Umineko in ANY OF THEM
358aad55,i had forgotten how peak it is throughout
daee0717,nanjo is the modern day aragorn is not something i expected
e2dd6606,"that stream is a ride, the whole way through"
d64c58dd,yeah all the fanart links are linking to backlog 7 except maybe the umineko fanart
f358d26a,"it was a good ending, just not the good ending"
e1688f3c,send some screenshots of the game
e1688f3c,yo you want to play some eyesack
409aa8ed,oh god the sueprmarket scene
f06d395c,Should read Homestuck before Joe
7e5b9ca6,because it's 8 spoilers apparently
e1688f3c,erm... guns are illegal here...
409aa8ed,so beatrice draws this as fanart of his character
df4aa97d,"Beato is a top brat, Battler's a switch brat, and Beato gets really flustered when he switches"
20bf120f,The problem with my definition is that it destroys the meaning of the word itself
ba52ee3b,"If your heart wavers, johnny joestar, do not shoot"
e1688f3c,no way hell is real on earth
e1688f3c,bass is at c1 right now
0ef04394,actually i like bernkastel less
e1688f3c,i'm finding another font that matches right now
0c3a67d7,Can someone distract joe with long messages so i have time to watch the stream
e1688f3c,this the ai project that i deemed doomed to fail
13a6ed2b,"Umi 7 tp  i think ive heard that one is long, from a chart with every episodes length "
fa09cb53,the torrent came wit working emulator didnt even need to get the funny switch codes
73e128e5,why do you think bro left the family register for 6 years
e1688f3c,there's a synth called
e1849ed8,please we need this posted in twitch chat and pinned
7e5b9ca6,literally how the hell do you do this
fa09cb53,crazy in da gravy!!!
250b0a9b,Subtext is for cowards
f358d26a,Okay older sis looks really good ngl
e1688f3c,he looks so black in profile picture
e1688f3c,yeah but each time you explode it it drops like 30 coins
02ff68a1,"Like, it can absolutely be both given that we have 500k words of setup available"
a997b01f,Nanjo is already there
fa09cb53,"""is bitches havin sex in my dorm ??"""
17ce7674,"ok, no I need to stop, I will leave this one thing I am certain off"
29178c9d,guys i checked there's a fairly long conversation between these guys before red truths
5b7aedab,been in a few double-entendres in my time
ff63de9e,shannon was attracted to all the SOUUUUL he stores in his stomach actually
e1688f3c,cpu depends on your budget really
621bad4b,"if they're a shotgun, it would make sense that one shot could get both rudolf and kyrie"
5b7aedab,"perhaps, this is ""hell"""
f358d26a,"Exactly, gotta make it look real so the sumaderas fuck off"
c3e052ec,"ffs can you please put the spoiler notification first 
I just got to end of the hanger arc"
53a6e340,a lot of my teaching friends did ESL programs in asia before teaching in america
17a6b71b,Better mom than Rosa is an easy fucking bar to clear
b9f82b61,but this scene exlusively consists of Umineko characters beating your ass?
5376ff2f,If it was called Seagull Elysium Joe would've given it a 10
5b7aedab,there's lots of motifs and quotes in the ost
505a43d8,krauss is the protag now
fa09cb53,pissed and cum pilled
eaddc5d1,"I have my degree for a reason, Downpour.
ALSO"
b18daefb,and THAT'S the reason eva doesn't kill her sister
b58b70f8,lotsa people prob didnt join again
63518930,no trust me hes gonna drop the game because of one bad moment guys
e1688f3c,my unity project is gone
fa09cb53,yeah religions some times could be good moral guidelines
e1688f3c,joke is it could also be interpreted as his mama
fce5d05f,"Also I agree, ep 5 is my favourite"
c3e052ec,Reminds me of that one 4chan post where someone's tulpa starts stalking them
fa09cb53,damn bro sky yellow ahh hell rn
162b34e4,I think your post needs at least 20 upvotes in order to qualify for pinning
d053e1b9,"SUCK MY BALLS?!

Same cadence"
b4690dc2,stolen and repackaged like it's nothing
ab7f097f,inside you there are two wolves
e949382e,"guys i just realized, battler is just brian from family guy"
fa09cb53,your face when macosx
e1688f3c,twitter users not playing games anymore\
f06d395c,"I watched one episode of YelloJackets, got Lost vibes and decided to wait for it to be over"
eaddc5d1,"thats not an inkblot test, thats the fanart museum"
1fd2119c,"Take over, kills Joeker"
d25281cf,Eva has some of my favorite voicework in the novel reply safe
e1688f3c,if joe biden gets a second term
0ef04394,i dont think you can figure it out until you finish ep 4
fa09cb53,tyoe beat takwe 2 hours tyo asnwer
b4690dc2,it's such a simple gag but I love it
f06d395c,I didn't expect there to be two games let alone all the shit with the dinner party
7b01763e,my entire umineko playthrough happened while dodging important school work
fd46192f,"mr. president, a second berry has come from the bush"
f06d395c,"I think maybe once or twice but usually called him ""old bastard"" and shit like that"
949814c4,i see what you did there....
47247786,"""I really love being able to play with her emotions however I like"" - George, Episode 2"
96bf8c05,your towers eat shit reduz
daee0717,regretfully i need you to spoiler tag that
725720d2,Modern day Japan moment lmao
3c6ae2a1,devils proof. i assert that there is magic 2
b4690dc2,yeah if ryukishi just stopped at the cookie metaphor it'd be fine
87df89af,And the Ushiromiya's are on their own island
fa09cb53,but nothing so far 😔
bfa4eaa7,it's a more mature story overall
fa09cb53,me when the trans right burgundian system skibidi toilet
e1688f3c,woah ! ! ! that's aweosme
441da1e5,Ive posted the counter above
0f04debb,WHO CARES ABOUT GEORGE
b2620544,Joe's Dles were gold truthed by NL. Get fucked.
9bd10705,I love this music so much
d053e1b9,Rosa scene at the end of episode 2
73e128e5,the runaway success of joe streams has my expectations too raised
fa09cb53,nah bro you just have to try very hard bro
d053e1b9,UMI PRO STAYS WINNING
fa09cb53,skin walker on jimmy fallon’s tonight show what would he say
c221bc92,actually i’ll delete in case it’s against the rules
ab7f097f,live amongjo reaction?
e1688f3c,with weird ass words
ae10a8f4,is what i think he said
e1688f3c,pollution winged extremists will pay!!!!!!!
5b7aedab,i think he'd be bored and then lose his shit at a handful of the really good gags
fa09cb53,UWAAAAAAH  !  !  !  ! (⓿_⓿)(⓿_⓿)(⓿_⓿)(⓿_⓿)(⓿_⓿)(⓿_⓿)(⓿_⓿)
fa09cb53,you could be making up all of these letters and i would not know bro
b4690dc2,yeah I kinda wish someone could do this with real vocals
621bad4b,"the gun starts the story in kinzo's collection, and natsuhi/rosa pick it up after the murders"
fa09cb53,envy the people who dont know about the stock market 😔
f06d395c,Eh I don't want to get too much into that again
94b5b4c9,"I'm not a native speaker, so I thought I may be missing some context"
c73b2cb7,"consider that it could be a translation/localization problem, or are we past thag hurdle?"
219c8209,I just want more beato and battler scenes
0ce1c044,"Winchester 9410 is a shotgun iirc, winchester 45 is what the family was using right?"
c73b2cb7,I'd make umineko 20% longer and no one could stop me
ae10a8f4,"but that's only because I care about shannon, not george"
e1688f3c,whole section is basically shitposting
5b7aedab,like... alive? or in this box canyon specifically?
fa09cb53,i saw gore shit on an 8chan thread once
d64c58dd,ok I'm not gonna answer or deny your theory but I think you're cooking
e1688f3c,"change  ! !
chamge !  !!"
da0c8d98,"I thought you meant danganronpa tbh, those also have the wrong time thing"
d2cbae83,Under the bed with the dominos actually happened amazing
e43ba5b7,"Hahahaha, just wait for Episode 6."
441da1e5,Bonus content like creator commentary or…?
d2cbae83,Or at least make her close insane loopholes like the furniture thing
d053e1b9,But it's half people lusting over erika or arguing in bad faith with Joe
87df89af,Yeah but I don't get it
e8769870,The real Beatrices are the sisters we left behind
7e5b9ca6,umi8 i like her esp after what's happened in 8 but her scenes are so damn boring in 4 😭
219c8209,"demon is a fallen angel
Kinzo never was an angel"
fa09cb53,game completed epic style
73e128e5,"fun but you should do it on twitch next time, discord was chugging hard due to maxed vc"
fa09cb53,the the last place rank 🤯
e1688f3c,and didn;t wake ujp until 10
72661a6c,blanket fort chan and chair chan are cute
fe851805,"This is my...
Umineko no naku koro ni"
1fd2119c,And seeing what theories stick
e1688f3c,how is it still dizzy
fe7bc02b,i doubt anyone died before midnight
ba52ee3b,but a survival horror
5b7aedab,"❌  FRIENDSHIP ENDED WITH WINCHESTER ❌ 
_NOW LEVIA-NEE-SAN IS MY BEST FRIEND_"
f06d395c,Yeah very fair. But also I'd mark that as spoilers
1fd2119c,If the premier AI didn't confirm it
29178c9d,i feel like cgs with different designs would be weird though
c0bf1352,"Ah, thanks for the heads up."
e43ba5b7,I think the Mangagamer release is DRM-free
e96e7c0f,i certainly wouldn’t trust nanjo to identify MY corpse
fce5d05f,Ciel is by far the worst that one was actually bad
eaddc5d1,ive been cooking since 999 when i Literally Fucking Morbed
e1688f3c,trying to fix the shit ass code but inheritance too complicated 😔
fd46192f,she could have been lying
fa09cb53,he will destroy merica!!!
e1688f3c,and just add enough content for each retry
505a43d8,did he say that on stream? i wasn't lsitening
fa09cb53,future house design idea
ae10a8f4,"and since he's not fun to read, there's no big counter push for george"
7e5b9ca6,u mean by the time he finishes ep 3
c73b2cb7,how many cantos we got?
b7287936,someone should draw beatrice with joms
87df89af,His throat would start to break ofc
ba52ee3b,kanon would listen to creep
f06d395c,Can't spoiler tenor gifs so I'm not posting that shit
e1688f3c,no one will take me there bro
e8769870,"Will have to settle for umineko silver, with text to speech dub"
048fc8de,Yeah I imagine bg3 will go over better idk for sure though
f06d395c,And that Battler clearly also has magical powers
fa09cb53,hơ.. hơ.. hơ.. hơ...
fa09cb53,work on trollage or smt 😤 😤 😤
e1688f3c,i have to go do something now
3635ecbf,We lost our message count
d64c58dd,ok jads this is turning into spoiler den
ba52ee3b,can i do the thing i did when i saw this scene or should i keep quiet so chat can be sad in peace
e1688f3c,but now time resets to 1 years old
c73b2cb7,once you finish I'll show you the funniest thumbnail
1fc172f8,did you really pull out a spectrogram for this??? 😭
d053e1b9,That isn't allowed anymore
e1688f3c,us has operation greenlight
daee0717,oh they already corrected you sry
73e128e5,and all the fanartists ate more meat?
eaddc5d1,"No, Homestuck isn't the same"
51a6abb9,cant argue with that. youre right
ba52ee3b,can you send to joe that all of the umiden wants him to play hello neighboor 2
e1688f3c,you sure it;'s not your camera
0c3a67d7,"Fan theory that Ikkuko is Sayo, theres some clues..."
b9f82b61,someone get this man some pizza
b478b463,I like using butter for scrambled eggs
e1688f3c,you shouldn't be dealing with the origin of the player anyways
bfdf84c8,What are the arcs in the middle?
20bf120f,"But you can't take the door from it's hinges from the outside, right?"
0f04debb,shit made me cry myself to sleep twice
250b0a9b,Then Kinzo couldve kept her in his room
17a6b71b,"I don't care if this is a ploy by beato, I love this"
fa09cb53,you need to lower the bitrate on the footstep too
c73b2cb7,"george stocks at an all time low, as they should be"
fa09cb53,fucking rent hour like fucking steam games bro
6a9a4ab6,Typical Westaboo not understanding the neuances of Western Cartoon flags 😔
fa09cb53,i spot it like a lot when i play game at midnight
56d90223,Maybe they mean the code to the safe in that one room
b2620544,Because Knox wasn't clear on what the stuffing was
fe911216,the complant wasnt about the flow though
5b7aedab,fuckin. love these guys
f06d395c,Hmm wonder how we'll address the stakes being summoned last stream in the hotel room
87df89af,"From yesterday, the stuff with what's her name was really good, at the start"
621bad4b,"but even if it is, I'm not sure how much that really helps"
0fc6bdb1,where do they even keep the list of the already submitted marble games?
d64c58dd,"Thats not true, Umi 3 in umi 2 battler refused to sign. They say as much in umi 3"
fa09cb53,trolled hardcore minecraft oppa gangnam style!
d053e1b9,At least I'm pretty sure
94b5b4c9,This drives me crazy enough that I'm considering leaving this channel until we finish Umineko
eaddc5d1,"I don't think so either, and the more I read it the more I hate it"
13a6ed2b,every mystery VN should have its search/notes features
e1688f3c,you think they would stop with this shit after the bobby shit
da0c8d98,Were in the discord of a Canadian streamer and yall can't help but mention the Super Bowl
e1688f3c,wtf who is tony zaret the hael
94b5b4c9,Would it be that hard to fake?
ae10a8f4,"I canbuy Bern being 1000 years old,she just seem generally apathetic to a lot of things"
ba52ee3b,joes a hero for being able to do that for 4 hours
f06d395c,I'm enjoying this way too much
d25281cf,its immensely enjoyable
f06d395c,Yeah I'll do that after this episode is done
13a6ed2b,would we be dead after 8 minutes?
621bad4b,yeah the family dynamic could benefit from a couple of murders
87df89af,No that was just Battler's Beato being good at acting
409aa8ed,"""cant you fucking read"" --- wheezes"
ef91bbd0,shit guys he found gameplay
7e5b9ca6,he HATES it (he loves it)
d1712dc0,I did watch the Higu anime but I actually remember so little of it.
eaddc5d1,i also really love the chiesters
6d468d99,i mean fate isn't releasing new things frequently
30a0ff40,"as always, the best part is in the spoilers"
f06d395c,I just cannot with this VN. Every single stream is a fresh surprise
20bf120f,This hits the nail perfectly
8441b39f,Like how Lambdadelta is supposed to be Half Life Solid 3 Remake
e1688f3c,oval office trolling
7b01763e,gotta get to making more sometime
df4aa97d,öats is the exception
0ef04394,somehow this hint took me from having the right answer to getting the wrong answer
a997b01f,Umasaturday however....
e1688f3c,guy didn't even know
fa09cb53,shit too complicated
e1688f3c,second half under le construction
fa09cb53,poland will become aaa game we will ask wall street banker to invest 😎
20bf120f,I see big flesh mitten people
fa09cb53,damn bro he citing his sources
621bad4b,which is considered to be a very bad thing
31a02125,if anything she's defying her family
e1688f3c,fyjijyfegffyhuhtuuhtded
df4aa97d,That chatter knew what they were doing
fa09cb53,covid 19 bro cant be touching hands right???
0e8ba699,"yeah, mouzar got banned"
162b34e4,He lives on Niijima where Jessica and Kumasawa picked them up
b9f82b61,"yeah but the ceremony isn't actually real, so"
9ad17933,"I hate NTR, but yeah it is, which makes this even weirder"
d053e1b9,Hannah posted the comparison at one point iirc
fa09cb53,the end of broadcast is just some real vtv end of broadcast video
87df89af,If it's the missing kid who else would it be
73e128e5,dungeon meshi is just boring as fuck to me
8c2d3d2b,"it is a word yeah, ""in short"" basically."
d25281cf,"Christ what an evil post, you should do standup Coru"
d25281cf,there is a scene in ep4 that makes me like george a lot more.
d0d252d6,anyone have the oh eva clip
d053e1b9,I also like lambda and bern but also to some extent have the same issue that Joe has with them
0c247e09,Child abuse scales above witches?
fd46192f,"however ange's name is pronounced, i choose to believe it's meant to invoke angel"
73e128e5,it's fucked up to think we used to have like outright just battler emotes way back
f06d395c,Hmm I'm sorry but this is making me morbidly curious lol
bfa4eaa7,"i don't think they misunderstood,  it was just a rude way of correcting them tbqh"
87df89af,Don't mention the war
ba52ee3b,So guys i had a great idea for fanart
7e5b9ca6,might get hate for this but the pachinko goat is lowkey the best one
fa09cb53,already in the government before obama
fa09cb53,shit was like tiktok covid time 😔
f9605862,Beatos power is her appeal is like an ign review “there’s a little something for everyone”
ff63de9e,he's actually feeling exactly what battler is feeling rn
59aef750,< doman mahjong main
1fd2119c,THE BRAND SPANKIN' NEW JADS CURRENCY
ae10a8f4,umineko has a panchinko machine
e1688f3c,to trap the other guy in there
b088e603,God I used to be a behavioral clinician and maria makes me feel soooo bad
534a81ea,Methinks he will like her
1fd2119c,"Is the top half just gone, do you talk to the others in the bathroom??"
9e51bfc5,Realistically she could pick up 8 because she leveled STR for Maria.
d64c58dd,BUT DOES BEATRICE SAMA EXIST?
219c8209,Where is my dead boy
20bf120f,"While true, the more I think about this, the more it makes sense 😦"
b088e603,I can't be spoiled though that ship passed years ago
73e128e5,privilege of knowing all the characters in the game
30a0ff40,but so was game of thrones 💀
c3e052ec,"I'm convinced the masterminds are all different, and I agree that it's probably rosa in episode 2"
0eccefda,okay I have a new question actually
d64c58dd,Yeah after like three quarters of an episode length of narrative
37f869c9,She’s cooking up some plan
17a6b71b,Not just semi but full on nude
e967d591,I cannot wait for some 3 hours long compilation video of Umineko streams best moments
754e75ac,"2 dollars, hell yeah"
60863448,maybe Im the weird one but this doesnt strike as an incredibly bizarre thing to talk about
c221bc92,kaiji has a marble right
f06d395c,I really did not imagine this story going in these directions my goodness
d1712dc0,Answers arc as a replay or the previous arcs
d0fb1a3c,"Battler grew in height, and Keiichi grew a cock. The parallels. Ryukishi has done it again."
bfa4eaa7,except for battler but Rudolf is a pretty chill dad
eaddc5d1,"Again
You need to depict harm to discuss harm"
68aa81ad,umi pro is the mod? im using the 7th project is think?
e1688f3c,what you really look like
b9f82b61,chat i want you to know that this was all flirting in the 40s. This is how your grandparents met.
fa7275a3,it does feel true though
0395bfca,yea thank u mods and mouse for that
d64c58dd,is joe still streaming?
fa09cb53,why would they do this to indie developers 😔
ba52ee3b,how are you guys milking that typo so hard
bfdf84c8,I'm looking it up what the fuck
fd46192f,that's why you need love (i have no idea)
fa09cb53,bro theres is like a shit ton more on this page
eef09ada,God forbid a woman wants to know the truth smh my head
8aca22aa,nanjo is more important to kinzo than beatrice is
1fc172f8,FELL FOR IT AGAIN AWARD!!!!
e1688f3c,haven't clean this in so long
ba52ee3b,HAVE I BEEN CURSED TO LOSE EVERY COIN FLIP AFTER THE FATED SATAN HEADS ONE
6cd41a0f,This reads like projection this to a wild degree what a weirdo
1dde7edb,its cause she looks like the way she does
daee0717,ya the schedule is cancelled
b4690dc2,yeah that's probably a good way to put it
ff63de9e,i was a mari enjoyer white album 2 cc
51a6abb9,"oh hold on so you're a scientist?
jk i know that onions make everything better but that's about it"
b4690dc2,I feel like I’m going crazy
f06d395c,                                        No                                                
31108803,Ange felt like someone rough and hard headed with a good heart. It is not a bad self insert.
e1688f3c,i've heard there is like exchange programs here
87df89af,And actually it fits quite well given the family politics
505a43d8,"eh maybe, but if so only like a few times"
df4aa97d,Man am I glad I missed all that above arguing
a4536011,she wrote this forgery
e1688f3c,you can see the browser not even compiling the html properly
e1688f3c,but that's both not between???
f06d395c,And became the true heir before anyone else
dfbdeb12,wait two consists of ones
f9605862,"Bern I loved right off the bed, she was a vibe, and pretty toned down and subtle"
358aad55,great now we need an umi6 love trial
0fc6bdb1,would you say that the story gave space for other themes in previous episodes?
24ea4ff4,"dai in a silnet hill game, I feel like Im dreaming"
70cb8f0d,"I have one btw, I just wanted to summon him AND IT WORKED"
d64c58dd,Whats 400000 words between webfiction?
7e5b9ca6,i think that was pretty clear
e1688f3c,the enCRIPted software has been long decoded by the bloods using the en_____ machine
b2620544,No pirate hat. Kinda mid tbh.
250b0a9b,"I guess I just have to accept that, that happens"
73e128e5,imagine i sent 9999 atomic nukes to your location and you're now very remorseful
1fd2119c,For no reason in particular
f06d395c,Bulder you have no idea how hard this track is activating me
29178c9d,the fuck did p5 vanilla do to you
f06d395c,And that's why the game always ends at midnight too
94b5b4c9,I'm pretty sure she's either threatened or convinced to cooperate 
7979ec9a,silent hill f good???
30a0ff40,"And then we just have his POV from Beatrice showing him stuff, so he's literally the viewer"
8aca22aa,umi1 should at least have the Joe/Greg scene but unironically
daee0717,"that’s true, it’s not reflexive about it"
daee0717,the silent reactions from umi full are so funny
bfa4eaa7,"i guess i answered my own question, huh"
83aa7c93,Yep which is why I believe Maria isn't real as well
b621b1a2,they can always get double married
6cd41a0f,Keep defending George I believe in you
048fc8de,nooo you gotta do jojo in order I hope that doesn't happen lol
7e6f63ae,"it's still a spoiler, but it is indecipherable until you learn more"
f06d395c,I'm not sure if both intents are truly harmonious. They might be but right now I'm not seeing it
5376ff2f,"I'm sorry, little goat sister..."
3c6ae2a1,it lets you skip episodes
7e92c265,I remember what happened
72661a6c,"you would say that, frieren"
6cd41a0f,Umi full shouldnt this be a umi full spoiler since its not technically wrong
e1688f3c,just click the room list
d053e1b9,I might just be drowsy so I don't recall
13a6ed2b,not precise enough /j
6a72c052,"I just cut  my 2nd monitor in 4, one corner for twitch one corner for discord"
13a6ed2b,yeah probably not the whole game but MAYBE the first episode depending on how time consuming it is
fa09cb53,but alot are saying to pretend being js bitches
e1688f3c,now i have to find and remove
29178c9d,3 months left to live.
87df89af,I'm preparing for the battle to come with umifull
b4690dc2,I don't know what to tell you
b4690dc2,"""wow I wonder how she feels about this whole mistress kinzo supposedly had"""
eaddc5d1,"Okay, work break's over"
ba52ee3b,"IT IS, ITS THE DAY THE HUMAN SAKUTARO APPEARED  SO I LOST MY 'ITS A SPOILER THOUGH' EXCUSE"
fa09cb53,tye the epic retirement
eaddc5d1,"Joe does it because he has to commit to the bit and also because he loves his girlfriend, the dork"
fa09cb53,when yuo see yuo will shit brix
70cb8f0d,that might already be too much
fa09cb53,haha do you know that yahoos stock is rising in the market
e87f292e,If all of us were as well behaved and as epic as george the stream would've happened sooner
e1688f3c,hate when this happens
d053e1b9,Yeah wasn't it the localisers that called it that
fe851805,I would watch a whole stream of Joe and jelly going over the AP quiz
51a6abb9,it controls blood sugar no?
8c33dd74,"Welcome to Rokkenjima, AL"
bfdf84c8,Didn't you solve it?
7e5b9ca6,or something like that
8264f965,finally the end of proluge
b569c490,im having a crash out off of joe's stream
ba52ee3b,Joe watching all of this quietly cus he has no characters to voice
9976f035,kinzo anime op jumpscare
e1688f3c,when you lose a heart in isaac
056f5f8d,"I love ruina, but not because of the story"
d25281cf,it's close to a somnium files game but without Branching paths
df4aa97d,kekkekekekkekkeekeekkekee
13a6ed2b,"i think i read it as ""no chance of us keeping them"" = ""they wont exist at all"""
a997b01f,Where does the shotput ball come into this
048fc8de,xeno series is imo on the same level as when they cry in terms of how thoughtful it is
fa09cb53,so it soudns kinda eerie i guest
1982b5a7,just that one specific game
637beb8b,before copyright was enforced... I miss those days
07e46c25,pausing my umineko readthrough to watch my umineko stream
73e128e5,note this artist has hella umi spoilers in their account
441da1e5,Lmfao so Erika praising Battler is just Bern doing that Obama meme
96c933b5,and end up like Battler
bfdf84c8,WAs the manga authorized by ryukishi?
73e128e5,"when i was umi5, everyone was an umi6 poster"
4bc7d1ba,other scene happened in vrchat
24ea4ff4,its one of my absolute favs
ff63de9e,if i didn't know higurashi i would just find it out of pocket and kinda funny
17a6b71b,Damn Chiesta twins stocks rising
d0d252d6,I’m in the minority of people who have finished
bfa4eaa7,i didnt say you broke a rule chill out
daee0717,nah you're all good!
94aea54b,The spite of a mouse knows no bounds
e1688f3c,for the hunger games event and for dinner too
f06d395c,We're in sync I think
d0cb4aa9,for higurashi should i use NVL or ADV and which sprites ? (i like the PS3 ones best in umi)
d053e1b9,She's SOOOO well written
73e128e5,"so true we gotta go back to the ""let it cook"" strategy instead of arguing with haters"
f06d395c,And when exactly is this happening?
f06d395c,Hopefully he picks a nice short game for the break if there is one
07e46c25,now that we've seen sucker merry barrels i want to see how rudolf's stocks are
505a43d8,is integral like the space under the curve ofr a y=x^2 thing?
20bf120f,The umifull channel is either cackling until no end because we are massively on the wrong track
1179fed8,I love how we completely gave up on epilepsy warning by this point
1fd2119c,You guys are all the dumb ones
7e5b9ca6,she is in real canon
20bf120f,The opening? The part of the book where the family travels to rokkenjima?
db13175c,I like Dahlia as a name too yeah
fa09cb53,"""erm actually java and javascript is different"" 🤓 🤓 🤓 🤓"
0f04debb,i like your theory :)
7b564ea9,"""Solve my locked rooms"" said the locked room witch"
5b7aedab,think what you like about the spoiler policy but it cannot be ignored
e1688f3c,ayo you studied economics right what the answer
505a43d8,yeahhh they did not key that transparency right for that asset
5c109dad,"I hope they can reign it in the future, or this backseating will be really obnoxious"
fa09cb53,its off now that i dont have a reason to wake up early
53a6e340,jessica blackface ???
d053e1b9,It didn't scroll past ep 2 though so it was fine
cb0e9e65,Battler didn’t lie when he said he’s going to become Kinzo
056f5f8d,i had nine sols skill tree background for around 6 months
441da1e5,Aren’t Dlanor and Battler on the same side?
fa09cb53,wtf im being labeled
d25281cf,3 days of umi a week is greed beyond what the siblings are fighting for
b9f82b61,he has never hated a game more than this
72661a6c,time to do some emergency night reading so that i can hopefully join the umi full channel soon o7
da0c8d98,Stream incoming brace for it
fa09cb53,which of these merchandise should i buy
d64c58dd,But the party members are such a big part of bg3
94aea54b,connections was hard today
e1688f3c,trollage forum is back????
683b95f7,granny fuckers please mark your attendance in the sign-in sheet
c73b2cb7,"Evil visual novel be like:
""I shall be short, concise and non-repetitive in this conversation."""
0f04debb,what's he theorizing
29178c9d,we're at basically the same part
ecf3ed35,He could probably finish it next Tuesday if he streamed 6 hours
87df89af,"I would say if Sayo is Dante, Battler is the pilgrim"
d25281cf,the ginabro username? or
e1688f3c,but not hosting if no one is playing 😔
fa09cb53,tôi sẽ giết gia đình bạn
e1688f3c,got obama project on my laptop 👍
17ce7674,I am so happy for Lambda to come back
621bad4b,"i mean shit, look what happened this time"
e1688f3c,no worries bro the goal is to not get raped before the 13th time
6cd41a0f,Your acting like p3 fans had a place
0f04debb,i can't wait to find out which characters are meta when i get around to the game
fd46192f,"lolis. he don't like em, for several reasons"
fd46192f,yeah without context it's hard
c73b2cb7,god please keep bryce papenbrook away from umineko
13a6ed2b,"i saw you delete it and im like ""flying a little close to the sun huh"""
fa7275a3,It's actually up to mouse
409aa8ed,"""THOSE HANDS WERE NOT MEANT TO BREAK YOUR CHILDREN, ROSA"""
31108803,Lady Bernkastel just clicked her fingers and she is Rika now
1179fed8,I'm pretty sure my dislike of Ange is 80% subjective.
d0cb4aa9,arnold schwarzenegger as bernkastel
29178c9d,therefore epic streamed umineko
c73b2cb7,Sakutaro is going to steal Rosa's heart.
6cd41a0f,Share my friend any theory is fun and valid
7e5b9ca6,turn on the orb! any channel!!
20bf120f,Did they explicitly say that the warehouse has only one key?
daee0717,george stopped rosa from wailing on maria and was like “let her cook” so like
d053e1b9,The plot twist is insane
d2cbae83,As in the classic I know that you know its bait so I made it actually true as a double fake out
17ce7674,Other alternative is that it was a murder/suicide
e1688f3c,crips used ENCRIPTION bro
72661a6c,EVA NEVER SWITCHES OFF
84589370,"Man, the tension in this scene is crazy"
b8eaf23d,might have gaslighted myself though
b58b70f8,for a good otome isekai though
441da1e5,BUT THEN HOW DID YOU PROVE MAGIC IN EPISODE 2???????
aeda0791,I’d have to check if it’s consistently been the same vivid cast
fa09cb53,is it telltale like or different
fa09cb53,leaving ceremony on 20th
5b7aedab,"it has not, ever, at any point, had a fully professional-grade translation"
015b370b,I will try to at least see joe's reaction to meta battler and beatrice
e1688f3c,you going to add levels stats xp encounters?????
b9f82b61,"damn, E33 got a sequel?"
f06d395c,Damn we're getting LIVE cackle!
f06d395c,It's a pain in the ass to play and from what I've seen it's just too jank
505a43d8,I prefer Tokino Soda
d64c58dd,Oh is it because umi8 black battler’s existance gives away the solution to bern’s puzzle
b58b70f8,maria would get all the voices down
048fc8de,Ryukishi is a massive SH fan I think he gets it
fa09cb53,dont know this some fibonacci shit
20bf120f,I just post the spoiler images when everyone is talking aboot upcoming episodes 🙂
a4ed1eac,They love each other
e1688f3c,I LOVE CHOCOLATE CAKE!!!
20bf120f,"No I saw that it was Kinzos, my brain just forgot that Kanon was a name"
76d9877b,🌂 ~~so like helltaker then?~~
f358d26a,But still would like to know
20bf120f,"Battler has given up, and Rosa drags him back to reality with insufficient information"
fa09cb53,is there gonna be a webbrowser
7e5b9ca6,some people don't want to see speculation
e1688f3c,keanu chungus reference
f06d395c,Drawing a bell curve I see
fd46192f,i see we're theorizing
0c427976,Genuinely good bit by Ryukishi lol
20bf120f,I think I am going to like it
fa09cb53,eminem must be afraid
e1688f3c,school transcripts and shit
87df89af,They could have easily merged it with 7
59aef750,it certainly was an april fools stream
dd9e2814,Oh so Higurashi 07th mod. They probably would do it for Umineko if not for the stupid engine XD
b4690dc2,"so hey what do you guys think about this umineko game, heard it was good"
17a6b71b,Maria literally just wants people to be happy in a cruel world 🥺
ae10a8f4,gohda atleast is a dick
5b7aedab,right but like... so much of what's important isn't a matter of _catching_
b088e603,Joe has become a gnome
b8eaf23d,it did have backgrounds and the like though. they were just mostly real photos
b4690dc2,I think that was my take when I first read it
b9f82b61,"we're talking about fate stay night, so extremely bad"
ba999415,"I'm going to assume that as well, thinking over the story it... Fits"
29178c9d,sakutaro culprit theory
8441b39f,I use spreadsheets any opportunity I have
c73b2cb7,there are a couple out there
ba52ee3b,but my vision of the episode 3 timeline is heavily unreliable
d54830ca,"will you pass the test, or fall to darkness?"
fa09cb53,im so fucking bored i started taking pictures
ba52ee3b,especially since i joked about that exact thing happening moments prior
e1688f3c,tu juannavante penis
fce5d05f,The shot putt ball killer could solve it I reckon
b8eaf23d,generally an episode per comiket. so about 6 months per episode
94b5b4c9,"I don't know, she often reiterates certain points"
b4690dc2,"Listen, it’s technically an anime discussion"
1fd2119c,Where's the grandfather clock?
d0fb1a3c,tom lives in monctom
d25281cf,"lets stay cool, but yes please spoiler tag stuff even if it's vague"
621bad4b,george was in Natsuhi Jail the entire time
0fd535f0,ON THE INTERNATIONAL WOMEN DAY MONTH
fa09cb53,feeling ticklish? could be an armadillo fucking your feet bro
72661a6c,then its still a spoiler
d5284187,Why are people using stuff from later in the series to argue with stream watchers
e1688f3c,yeah because it is designed by tim apple 🤮🤮
02ff68a1,Not a regular enough need for me to go through with that tbh.
fa09cb53,ayo doug most completed build please check for bug thanks big kisses
d053e1b9,Both have been null pointer exceptions
e1688f3c,would you like a kids meal from mcdonalnds????
e1688f3c,the compiler probably do some optimizations while compiling anyways
e87f292e,maria go ahead I didn't see anything
34ab5fad,well deduced battler-kun now spin the chessboard
c73b2cb7,Have you tried stepping on lego bricks?
bfdf84c8,I hope there's a reunion
83aa7c93,"Kraus just like ""You know what? Dad is right, you guys suck to be around"""
e1688f3c,i'm messing with it right now
44721f1f,umi 2 that was genuinely a more shocking plot point to me than the goat fight
e1688f3c,this is what your actually look like retard
db13175c,why the hell wouldnt i
cbee777f,"Major props to Kumasawa's VA, she's 75 this year"
ecf3ed35,Oh yeah that was after a long break he did
3c96715a,Nanjo was right all along
f06d395c,Hey Mammon/Ange is cute... kinda
fa09cb53,idk im asking for feedback rn
fa09cb53,me when the chat an thit nguoi
fa09cb53,i have finish writing the blog
219c8209,I'm periodically going off pc to scream into my pillow
fa09cb53,its actually so surreal to own a physical copy...
e1688f3c,shut the fuck up!!! it's blm period!!!
7e5b9ca6,okay but burrow has a playoff win
048fc8de,Dandadan’s humor is really good
83cb2bb1,Is it possible to lock a door while it's open and then go through it and then close it?
b58b70f8,zzz has the advantage of actually needing to be decently skilled
24ea4ff4,I also don't mind the jokes personally
b8c9a0b4,ciconia phase two at the direct 🤔
0ef04394,rare weeb copium actually manifesting unbelievably well
eaddc5d1,"absolutely yes
he's empathy without reserve"
33494d5e,any Scottish morn tea enjoyers in the chat rn
eaddc5d1,"Anyway, have a good one Umiden"
bfdf84c8,Does anyone know the english words on the chapel offhand? I'm looking into something
409aa8ed,KEICHI KUN TSUMETAIIII
f06d395c,Just pause and save duh
0be52b7c,Perfectly solvable with only English btw
fd46192f,cus it was confirmed he was nowhere else
d14f2ac1,Lobotomy Kaisen brainrot kicked in
b58b70f8,straight romance so good its yuri
fa09cb53,yo ass be like 10pm 😤
d25281cf,im always happy to talk about aa but maybe we should return to umineko streams soon haha
d25281cf,(dont do that youll get spoiled)
219c8209,did anyone actually solved epitaph before.... ugh episode where it solved?
015b370b,He wont solve anything
5b7aedab,"does sorta require tolerance for certain uhhhh ""problematic content"" i guess"
e1688f3c,man i was going to share the same thing 😔
219c8209,The only murder I can't explain is Ep1 eva and hideyoshi
b9f82b61,well yeah it's more the incest and abuse i'm confused about
e1688f3c,where's the next panel
015b370b,Im not watching Persona3
fe911216,battler is the narrator for that scene iirc
fa09cb53,tryna lie fake ass bitch 😤
fa09cb53,the shit part is probably le phsyics and shit
d0cb4aa9,I tried Xenogears and got bored. Is it good?
56d90223,It will be said in vc
68aa81ad,they're icelandic tho
fa09cb53,i said files retard not the gene pool
df4aa97d,we need joe to do an outfit tearlist at the end for sure
d64c58dd,I just want more dating sims with bombs in them
0f04debb,BANGER AFTER BANGER AFTER BANGER
e1688f3c,also why does it float a bit below
b7ad7f9c,Yeah just unlucky really
b8097e51,But she still sent him as a messanger
eaddc5d1,the one in her coffin that we havent seen yet
dfbdeb12,"beatrice: BEEEP i have called this meetin-
bern: to the vacuum
lambda: vacuum
beatrice:"
20bf120f,It's battlers fanfiction while he is blasting in the darkness with the winchester at the end of umi1
219c8209,I'm not here for slice of life i want horror!
daee0717,yup! joe got up to the school festival in episode 2 so anything up to there doesn’t need tagging
b4690dc2,the hesitation is curious
b478b463,"yeah, shouldve just been genji"
fa09cb53,bro you wanna quit or one more
e1688f3c,the gameplay showcase is over now they showing the boring aah powerpoint
f06d395c,There are insane amounts of bots in general. It's not a JADS thing
f06d395c,But people are tagging speculation and stuff
94b5b4c9,"Well, they were safely removed and adjusted in the re-release"
b4690dc2,things can happen in a sex warning
02ff68a1,I think Sayo's characterization came first.
e1688f3c,i was taking  a shit and getting food when i came back to discover the real shit
29178c9d,i think after this scene
e1688f3c,significant historical events
73e128e5,higurashi but without the bad parts
fa09cb53,remember to take pics of ds beach tmr bro
13a6ed2b,umineko project and witch hunt
e1688f3c,you must be the way i want
b58b70f8,im gonna check it out
24ea4ff4,I can't imagine her with any other name lol
fa09cb53,Also my phone died right when you sent last message
8b197101,Just like joe becoi has revealed his government name
13a6ed2b,isnt it umi 6 at least?
fa09cb53,must be one of the freshmens
fa09cb53,steam unlocked net gif
13a6ed2b,maybe there's more that goes into it but i dont understand how it's not one and done
e1688f3c,going to ignore him until tomorrow morning
e1688f3c,the drums are really growing on me
250b0a9b,Its always been umifullers
dfbdeb12,Though later she pukes in front if a battler so maybe servants did all the dirty work
daee0717,ya for people blogging their reads
fa09cb53,please do not dox me ok 👍 👍
13a6ed2b,"umifullers are allowed here, just not if they've talked in the umifull channel"
f06d395c,Please no expectations setting for future events in this channel
24ea4ff4,"not that much, it serves a certain point but it wasn't explained as well as it could've been"
f06d395c,"Ok I can't lie, this is adorable"
eaddc5d1,"In fact, it's hard to say if Battler has changed anything at all (or if he even can)"
219c8209,Did natsuhi saw chain? Locked chain
219c8209,I thought that's japan version of John Dark Souls or something
b478b463,Actually Librewolf user here #NotLikeOtherFirefoxUsers
5b7aedab,this is what i'm saying; taste is kinda important at this point
94b5b4c9,I mean the yee yee haircut line
87df89af,We cannot dout our existence while we doubt
fa09cb53,mike pence :shit self
fa09cb53,this will cause huge health problem
70cb8f0d,"it's kinzo's Dominos eating room, that's why he is there both episode 1 and 3"
441da1e5,I’m not talking about meta Battler
0ef04394,im in the middle of a lecture i cant 😭
7b564ea9,GEORGE STOCKS AT AN ALL TIME LOW
87df89af,"Well yes, the point is that it's not an either or"
5b7aedab,literally what the fuck do these mean lmao
0f04debb,her first employer had to be erika
162b34e4,you can't take me away
29178c9d,also that scene where she escapes the building which is like bottom 5 scenes for me
b088e603,Id be careful sticking your head in here though
83aa7c93,maybe there's a flaw i'm missing but had to be this i feel
fa09cb53,mfw murder case with little info only from family member
38ccd930,Damn only 30 minutes and that much friction in the comments? I'm interested
e1688f3c,look outside your window right now
fa09cb53,personally the ending is a bit of a let down but the rest of the movie is still enjoyable
e1688f3c,damn this image taking forever to upload
13a6ed2b,but entering there means you can't use this chat anymore
0fc6bdb1,DE at least was upfront about allowing supernatural intuition
f06d395c,It's one of my favourites
ae10a8f4,was beatrice just fucking with battlr on purpose?
505a43d8,"they probably thoguht of yoko littner, but if so, arrest them"
60d00a91,I know exactly that heat in her head rosa speaks about
ae10a8f4,Kyrie also a chubby chaser????
bfa4eaa7,very brave thing to say
aa8f5f2f,He will play password game again
621bad4b,i thought ange was young rosa
e1688f3c,who the hael this guy
5b5d9821,But that Battler doesn't know Beatrice so he might have just given up
20bf120f,Did the eagle only become a family symbol with Kinzo?
24ea4ff4,tho ryukishi's og expressions are
56d90223,WHOEVER SENT THAT ROSA GIF I NEED TO TELL UOU SOMETHING
0eccefda,Umineko needs some bobs burgers
0f04debb,this is why i like their dynamic
f06d395c,He's finishing ep 6 on Saturday. Tuesday is apparently a stream of the AP test lol
f06d395c,Yeah pretty fucked up that he managed to dump all that onto his children
94b5b4c9,"I almost had the key, but burned out in the process"
250b0a9b,Battler raised by Kruas theory
29178c9d,anime girls are 'real'
17ce7674,Its a combination of things
bfdf84c8,"The true protagonist, Carthur Donan Oyle"
fe7bc02b,"i can't draw for shit, so it would take me like a week to paint something this good"
754e75ac,I am never doing that
549f4fe0,"Depends, are we talking before or after Birth by Sleep"
23f5bed1,"but hard to execute, very much so"
02ff68a1,I think no matter what though 3 will stay as my least favorite
60a3779e,"""Gamers"" when movies and TV shows use 24 fps"
9031449f,the centrist option is both - buffed in one mode and nerfed in the other
fd46192f,he doesn't trust the bush
17a6b71b,"I'm gonna say it
Tub > shower"
d053e1b9,I feel like this is how every zoomer talks whenever I'm around them
db13175c,umi is projected to be done around july
441da1e5,It'd much easier to just rewrite Episode 5 and keep the important bits
b4690dc2,would be weird since the translation otherwise goes out of its way to avoid pronouns
20bf120f,But it would make sense
b9f82b61,kind of weird that Battler didn't suggest it anywhere
e1688f3c,they studied university in japan
eaddc5d1,"George scene, don't mind me im just doing Mind Crimes"
fa09cb53,wait bro reinstalling everything
4e2a80fc,is she rudolfs daughter or kyries from another relationship
20bf120f,Since it means nothing anymore
3161237a,HATES gameplay in his games
17ce7674,"Tsumari, Joseph Anderson managed to ruin tsumari for you?"
d5284187,Did Joe do Detroit? I don't think I saw those videos
8aca22aa,I love my SWORD-brand gun
20bf120f,No metagaming here 🙂
0fc6bdb1,jelly the law of equivalent exchange tells us we need to know what your type is now
b2620544,man she really is just the worst
078a32ed,indoor voices please
ff63de9e,its actually quite similar to THE game
fa09cb53,cause the default one is buv user
b478b463,blue lock chapter today was one of the best in a long time
bfa4eaa7,it means that one is a genre and the other is a description
94b5b4c9,I wonder how the battle with Nanjotrice will affect this theory
0f04debb,after the anti-love fest that was episode 5 it's only natural that episode 6 will be so love filled
d053e1b9,epitaph solving stream when
13a6ed2b,i guess it depends on the way you define it idk
9ad17933,Krauss is only 50 years too early
31a02125,without love it cannot be seen
bfa4eaa7,i just use librewolf instead of firefox
c73b2cb7,or is uchokoshi ryukishi's pen name
621bad4b,"technically, maybe kanon's corpse could still be in the room with that reading"
eaddc5d1,SAME WITH MY ENGLISH DEGREE 🤝
87df89af,I don't think Umineko is using magic to hide the murders though
505a43d8,im not far enough in my typograpy classes to have a good answer here
d64c58dd,I have it screenshotted
048fc8de,one of the most ambitious games of all time
0be52b7c,"Such subtlety, Ryukishi has done it again"
b58b70f8,theres also mushoku tensei but thats more in the LN fantasy space alongside re zero
bfa4eaa7,it isn't gatekeeping
fa09cb53,damn bro why he drifting away 😔
daee0717,thanks!!! enjoy time with your partner
b8eaf23d,shes just part of the main cast its fine
bfa4eaa7,yeah im thinking 2 streams then
8248ef7e,this is REAL american advertisement
13a6ed2b,"oh, broken made it sound like it was glitched, not just a limitation of the aspect ratio"
fa09cb53,then he sold his brother account :real:
02ff68a1,"Certain types of writers, specifically"
5b7aedab,wait tedious really? huh. i actually really enjoy the gameplay
0ef04394,not unless you look at a spoiler
a997b01f,Can the Ushiromiyas stop having children please
5dc7b18f,god I can't believe the Witches did 9/11 was technically a spoiler
13a6ed2b,"because umipro is trying to be the PS3 version 1:1, and the steam version is engine limitations"
29178c9d,is there a higurashi project
db13175c,i dont really like playing things on my phone either
8aca22aa,Which of battler George Jessica kanon Shannon Beatrice or Maria(?) is Maria's mother then
fce5d05f,George is evil because he's annoying
b8eaf23d,But it can be removed for everyone else
fa09cb53,he watched contingency
b4690dc2,hs  don't tell him about the time traveling plot twist
ba999415,Ok cool thought I was being small brained when I read it because I thought this was fucking stella
e1688f3c,i finished the essay earlier
e1688f3c,seconds away from dying
b9f82b61,did he steal the baby out of her while she was asleep
6cd41a0f,Zen zen dame da is more right in umipro
f06d395c,These are somewhat disconnected but still more powerful demons of love
b58b70f8,"being fr though, somebody make him hop on fata morgana"
fa09cb53,strip butt naked in a gym
f06d395c,At least that's what I feel right now
07e46c25,umi 3 joe will thank the heavens when virgilia shows up and it's an adult woman
daee0717,i dont think he should never stream it just maybe. a lil break
b4690dc2,Actually are there any oshimi shuzo readers in the chat
02ff68a1,beatrice's presence in 2 alone gives it a more domineering sense.
e8769870,"Who knows, mabye they aren't on rokkenjima at all, but are actually using advanced drone technology"
fa09cb53,sayouri if she was keychain
3a068e31,"oh boy here we go, time to catch up on the stream"
7e5b9ca6,no that was the good line
7b564ea9,Japanese umineko memes from 10 years ago have george slander
b58b70f8,tbf they did skip over everybody grieving over the victims LOL
f06d395c,Lot of wasted time and repetition in the last stream. Should have been cut down a lot
d64c58dd,Like you hear that the guns use paper cartridges and you go “what the fuck”
219c8209,oh is there a collection of his interviews
eef09ada,Its like 6 times the amount
c221bc92,any eta on a release date?
fa09cb53,you better not be taking a shit rn ...
0b843864,I’d say Umineko week is more of a problem just because of fatigue
ff63de9e,sure but didn't you stop watching the vods? kinda hard to argue different perspectives
fa09cb53,that the competency thing vro
e1688f3c,watch this awesome video then
d053e1b9,I should have used fake roman numerals to see if anyone would call me out on it
162b34e4,And they had narration describing why everyone was going to Rokkenjima so far
21bd6810,Umineko song searcher makes a lot of sense
73e128e5,i mean they only mentioned something ep1 to be fair
f06d395c,I'm surprisingly normal right now lol
441da1e5,"Happiness of a Marionette, Black Lilianna and Bring the Fate are some of my favs"
ba52ee3b,"tis' was before your time,,, young ones.."
e1688f3c,"wait til you find out about the ""brown"" pill"
b58b70f8,as it is also a great work
d64c58dd,Chat what did I miss
505a43d8,"""I wish i had a humiliation fetish"""
bfa4eaa7,and Kyrie doesn't have to do any parenting
20bf120f,He is too deep in now. Stockholm syndrome
20bf120f,These 2 aren't synchronized
f06d395c,I can't find the image
b621b1a2,"battler: ""this is mundane to me at this point"""
e1688f3c,damn so if this argument was about say bible studies instead or any other subject that fits under
e1688f3c,shit was more of a struggle than you think bro 😔
7e16319d,in the manga this is literally the best part
fe7bc02b,honestly i don't think higu is as good as umineko
e1688f3c,thailer. . rod regress...
6b890d58,mind grains are even worse when you can't have gluten
db13175c,This is why I wonder if it was even intentional in the first  place
94b5b4c9,"yeah, that could also be it. I need to reread the end of Ep3"
df4aa97d,the old folk and younguns
e1688f3c,because they took our  jobs bro 😤😤
fa09cb53,when you commit several homicides afterward
219c8209,Isn't it 000 buckshot not 00
daee0717,not every stream will be the same
e1688f3c,i have my own shit i brought
c11040f9,When do we get to the M-preg episode
f358d26a,Aww that's a nice background
b478b463,I'd sooner group Umineko with Homestuck and Deltarune fans than I would with Muv Luv and Fate fans
930f6b07,"It was fun, but it's a bit bullshit"
fa09cb53,wtf david dobrik in da gm construct
fa09cb53,rather get head from a god than a dog
60863448,but it doesn't show you what the roll req is
fa09cb53,which one: 1000 social credit or free ipod touch
6cd41a0f,Don’t think like 99% of persona fans have
7e5b9ca6,why is he from woke county
56d90223,Maria brings up the golden land and the witch every ep so far right? Like she’s the FIRST one?
fa09cb53,also bro look at the keywords above the images
d14f2ac1,Ange best girl I take back what I said in the past
fa09cb53,🧌 🧌 🧌 🧌 🧌 🧌 🧌 🧌 🧌 🧌 🧌 🧌
34ab6ea0,I just was making a dumb joke
e1688f3c,you will have to unlock more lore in order to find out about these other beings
ba52ee3b,today was GREAT for the epic economy
c73b2cb7,you can turn that off
949814c4,"No, but i predict it. Baldurs gate wont end in 2 monhts."
ff63de9e,its boring as shit for her
85416f74,You know Renove can put together a banger pitch deck
3161237a,She can cosplay. Can George do anything that interesting?
daee0717,i said this in umi den but you should know it here too lmfao
f06d395c,Yeah this is a weird argument lol
d053e1b9,Well there's my day ruined
20bf120f,"Maybe it is the witch though, trying to expand her domain 🙂"
d1712dc0,"That nice looking art, where is it from actually?"
13a6ed2b,my vibes radar is bad
30a0ff40,"Hell yeah, also battler is great 90% of the time"
df4aa97d,I now have listened to defeneders and i understand
219c8209,I can't get umipro to install(
fa09cb53,the bass is droning the sound is kinda harsh doe maybe just cut off the higher part
f06d395c,This is very interesting
5b7aedab,_The Ushiromiyas_ makes it sound like a sitcom or soap opera
bfa4eaa7,then again that is extremely beatrice-coded
0ef04394,i LOVE/HATE persona 3
fa7275a3,That 2nd one was what I just thought it was
e1688f3c,that the sins we've done
1dd860ce,umi3  am i the only one who cried during the second half of ep3 
ecf3ed35,Joe is literally George
29178c9d,i can't partake in the umi full chat😔 im not done
7e5b9ca6,umi3 yeah i was gonna say genji is kinda in it but i feel like that might be a spoiler
fa09cb53,maybe later when im home
e1688f3c,only half of the trollface will be visible
409aa8ed,ok but imagine the horrro
c73b2cb7,I only know pony island and inscryption
637beb8b,I refuse to read worm so your spoiler tag cant stop me
e1688f3c,make worst beats bro
87df89af,Ok this one is better
34ab6ea0,I find that kind of stuff boring.
b8eaf23d,still so funny that was vinnys main interaction with umineko
77ee69dd,so what is the gold truth?
e1688f3c,his dick must be hella clean
ff63de9e,"true, no matter what ronove and his fabulous manboobs will always be on battler's side"
fa09cb53,fuck france 🤬 🤬 🤬 🤬 🤬
b4e1f40d,"Ep 1. Genji x Kinzo
Ep 2. Genji x Kinzo
Ep 3. Genji x Kinzo
Ep 4. Bernkastel x Lambdadelta"
7e5b9ca6,the golden arches witch
e1688f3c,have you gotten to the iso part?
71084104,You could do it like the Dorohedoro devils
219c8209,BUT THEY WILL SOLVE EVERYTHING IN NEXT STREAM
fa09cb53,living tombstone is playing
d25281cf,tagging stuff as spoiler and then making it a joke is a bad habit
fa09cb53,yes bro they're edible 🥰 🥰 🥰 🥰
e1688f3c,positive return on investment
e1688f3c,also the garden connects the bathroom and my room
e1688f3c,and linear so it's unrealistic
83cb2bb1,That seems like the best physical object that could be a key
441da1e5,ITS VELVET ROOM ERIKA NOT THE REAL ERIKA
f06d395c,Once it is done I should ego search my messages
fa09cb53,black pink tickets are cancelled 😭
13a6ed2b,i imagine because they have to match what the VA says as well
e1688f3c,this is call of duty black ops 2 jungle mission
e1688f3c,have to learn for an extra 2 hours a day
441da1e5,Well my theory for the golden truth is out the fuckin window
f06d395c,I left some money in the vault. Here's the number.
e1688f3c,also saw 1 ant crawling up the same direction as the worms
da0c8d98,Unironically I have been rewatching the streams
76bf3cd7,can't believe mouse scheduled joe to crashout on umineko smh
1fd2119c,"Posted it there, as I was recommended to do"
db13175c,my favourite character from 2 by far is Jin
162b34e4,you guys must think im crazy
b4690dc2,or poisoned someone with her candy
5376ff2f,Genji whenever anything happens: 😔
e1688f3c,and yes that part part too
b9f82b61,into the bad part (ange) and the good part (everything else)
b8eaf23d,You're either buying it in japanese or not at all
534a81ea,"Nahhhh
Mouse is enjoying this yknow
Not gonna happen"
fa09cb53,hieu craft vs sniffervn bro
fa09cb53,smell fucking terrible
d25281cf,natsuhi calls krauss anata
f466ee86,and they both get the gun?
fa09cb53,apparently we going home tomorrow
7e5b9ca6,by then Young Dexter will be on its 17th season or something
1fd2119c,"ahem, One Piece is TOO LONG"
0c247e09,Episode 4 has great peaks and introduces Ange so what can be better
b4690dc2,we can't let him read another line
2f767d41,"this is gonna be an umineko server by the time the playthrough is over, it is what it is"
5dc7b18f,"YOU BASTARD, YOU WAITED THIS LONG"
1982b5a7,I can believe magic being real over Joe bringing back steinsgate
e2dd6606,But that would give you 4 dora if you also pick 2 dora
e992b791,"Just tuned in, how old is ange btw?"
d1712dc0,There being too much is not a problem
56d90223,I also plan to draw Kirie and Kiyoko
d08f3d94,im not being serious
b7287936,he'd spin the hams around
441da1e5,Isn't this entertainment for Bern? Why would she want the games to end?
a937077f,I am persona 1 PSP OST’s strongest solider
cbee777f,We're discussing which minor furniture character we would marry
13a6ed2b,"no, the VA is Hiroki Takahashi"
5b7aedab,.o( futch beato... )
1fd2119c,"Yeah, some pretty important ones"
fa09cb53,rich people have to eat too bro !!!!
f06d395c,Sing for us streamer man!
19845065,odin moving on his horse is sick
29178c9d,when is the young rudolf flashback
13a6ed2b," shush, keep it out of this channel "
e1688f3c,the buv games account?
d25281cf,I still think a joettler point emote would get a lot of mileage
e1688f3c,and going to school would be like a mandatory event or soemthing
888037f1,second interesting(for the wrong reasons)
fce5d05f,so its fine? (its not)
f06d395c,Made by a joke character
ecece11b,There you go that's all you get out of me
e1688f3c,might make another for the opening video but i haaven't decided if i wanted to do that yet
ba52ee3b,send it on the reading club spoiled as umi full
d64c58dd,If joe never drops umineko I am sure he will love it
5dc7b18f,what dog fight have I stumbled into?
f06d395c,I think that's the intent
29178c9d,can't wait for the marble race scene to happen in umineko and he realizes we tricked him again
8248ef7e,a big... Chaos;Head?
d053e1b9,Happy Maria is stuck in my head
b4690dc2, enel already went there
1982b5a7,The one about Shannon/Kannon 
5b5d9821,"Waittttttt, she's trying to make Ange a Gorg replacement wtf"
0fd535f0,"those, plus the links below (scripts, engine, ...)"
7e5b9ca6,yeah i'm really liking it so far
e1688f3c,do not divide by 0!11111
13a6ed2b,like the joe... emote
13a6ed2b,idk i liked rise about as much as case
5b7aedab,also hs page _numbers_ are (i believe) not contiguous
219c8209,He is more into beato return and murdering of erika
fa09cb53,agricultures vs undead: call of duty version
5b7aedab,that is the _chiru_ cover at least
8e4b9907,Yeah I think that's just b/c Ronove is the conventional name of the demon in English
5b7aedab,"""GOING AGAIN"" IS THE OPPOSITE OF EDGING, JOE"
b2620544,"Yeah it was the ""next room over"" that could be escaped."
eae8991a,Maybe all we Lambdadeltas have…. Is each other
72661a6c,theyre in the mod voice channel in jads
c73b2cb7,"Question is, why haven't the manga guy dm'd you?"
e1688f3c,just realized that cancel culture is
e1688f3c,the future leftists want
1fd2119c,THAT REMINDS ME ACTUALLY
ff63de9e,They're not really that
94b5b4c9,I think I mentioned this somewhere in Episode 3
b4690dc2,they did not have the ps3 art in the original
e1688f3c,i thought such species went extinct???
fa09cb53,( ͡° ͜ʖ ͡°)( ͡° ͜ʖ ͡°)( ͡° ͜ʖ ͡°)( ͡° ͜ʖ ͡°)
fe7bc02b,Epitaph full spoiler it as epitaph full just in case
89d41233,The pin says otherwise
1fd2119c,"He's just the stoic, loyal butler type"
e1849ed8,but that's what Umi-full is for UwU
f06d395c,I expect my ding dongs to have their associated bing bongs
fa09cb53,tragic back story bro
db13175c,because it's an extremely complex series
73e128e5,no? melty blood is just a fighting game
31a02125,this literally happened
ba52ee3b,Im upset mad and sóoooooo angry we should hunt joe
b4690dc2,sometimes they're just used as nouns though
d25281cf,It’s like people that get anxious if someone plays undertale “the wrong way”
8441b39f,Got snail'd on his on snail
bfdf84c8,but not that fragile
3161237a,"Weird? Yes. Disturbing? Not really, compared to the scene where Rosa was force fed her family"
13a6ed2b,if it was during an umineko stream i must have missed it
e1688f3c,post rendering effects type beat
6cd41a0f,That was bernkastel btw
409aa8ed,we all trauma bonded over having an idiot protagonist
6cd41a0f,Your acting like mono is full of weebs or something
f06d395c,This pair of emotes is so fucking cute
83aa7c93,Nah he only brought it up twice other then some bit messages
a5dcb22f,My interpretation is that there is a normal battler and a meta battler
5dc7b18f,Does Jesus make an appearance in Umineko?
b4690dc2,kinzo presumably has her beat
e1688f3c,boolean operators right now 😔😔😔
f06d395c,I'm so glad Joe decided on this schedule
8f76cfa5,i think the gold is real
fa09cb53,dont seem to be very secure init bruv
fa09cb53,why is bro playing stock when hes comp sci 😭 😭 😭 😭
17a6b71b,Seagulls are related to eagles so actually America is Umineko
b9f82b61,some people in this channel
fa09cb53,no more class for today 😎
b4690dc2,Just from a presentation standpoint
fa8d08e9,just wait until battler and beatrice take a trip to nepal to climb mount everest on episode 4
77ee69dd,I have no idea on the details tbh.
44721f1f,I feel like ps3 misses virgilia's gorgeuse eyelashes from the classic while pachinko goes all-in
fa09cb53,the crips nominated colin powell to rival obama in taking the black community leadership
b4690dc2,my god homestuck day is so close
d64c58dd,He SHOULD try to solve it
ba52ee3b,oooh so they watch the streams i assume?
20bf120f,"Wait, no. The edgy protagonist held an army at bay for hours, the actual duel was pretty short"
fa09cb53,i dont know if they have that for mini
7f542ba6,......demons' roulette
267ef0d6,what will this server's next big obsession even be after umi
daee0717,it depends on how stuff is being deployed
9eb00d84,"real, i love enby nadeko"
e1688f3c,damn bro just play it for a while
e1849ed8,quit criticizing best milf's extensions
db13175c,Fuck yeha bro Jewish Esotericism is from Lobotomy Corporation and COD Zombies 🔥
b4690dc2,"""Just because I've never seen you swim doesn't mean you can't! It's a devil's (fruit) proof!"""
f06d395c,I regret to inform that I read more of Higu
20bf120f,This predicates on the belief that Furniture doesn't count as human
17a6b71b,I like Furfur and Zepar's designs
b4690dc2,it's like that bit in perfect math class where they call cirno baka
048fc8de,that fight is stellar but the previously mentioned UBW fight is my fav scene in fate
5b5d9821,I've been indoctrinated to Umipeako
8248ef7e,you learn something new about Umi every day
0ef04394,"so umifull, how is it going?"
eaddc5d1,sooooooooooooooooooooooooooooooooooooooooooooo gross
df4aa97d,"so it has a leg slipt and a side gap, but stitching between those"
70cb8f0d,"did you even read what Maria said, it was magic"
fa09cb53,even got the painting over it
e1688f3c,this is the society we live in
e1688f3c,eye sack deez  nuts :rofkl
29178c9d,playing all versions of p3 is the true experience
7e5b9ca6,he's gonna walk off those cliffs and keep walking on thin air
daee0717,it seems that way yeah!
e1688f3c,see you in 15 minutes
20bf120f,"You mean the mistress with ""Could be 18"", right?"
bfa4eaa7,we should just use the Russian translation
754e75ac,`cackle cackle cackle`
d053e1b9,Oh it was golden apples
8f76cfa5,okay im out of here before i get spoiled
47247786,Can't believe Battler just lost his first love.
6cd41a0f,You morbed and cooked congrats you solved umineko you should probably spoil tag it thi
ae10a8f4,Nanjo looks for a bit but pulls back saying he ain’t a coroner or whatever title he said
19845065,gohda is alive all is well
e1688f3c,when these bitches going to realize that the game is shit 😔
fa09cb53,family feed funny moment !!
e1688f3c,is this for candy crush??
20bf120f,That seems to be the implication
441da1e5,"Either a fumo, or something made for Comiket years ago and then sold off"
b2620544,And I think going into 8 that's what Ange is going to have to do.
d64c58dd,just won another 2k on coin toss gonna donate it all to the anime marble race fund again
eaddc5d1,"So humble. Don't worry, I'll defend your rights."
505a43d8,"damn i only noticed 2/3 of the golds in that sentence when i read it, i really am adapting"
02ff68a1,put them in the leotards you coward
fa09cb53,"government too busy eating smegma and listening to michael jackson, wont do shit"
e1688f3c,permanent inventory upgrade
20bf120f,Even natsuhi probably didn't die by her hand
725720d2,Everyone knows this since like 2002 dude
f06d395c,I would say that's the most love is it not
f06d395c,I know the mystery is meaningless and all but like we've been here 100 hours
df4aa97d,I actually really like the gradient eye it fits her well
5376ff2f,so that goes to my theory that the gold is bullshit
df4aa97d,blonde battler blinds me (derogatory)
8e4b9907,There's a lot of Western VNs that are very non-weeb tbh
ba52ee3b,tbh i don't like any seafood even though i've never taste tested them
250b0a9b,Persona 3 streams but its only the parts where he talks about Umineko compilation
83aa7c93,I FUCKING SWEAR IF WE CUT AWAY
e1688f3c,woah woah woah woah ! ! ! ! ! !
e1688f3c,i haven't caught up to the new lore
17ce7674,Beatrice sama said so!
6a9a4ab6,He said he would never like the airport scene
f06d395c,It could tie into the love theme and also have them be separate people
c73b2cb7,do they grab it with their bare hands?? your family are targaryans?
daee0717,regardless i do not tread there
71084104,This must be saved for others to come back to
b9f82b61,well that's not reliable anyway
d053e1b9,Also I should've asked whether you prefer intel/amd/nvidia
c73b2cb7,it is a cosplay reenactment
e1688f3c,that's atleast 2 more laptops
fa7275a3,tbf beatrice did kill battler a lot of times
73e128e5,they're the grill friend not clean up friend
0b843864,One of the most solid casts in any story I've seen really
13a6ed2b,C$ is probably Canadian dollars
e1688f3c,nobody deserves death except those that do wholesome take
f06d395c,Oh that's just a rough schedule based on vibes
20bf120f,All of the others might be true or not
02ff68a1,because then anything may or may not be included
b58b70f8,the rooftop scene with Wingless playing never fails to make me emotional
20bf120f,I genuinely doubt that there was a duel request in that letter
d1712dc0,Some jadsers have solved it with the clues from e5
b478b463,beatrice is attacking shannon and george atm
8b197101,GO KANON THATS MY 3RD OF AN AUNT
048fc8de,3H gameplay was alright at least
fa09cb53,ooooooohhhhhhhh!!!!!!!!!!!!!
ecece11b,Kinzo practicing his anguished cries
441da1e5,Jessica very much gave him a push there to deny the Golden Witch as well
5376ff2f,reminded me of the twilight zone crossed with japanese horror
e1688f3c,couple of retards in the computer lab using loic 😤😤😤😤
8f76cfa5,the save and load feature
da0c8d98,My reading speed is slooooooowed thanks to this server
20bf120f,"Yeah, the only yuri couple is obviously Jessica and Shannon"
2e441894,I can see why I just disliked egghead even more somehow but am excited for what Elbaf has to offer
fce5d05f,Redditors? Being weird? Unheard of...
7e5b9ca6,yeah this sums it up
f06d395c,The PS3 sprites are much better about it
fa09cb53,goods only go to who can afford it 😔
8c2d3d2b,i think generally on both parties the conversation reached its natural conclusion
3a068e31,falls dangerously close to doing that a few times for me
b9f82b61,i dislike how Will's only function is as the ultra cool deus ex machina
162b34e4,honestly pretty true we have different slur counters they're separate from us umifullers
505a43d8,lactose intolerant mosquito in a world where blod is milk all over again 😔
788e42ce,I think this conversation has ruined fanfiction writing for me forever
df4aa97d,"all episodes are peak, didn't you know?"
ecf3ed35,When is man of answers making an appearance on the umineko streams?
fa09cb53,when im in a competitor and comepfnowbrhkebvrnwivejrkfirhrnie edidj djeike cn hash255
f06d395c,Oh you're watching the VOD?
47247786,Chater 1 felt really short but tbh I slept through most of the slice of life scenes
fa09cb53,anime i used watch have no substance
e1688f3c,because i don't know what is going on bruh
56d90223,Chat I think I’m going insane
c221bc92,the two towers actually show back up
f06d395c,"At the very least, I always have no fcking idea how any episode is going to go"
e1688f3c,⚪ white hat lawful holesome
e1688f3c,real serious meeting
e1688f3c,bro he's playing his own videos
219c8209,He have obsession with West so some kind of green whiskey?
51a6abb9,battler save me from this nightmare damn
e1688f3c,next session continues tomorrow
17ce7674,I honestly don't care at all about 99% of the magic stuff
f06d395c,He really likes all the games
8f76cfa5,THEREFORE MORE THAN ANYTHING ELSE
fa09cb53,i dont know how it would fit in the projectile system of my code tho
e1688f3c,her name is christine 🥰
9e51bfc5,Especially with this music.
250b0a9b,Is the plan to finish Question Arc today?
fa09cb53,stupidass side way image
d053e1b9,I think it goes to the well that shannon and gang crawled out of in episode 4
fa7275a3,And once it's back he's streaming only umineko until it's done
24ea4ff4,I only played the first cold steel
f358d26a,She’s been itching to get back to it too
17ce7674,I can see it being fantastic then
07e46c25,thomas but he prefers tom if i got it right
1fd2119c,"It is the end of the questions arc, it is to be expected"
8f76cfa5,HES LOST IN THE DOMINOS SAUCE
e1688f3c,come to 312 olive street
13a6ed2b,uchikoshi writing anything
b4690dc2,he rips the face off the drawing and it's beatrice instead
fa09cb53,i better hear it or you yandere dev
219c8209,"fuck i didn't get the joke again, shiiiit"
13a6ed2b,which is like the same thing but localized in umi pro
eef09ada,Give me mod status for 2 minutes and i’ll solve the issues of umistream and full
b8eaf23d,xqc and the pangrea guy
df4aa97d,"fish facts, like nanjo stocks, always up"
94aea54b,I'm happy lots of people are enjoying Umi. It was such a fun time for me when I read it
e1688f3c,since the viewer previously thought that the title meant flipping out
d08f3d94,can you microwave banana and dm yourself 30 minutes ago not to text that
d25281cf,rosa stocks slowly climbing
d053e1b9,THIS IS HOW STEINS GATE CAN STILL WIN
3a068e31,yeah but people on booktok dont even read books
2f767d41,battler has no fucking idea either
e1688f3c,what if implicit type conversion though
d2cbae83,We already have words that are completely ridiculous and just do whatever anyway
e1688f3c,yamaha keyboards with 100 sounds
b2620544,If all of you had love you would understand Bern. she is a cat
fa7275a3,Telling someone that you will have answers to your questions isn't picking their brain
fa09cb53,i like the first one
fa09cb53,trying to send you the original lore video that i saved but discord not pulling through
da0c8d98,"Life is simply unfair, don’t you think?"
02ff68a1,Did Sayo know about it so that she would have been able to write about it?
83cb2bb1,Poor Ange-chan becoming an orphan in Ep1 and 2
219c8209,Battler masterfully countered that by refusing to explain
daee0717,that depends on how vol 3 of misericorde turns out
b9f82b61,"""ahh, it's all useless!"" incoming"
888037f1,and its not eva that is the culprit
725720d2,Yeah I don’t care none of it ever comes close to justifying her actions lmao
d053e1b9,Well. relative to Joe
d053e1b9,one way ticket though
6a9a4ab6,"That welfare officers name, Ryukishi07"
6cd41a0f,What are these rooks?
f06d395c,He said there'd be shorter streams or only 4 days to try and ease the burden
621bad4b,that and they're trying to make it look like some kind of fucked up ritual thing
b8c9a0b4,yea agree its so good
70cb8f0d,narrow win for the weebdom
0dde8c4c,Best version of goldenslaughter imo
f06d395c,Ok could still be a teenager
a4536011,I still maintain maria
5dc7b18f,WITCHES ARE NOT REAL
e1688f3c,i want a midi controller
d64c58dd,because it turned out to be actually completely correct
c73b2cb7,we already have mouse ga-
60863448,for some reason my brain thought you were talking about the Lain emote itself lol
83cb2bb1,Oh shoot I really hope it isn't
ff63de9e,they summoned a real god of war and death
d053e1b9,I love deadpan personalities because that's what I am
72661a6c,idk i might like ep 2 more than ep 3
8c33dd74,ANGE HAS 0 >x> 1 FRIENDS
e1688f3c,tomorrow international trolling day
29178c9d,i actually do think 3 is one of the better paced episodes though 😭
13a6ed2b,its not a lambdadelta line in the version joe is reading because they didnt translate the joke!!!
7e5b9ca6,idk that's what i've heard
ba52ee3b,wait whats going on did that happen in today's p3 stream?
1fd2119c,New Meta of Ironrath and Dalmek gift subs just dropped
02ff68a1,"""Savagely embellished"""
725720d2,Wait how old is jelly
653b6fd3,Umineko musical is real?!
409aa8ed,NO NO I DIDNT ACTUALLY THINK THIS THROUGH IT ALL FITS--
f06d395c,I think knowing that umifullden was talking about mpreg multiple times did psychic damage to my soul
0fc6bdb1,I'm not neccesilary so sure
fa09cb53,1 year fanta vs 1 night coke
0be52b7c,would make for banger streams tho
13a6ed2b,this is literally how i feel while reading umineko
f06d395c,Edit the translation text I should have said
37f869c9,doesnt this also mean witches are humans?
e1688f3c,sorry bro but ain't no way this mf cumming in a situation like this
c0bf1352,It'll probably be a good one to experience with stream.
8e4b9907,Tsumari means 'in other words'
e1688f3c,they business and health science bitches bro
d5284187,"Uchikoshi loves morbing, the original morber"
76d9877b,🌂 can we at least wait to see if it's good first
f06d395c,Not another wall of text Jelly goddammit
fa09cb53,this is a conspiracy….
b4690dc2,Also op  we know where it is and it’s probably related to the world being one massive ocean
ba52ee3b,notice how the candy has a cylinder to hold? COULD BE USED AS A STAKE!
bfdf84c8," This has to be a coincidence, right? 
 There's no fucking way "
77ee69dd,Basically an english dub
31a02125,it's muuuuuuuuuch more of a journey
8aca22aa,its recommended because hes recommending it
219c8209,That's my totally unbiased opinion
fa09cb53,man has not forgotten to GRIND !!!
7b056647,It’s so well written but damn dude 😭
e1688f3c,osaka prefecture reference
f06d395c,This feels a bit extraneous but I don't mind the mild indulgence. This is cute
81be09b8,I don't think Joe understood when that scene took place.
d0cb4aa9,what will people tune in for
c3e052ec,she's face twice at the same time
e1688f3c,ayo wtf crypto island real
5b7aedab,_(aside: is the 🖥️ indicator a vencord plugin? i'm curious)_
73e128e5,most results say computer but some do mention classic/character
cbee777f,"But in actuality, thank you"
653b6fd3,I refuse to accept it's existence
f06d395c,That is infuriatingly not baked into discord in any way
17ce7674,It has no colours on mobile at all xe
ae10a8f4,didn;t battler make this argument in the episode?
e8769870,"i know, eva is so dedicated to solving it simply because she doesnt want to pay for a tatoo removal"
b4690dc2,I personally take the blame for constantly derailing umineko-stream-chat
aeda0791,"Yeah, I just feel it fails to adapt Higurashi thematically"
5376ff2f,But doesn't that also fit the theme of the VN
a72309aa,"Yeah, i miss all the memes that were here before"
eaddc5d1,"5 is a LOT of fun, yeah"
fa09cb53,you stop righ when i was about to get one!!!
ba52ee3b,i will not forgive that
e40b50a5,then turning into a chair
fd46192f,what else could it be
eaddc5d1,"Whatever the excuse, I'm sure it'll be brought up and I'm sure it'll be bullshit"
1dd860ce,true he's busy growing his business and buying crypto
8441b39f,They could be right on the money with theories but I don't rule the possibility
0f04debb,there's only one vn?
c73b2cb7,can you describe the scene in detail
f0578b25,zen zen dame da........
d25281cf,god this song is good
b58b70f8,and they deposed her
ba52ee3b,BECAUSE I DON'T LIKE EPISODE 4 PACING OKAY
7e5b9ca6,yeah battler was drunk as hell
b9f82b61,yeah that's the point. erika is comboing Natsuhi in the air for funsies
29178c9d,i keep reading DE as definitive edition and being confused
e1688f3c,some guy just came todo fixiing
e329c772,and sprinkling limbus into umineko
5dc7b18f,because they aren't Beatrice
ecece11b,Umineko stream thirteen yippee
7e5b9ca6,haha genji you are having sex with our dad
bfdf84c8,why? I don't think anyone was condemning the story for this
b4690dc2,it's like an msdos looking ass game
1fc172f8,chatter watch this magic (edits statement to be about lambda and bern instead)
40497259,a Roblox baby making a 12 Angry Men reference?
b4690dc2,he should honestly be worse
29178c9d,jooji jeshka and batturah
ba52ee3b,THIS IS NOT A JOKE BY THE WAY I AM ACTUALLY CONFUSED
0f04debb,[future umi 6] there is jessica vs kyrie and the bopping song
fa09cb53,how did they get bloods to support obama??????
8aca22aa,probably not but only probably
e1688f3c,holy crap luis i'm in fortnite
683b95f7,"i'm inclined to agree, i fucking hated catcher in the rye"
13a6ed2b,maybe? i was around for the first 50-66% of stream then i fell asleep
b35e50e8,sometimes the manga just uses italics
1fd2119c,Someone suggested a tier list earlier as well
250b0a9b, Outer Wilds spoilers for  Outer Wilds 
fa8d08e9,you should it's really good
ba52ee3b,Do i need to find my snailtaph
e1688f3c,just need better internet and your kit will be complete
ba52ee3b,has joe even played rain world
5b7aedab,am i trippin or is this a long break
e1688f3c,why is aka oni succking up????
b7287936,"gotta be a red dragonborn tho, its literally the joe character"
e1688f3c,what the hael real life mod meetup??
e1688f3c,i just checked the post again no comments at all
13a6ed2b,vany have you only seen umineko on stream or have you read it yourself?
c73b2cb7,"Ah Epic's character development is so much better than Ray's, therefor he gets A tier."
7e5b9ca6,if mono wins tom is never listening to anyone about anything again
fa09cb53,didnt do shit all year
a72309aa,SO IT'S JUST MADOKA MAGICA
ff63de9e,LOVES umineko feminism
5b7aedab,blue gender jumpscare
b4690dc2,maybe I should unspoiler just the first one since it's the literal opening shot of the series
b4690dc2,"get it like, like bisexual erasure"
21bd6810,"Big dresses make my caveman brain go ""oog"""
b8eaf23d,oh i kind of get that lmao
a997b01f,"I was thinking about doing a ""Twink"" or ""Hunk"" twitch chat poll but that's too far even for me"
fa09cb53,but that make the mix more muddy 😔
56d90223,Joe is actually Beatrice and playing Umineko for more people to know about it so he can become real
f06d395c,Oh god I'm struggling to not outright bawl right now
250b0a9b,Contrapositive moment
d053e1b9,Whatever the default one is
e1688f3c,things i describe above would it make any difference
250b0a9b,kumasawa really hasnt done anything in the plot so far
b2620544,But now it's just umineko
d25281cf,but yes. i'm so happy joe likes battler so much
6cd41a0f,Unless my phone bugging it isnt
ae10a8f4,mangagamer and umiproject
fd46192f,but you havent seen it explode so it could theoretically just not explode
fa09cb53,thou like thy children????
8441b39f,So Beato is actually worse
fa09cb53,obama game development hell...
7b056647,I just started todays vod and holy shit he likes the SOL
fa09cb53,i would trust your brother to feed you fresh smegma
f06d395c,I don't even think Eva was in on that bit. I think that was just for Battler
29178c9d,i know kinzo has a toilet in his study but is he really using it
b4690dc2,he's been on a rightward turn hasn't he
13a6ed2b,"999 one of my top 5, i really connected with it"
e1688f3c,super mario world. EXE
fa09cb53,i cant even hear the bass drum bro
07e46c25,what was the last scene you saw?
e1688f3c,did you take the test at wellspring?
d64c58dd,Can neither confirm nor deny (and maybe I dont even know the answer)
0c7d56d4,"nah, but he just can't think of a reason Kyrie would go to the mansion rn"
fa09cb53,so he will respawn every hour
ecece11b,Surely that's what he said
b58b70f8,im gonna buy no mans sky for now
788e42ce,"inverse umineko according to mouse ""better mystery with no character development"""
6cd41a0f,Who would argue this?
478c0a65,or would bookden be too dead (no offense)
70cb8f0d,"minor spelling mistake, laugh at this chatter"
1dd860ce,i should but i will when i'm not a lazy ass 😭
f06d395c,Nope. I mean I'm telling you it being popular is not recent
7e5b9ca6,so any set of 6 or more islands could have a rokkenjima
d2cbae83,Sakutaro is surely completely fine
0f04debb,god i love how the witches are portrayed in the manga
e8ad9e34,OH GOD WHERES HER ARM
ecece11b,What was that one ani
13a6ed2b,not for like 20 years or whatever
a5dedc72,that seems most likely to me
31a02125,always associate it with rosa
e1688f3c,the hael you balling on about
6cd41a0f,Umi full yea i know im saying in the anime when rosa talks about her past in ep2 you see her
d053e1b9,Coru will write this email for us I'm sure
fa09cb53,some guy just spammed the nword in isisbeheadingvideos
90feb6fc,"Unrelatedly, ""Joseph Anderson"" is furniture"
fa09cb53,anime girl said so must be true
e1688f3c,ok bro might be a major mistake buying overpriced tube shit again
ae10a8f4,never expected to get this far
1fc172f8,Her little walk animation is so good.
87df89af,"That's a fair response, but yeah that's just not what I take away from that"
e1688f3c,my eardrums be like 💥💥 right now
b9f82b61,pronouns? in my based umineko??
51a6abb9,these are so beautiful
6cd41a0f,George is like that because of eva
31b3f300,I never noticed it in the streams
ae10a8f4,"Kyrie pegs Rudolf, and he just makes half a dozen dirty jokes while it's happening"
e1688f3c,man i was having an at least decent opinion of this analog horror until the music played
b4690dc2,umi2  apparently mouse is stopping him right before kanonsword
8e4a44e5,dominos delivery guy is 19th person
a997b01f,"I wanna be Nanjo, best girl"
f06d395c,Look I might just be raving here. Not the first time it's happened hahaha
bef31d57,Holy this is getting so bad
7e6f63ae,this one was the 1 (Beefy Cheesy Burrito)
e1688f3c,like the shit exploding or soemthing
db13175c,i think it's not about the violence its about the implication
b34c2493,maybe the curtains are just blue
2a73986c,would ange believe in santa
949814c4,Oops ALL CLOSED ROOMS
fa09cb53,nah bro this is crazy
b7ad7f9c,Less than 20 minutes i think umi 3
63518930,The chapter that has hempel's raven and Rosa saying she killed Beatrice umi3
e1688f3c,conscript me daddy xi
f06d395c,This whole stream could have been an email ngl
409aa8ed,how do we fix umineko? simple
b8eaf23d,okay nevermind lmao I just got it
b4690dc2,Gathering 13 sacrifices to resurrect the Friday fanart stream
71084104,Cause kazuma has ptsd from the events of the movie in the first episode
e1688f3c,yeah he should be looking now
fa09cb53,perhaps idk havent been checking
07e46c25,umi 3 i pogged when i realized it was him voicing that character
fa09cb53,and then we live in the house of 87 in the town of 87 and drives a toyota 87
7e5b9ca6,why did they think dialogue choices that do nothing were a good idea
e1688f3c,had so much i can build a fort
20bf120f,"Beatrice is the only one with 2 different sets of clothes, ok"
fa09cb53,making long ass videos talking about how you reads email is how 👍👍👍👍👍
441da1e5,What’s the name of the Episode 1 ending scroll text ost?
e1688f3c,bitches like tung and dung you have to have a bait message first
f06d395c,How is she saying that in red
db13175c,and im someone who usually doesnt care about pacing
ba52ee3b,probably in a few years
fa09cb53,damn bro what kind of elevator you use
70cb8f0d,copying and pasting it into the browser also didn't work
40497259,so pardon the confusion
8248ef7e,"best main character to ever do it I fear, wouldn't blame him"
bfa4eaa7,no but they stand out more
db13175c,im sure someone already said this
94b5b4c9,"then they don't ""find"" bodies"
fa09cb53,fucking metaverse aint even like vr shit
a997b01f,"First time chat, btw"
e1688f3c,bruh this is going to take a while
d64c58dd,I think I might take a break from umi for a bit
f358d26a,Man George must have done something really bad in a later chapter
fa09cb53,man he changes so much!!
29178c9d,who the fuck voted kyrie
f06d395c,There's... a LOT a lot that needs to be explained with the first 4 chapters
c3e052ec,The lampshading really brought me around on it
219c8209,i'm sorry why the fuck is trailer 20min long
c73b2cb7,God forbid men have hobbies (m.zakky)
409aa8ed,oh yeah fuck that guy
d053e1b9,Finally we can say her name (for real this time)
b8eaf23d,would he play umi if you put it in the corner of trickshot sim 2
20bf120f,And he already kinda made advances before she was 16
0f04debb,people's interpretations of what happened on rokkenjima
56d90223,Ok specifically it’s a playlist of videos and each video is 1 twilight
5b7aedab,in terms of meaningful consequences on one's reading
0ef04394,im debating whether i should valle or just let the burn simmer 🔥
7b01763e,paint.net recolor tool
13a6ed2b,some people have been saying umi partials
e1688f3c,i'm sitting at home doing nothing bored as hael right now
ecece11b,Not doing that one I'm afraid
e1688f3c,so it registers that the maximum point is just not very far from the center
e1688f3c,maybe a few more times 🙏
b4690dc2,Diddygatatri aaah media is woke???
e1688f3c,like a bullet in the chest
13a6ed2b,"i had an inkling tbh, i just didnt think about it much because its not my place"
7b01763e,i played switch version so i don’t totally know which umi versions contain what content lmao
162b34e4,a whole minute in stream chat will net you zero plus twos
f06d395c,Yeah I don't have anything to add about X and Y lol
fa09cb53,they are from arba funny editing pack bro
83aa7c93,"I think I was right, the child from 19 years ago is Kinzo's kid he had with Beatrice"
13a6ed2b,i've been reading higu and i actually enjoy the SOL
f0578b25,god i love prison strip
f06d395c,I'm loving this VN rabbit hole JADS has sent me on
d64c58dd,my read is the game does NOT want you to hear what maria's answer to that question is yet
b478b463,Should i dm u the thing they posted that jumspcarsd me 💀
ba52ee3b,NOW im excited for ep 3
409aa8ed,"and people will literally be like ""nani ga warui?"" like wtf"
13a6ed2b,Or at least unjustifiably annoying
94b5b4c9,"yeah, kinda, but I need the scene where all the girls are comparing bust sizes in hot spring"
6b890d58,it's happening right now
73e128e5,Last stream just ended with ange summoning all her girlfriends what is this greed
daee0717,does it have a my anime list listing
ff63de9e,the endless streamer with the power to end and start as many streams as he wishes
02ff68a1,He cares about literature and its history.
e1688f3c,spin the stick around so it can find the maximum points around the controller
34ab5fad,it takes immense willpower to reread after finishing 4
df4aa97d,"```ansi
[2;31mJoe saw Armageddon in theater [0m
```"
fa09cb53,christian benjamin chandler
b9f82b61,yeah but that can't be true for the other episodes
07e46c25,anyone who doesn't have kinzo's blood immediately gets a x10 likability modifier
5b7aedab,"""yeah there's probably mustards that are spicy"" MONSIEUR I SPIT IN YOUR MUSTARD _PWOUAHHH_"
b58b70f8,everything else is a spinoff
d2cbae83,There is no reason actual golden butterflies can't exist
621bad4b,unreliable narration is also extremely difficult to do well without becoming irritating
71084104,Cause she was a fake remember?
d54830ca,"Why do you think her hands are always on her hips, she is just holding it together the entire time"
e1688f3c,clean as hael now doe
e8769870,AITA for slapping someone who has murdered me and my entire family (twice)
0fc6bdb1,ok that answers my question
eaddc5d1,erika did genuinely end up being one of my favorite characters
20bf120f,Did you properly spoiler tag your theory?
eef09ada,I think the gal itself is ok but him doing 5 days of umineko a week once he gets back is a mistake
441da1e5,NKT MORE WORST GIRLS
2485b0b8,Find out in episode 8
e1688f3c,not sure about actual stance on flat earth though
250b0a9b,"for real, this scene makes me feel gross. Rosa is just lying to Maria"
e1688f3c,currently not feeling anything yet
df4aa97d,"this isn't saying she's THE killer, rather her willingness/ability to kill"
0fc6bdb1,I refuse to take the role until jeremiah does
e1688f3c,i think bitches are trying to reset my password or some shit bro
fa09cb53,miso soup too much msg too much umami bro
94b5b4c9,I loved the  slave buying arc 
0be52b7c,"Sorry for the yap, just letting my thoughts flow"
34ab5fad,how could i hate the witch who wrote my favorite episode
e1849ed8,"Sorry, them's the breaks"
fa09cb53,tf mfs learning at fpt
e1688f3c,sounds goofy aah hael
e1688f3c,can't wait until 198 drops
ba52ee3b,Why didn't the us just have 2 extra hidden twin towers? Are they stupid?
fe851805,"you can fit like, 6 people in there"
eaddc5d1,but its anyone's guess as to why exactly its doing that
e967d591,2 days until next stream
441da1e5,"Well Nodja has got your back at least, and with the new cutting edge tech, you can even see the pins"
358aad55,umi4 i think it's implied rudolf raised ange well
20bf120f,"No, I did read that Maria signed the bottled message"
b35e50e8,wow they reorganized the umi manga A LOT
eaddc5d1,"This applies only to MetaBattler, of course, I'm sure Rokkenjima Battler will be plenty present"
87df89af,Yeah but discussing what
f06d395c,Bern's just continuing as she did in episode 4
87df89af,It's the best manga out there
fa09cb53,was going to read this long ass theory about how most of the internet is fake
fa09cb53,they eats every ramadan
fa09cb53,it let me unlock the gate
72661a6c,"""getting a lot of shigeru miyamoto vibes"""
94aea54b,I’m surprised no one has done this
51a6abb9,not ameno-sagiri getting hold of the PA system
0fc6bdb1,the 10 minutes of seki I saw had compelling characters
17ce7674,"The good game is unfortunately done, so this is all I have left"
fa8d08e9,one piece ch 1138 yeah me too
d053e1b9,Is this the umi 9 I've heard so much about
e1688f3c,also le jammer finished
f06d395c,I asked the same thing above
250b0a9b,Notice how he is walking on his own
c11040f9,Coat hanger really is the Rosa of trickshot sim
7e5b9ca6,kinzo is an 80 year old virgin
c0bf1352,Is there a more accurate translation?
888037f1,meaning that they could have lure the victims
2e8f221e,"says I, the Insane but somehow Reasonable chatter"
478c0a65,i'm never in stream chat. it's so nice compared to fullchat...
0395bfca,Ah the tyler1 gambit
e1688f3c,so you can still see a shadow in mid air
e1688f3c,only physics and business
219c8209,devil trigger starts
e96e7c0f,"that he hasn’t read it, probably"
e1688f3c,sorry bro 8a2 does not exist
c3e052ec,Beatrice is a human now?
a41e37a5,no. that's after the first twilight
fa09cb53,see if you lock into like wrong acc or smt
5b7aedab,fair. please just don't post panels then ty 💙
20bf120f,Rosa is even more spanish
df4aa97d,"I believe some of it is, al least a few scenes are 3d animemation (but it's really well hidden tbh"
e1688f3c,youtube.com/wathc sends you to the same
d1712dc0,Im a poor little umicasual
d0fb1a3c,My mission on this server is to find any topic and find the best way to pivot to monogatari
fa09cb53,but bro.. school havent tought me.. how to buy a lambo cash...
30a0ff40,Can't wait for battler to die early tho
fa09cb53,you reading kaye wiki page massive w
e1688f3c,go home now in case the bus shows up
e1688f3c,this is the best one you've made yet
8aca22aa,you can't just spoil episode 8 like that
bfdf84c8,It's an acceleration from the symbolic gender demons for sure
a5dcb22f,I can always talk shit about gatchas
7f5df344,(2) unless he somehow gets greg back in and they speedread
73e128e5,but that's the fun of it
ba52ee3b,but he has just too much influence and influences everything around me
f06d395c,But my ratings are ultimately all vibes
fa09cb53,no you will pay when we 1v1 dust st00pud n00b !!!! CDDDS
fa09cb53,he cleaned his bathtub with industrial acid
fa09cb53,i aint about to mod mr incredible coding
fa09cb53,buckingham palace announces his royalty death tonight
5b7aedab,this lot LMAO THAT REACT
fa09cb53,which is kinda just flag
fa09cb53,bruh dont you have exam tomorrow
fa09cb53,thats crazy is not true is it??????
13a6ed2b,gaap + banger music its cream
b4690dc2,it no joke just keeps getting better
fa09cb53,cant easily draw the canvas with existing track
83cb2bb1,Okay imagine one of the adults just looks out the window and sees all this bullshit happening
d0cb4aa9,"""Too much full of himself while not offering anything worthwhile""
Yeah, that average"
fa09cb53,still so fucking tired
16651f76,Battler not listening to his sponsor smh
bfdf84c8,"Cursed, unfortunately"
53a6e340,i’ve heard this but i can’t read light novels i gotta read manga 💔
6cd41a0f,Yeah the nanjo infestation has started nanjo den will be formed one day
e1688f3c,the hael he talking about
7e5b9ca6,beelzebub and gohda is the best otp in umineko
5376ff2f,It's hard to pick apart what's a real clue from what is misdirection
d64c58dd,extremely early ep 5
f06d395c,At least so far the reds are solid
af26db04,or for the entire message you can type /spoiler before it
96962f09,i also was slow to understand hideyoshi accomplice in episode  1
40497259,YOU HAVE BEEN BAMBOOZLED A SECOND TIME
f06d395c,It just wasn't a topic last stream cause everyone was too busy making fun of the fascists
fa09cb53,hood wars 77 goes crazy
7e5b9ca6,yeah would be shikashi
056f5f8d,and you will love tacos too
d2cbae83,KINJOE IS TOO STRONG??!
f466ee86,when isnt that happening
8e4a44e5,i would need to double check
5dc7b18f,"JOE IS ME, I missed Battler when he wasn't there for the start of Ep2"
b58b70f8,several arcs there made me cry already
e1688f3c,fake ass dollar store moon
056f5f8d,"see?

(no idea if it has spoilers outside of the song itself)"
b4690dc2,Just Another (Umineko) Discord Server
fa09cb53,damn bro this have lower budget 😔
ff63de9e,you're my goat i love you
fa09cb53,mfw person who travel places or smt
f06d395c,There's a lot being said here but I'm quite tired so it feels like some of it is going over me
621bad4b,"there was blood, as far as i know"
f06d395c,That's 100% a 4th wall break
dfbdeb12,btw it's interesting that battler only blames his dad for cheating
d0d252d6,I just wanna enjoy the weeb VN streams
60863448,since it got brought up Im going to share this
683b95f7,"thanks for the reddit gold kind stranger
EDIT: wow 100 likes!"
20bf120f,"Oh yeah, if we factor in personality he would definitely lose points"
dfbdeb12,it's funny in retrospective
ff63de9e,"magic 'exists'!








uu"
e1688f3c,never ate with that bowl again
da0c8d98,Stop ego searching your name you KNOw Umifull is taking about ut
5b7aedab,ngl that little exchange made me make an unseemly noise
ba52ee3b,I'M JUST GETTING BARRAGERD
e1688f3c,so your previous tracks does not count?
13a6ed2b,is !title not the command
73e128e5,california gulls are unstoppable
441da1e5,What are you thinking?
daee0717,"i tab into this, rodney??"
6cd41a0f,Bro spoiler lmao dumbass
7b056647,(Also greatly enjoyed jelly but not for voicing talent just don’t want him to feel left out here ‼️)
e1688f3c,and turns out they don't know shit
fa09cb53,cant help you too hard !!
fa09cb53,my vacation not my dad 😔
f06d395c,It is as inevitable to us as death
02ff68a1,The moon rising on a midday horizon
ae10a8f4,If it ended there I would have been like “Good show I loved it.”
683b95f7,hmmm maybe i stand corrected
ba52ee3b,"anyways though dw about it, they cackle and cook react anything"
f06d395c,Pact was definitely a bit worse. Got a bit too lost in the sauce on that
23cb59d8,What was Kinzo smoking
96bf8c05,Oh my god Lambdadelta is about to come in clutch
e1849ed8,"Just like, popular, or the most in the public eye"
17ce7674,stream classics right there
fa09cb53,like the ai would generate thjis you know
db13175c,Xaki does all the music for Umineko Episode 7 so when Joe gets there you'll hear it
e1688f3c,i have never been to a funeral before 👍👍
70cb8f0d,"Dude, spoilers, tag it"
441da1e5,I wonder how they’ll deny the existence of an extra person with Erika’s existence
c102de5b,Racking up assists on bits
e1688f3c,2pac was a legendary artist as well as programmer
e1688f3c,when did you wake up what the hael
219c8209,I still really like scene but that was definitely cliff
ba52ee3b,kind of funny that umineko of all things was the thing to break joe's hermit streak
13a6ed2b, lambdadelta is in higurashi? im so spoiled 😔  
e1688f3c,and this is the tonight show
83aa7c93,i dont think battler is blood related to the family tho so the aunt stuff is fine by me
5b7aedab,"1. I fucking loved Homestuck
2. I fucking wish Homestuck would kinda... go away? I guess?"
7e5b9ca6,"url really changes the meaning of ""stake"""
87df89af,I mean there are far more immediate forms of sufferring
eaddc5d1,I Don't Know Which One Is Love isn't done yet but I've been enjoying that
83cb2bb1,"I mean nothing suggests that she doesn't, don't see why Beatrice would change that"
23f5bed1,"but whatever it was or however it was, he dropped it"
d64c58dd,btw that moment is a PIVOTAL part of character development
0e8ba699,"somehow, mouse returned"
63518930,at least so far through episode 2 and 3
17ce7674,"I think she might have been threatened to cooperate, or else Jess dies"
b4690dc2,I think she wishes that was the case
ab7f097f,incredibly triangular
b58b70f8,def a well made arc it just didnt resonate with me emotionally much
b9f82b61,i spent a good 20 minutes on that fucking Pee-Atrice edit I feel humbled lmao
b8c9a0b4,whenever peterson writes about the dragon he actually means joe
76d9877b,🌂 this was me but episode 4
fa09cb53,mythical character will smith
d64c58dd,ok chatter where you're going I can't follow
db13175c,im also a shania greatest soldier i will forever defend her
e1688f3c,ho khong the o trong nuoc do va ho khong the bi truc xuat ! ! ! ! ! !
db13175c,i almost mentioned monogatari im gonna be careful with that
b58b70f8,my issue with it is how the whole game talks to you lol
f06d395c,He's reading for ~4 hours today right
653b6fd3,Superhero webnovel serial that got popular awhile ago
e1688f3c,damn 1 hour ago this was a joke idea
d64c58dd,Are the fishy aroma lyrics about how mackerel is the best because kumasawa is the original beatrice
02ff68a1,rosa hitting all of the bad mother character traits
f06d395c,Battler sobbing while his step-mom talks about his whore mother who shotgun trapped his dad
6cd41a0f,Well they would have never liked it if it was releasing cause there was no voice acting at all
bef31d57,I know nanjo live reaction is supposed to be a joke but it really isn't anymore lol
fa09cb53,no is base texture froom untrela
31a02125,the story is what allows for all the funny moments
94b5b4c9,I wonder if the other servants that were mentioned will be important
4bc7d1ba,"maria umineko should learn how to parry tbh, skill issue"
b4690dc2,you/buddy/pal when someone refers to them in the third person
d9135df8,At least umi4 was doing something new when it was dull
24ea4ff4,gohda is satan's personal cookerino
73e128e5,tbh a lot of characters i like are very evil and deserve all ill fortunes upon them
d053e1b9,I should have listened
daee0717,you can ask it anyway if you want i’m curious now
fa09cb53,this barely got any attention
fa09cb53,then what you recommend
df4aa97d,Wait are they like Ice climbers?
d053e1b9,Listening to Jelly and Mouse lose it while Joe just kind of sits there stunned is peak comedy
7e5b9ca6,also im a distracted reader so i appreciate it making sure i know what's going on
9976f035,i was in umi 4 this tuesday and im now in umi 6
0be52b7c,I feel you man. Call center Job is brutal
f06d395c,The chain makes sense
f771a96d,If my theory is true then umineko is the best sapphic murder mystery of the 21 century
96bf8c05,so 12 chairs for all the members of the family
fa09cb53,grow hair to become monke 👍👍
d64c58dd,I will be playing golden fantasia
5b7aedab,how so? looks correct to me
17ce7674,Beatrice just summoned Joms with her magic
b4690dc2,there was at least one dead human beatrice
daee0717,i did not get beatricked
eef09ada,do you mean for umineko or in general?
b088e603,I've never seen a person more perfectly in their element
b4690dc2,yeah legends of runeterra had some issues
a72309aa,Joe is actively trying to spoil himself
e1688f3c,guess i got alzheimers
8f76cfa5,i lowkey had a nightmare yesterday bc i saw her creepy ass face
fa09cb53,holy shit discorder assembles!!!!
5b7aedab,iirc lambdadelta's name is to do with greek numerals i think
1fd2119c,I was the FOOL for making a typo
5b7aedab,ngl i don't much like lambda but i don't find the character obnoxious
930f6b07,"I mean, they rarely talk about Umineko, he'll be fine"
f06d395c,This is easily the greatest stream event in the history of Joe streams
e1688f3c,nah last night i was playing inscryption
b2620544,Nanjo being the same tier as the Bunnygirls is a crime
51a6abb9,"three beatrices? hold on, that means there's 3x marias"
cb0e9e65,Reading umineko with hatred
e1688f3c,the wrath of allah embodied
ff63de9e,i dont even remember what he got upset by
e1688f3c,is that breathing???
29178c9d,i will become a vodder
13a6ed2b,and minecraft since 1.16
b478b463,I'm assuming u mean console 1-4 opening for VN right
f06d395c,I'm not sure about that
ff63de9e,i unironically think most people just don't really care
1ccf6c00,wasn't it confirmed in red that he isn't asumu's son tho?
f06d395c,But yes we have had only two conversations in the tea room while the game has been going on
e1688f3c,run random files from random emails
e1688f3c,"brick licker in ""1984"""
250b0a9b,I remember doing this puzzle on poptropica
7f5df344,umifull being a fujoshi would've saved sayo 😔 
219c8209,Jojo level of absurdity
5b7aedab,rriiiight okay yeah. not going to be super relevant assuming he does one stream
8e4a44e5,something about thinking alike
e1688f3c,seems like some random questions
d64c58dd,how does that not change THE ENTIRE COURSE OF THE STORY
5b7aedab,having a mental breakdown after waking up? he jus like me fr
20bf120f,I feel as though I am squeezing a dry sponge at this point
fce5d05f,I thought we were gonna find something terrible out about you today
7f5df344,"(umifull) reading club is ange, umi stream is battler, umi spoilers is beatrice"
7f5df344,it's probably not even a real umi fan (i've never said anything bad about p3r ever)
bfa4eaa7,"id do it too, fuck that kid"
653b6fd3,Fuuuck I just had elementary school flash back
219c8209,I wanna go back to murder mystery(((((((((
505a43d8,yo would have gotten banned on twitch for saying your age in chat when sakugasp was added
fa09cb53,new incomprehensible youtube dropped
73e128e5,anime stops after ep4
e1688f3c,sec is also checking out the subreddit
e1688f3c,what they playing doe 😳
f06d395c,Why would you do that
13a6ed2b,"does battler not say ""repetition requested"" in this version
i like that phrase"
ae10a8f4,Wait are people saying WH is a better tl then umipro?
b9f82b61,how's jeremiah feeling about being called oot like this
8264f965,i think there are more random shit about this game im gonna suddenly remember as joe streams it
56d90223,So no live crystal theory
d053e1b9,classic ' being next to enter
94b5b4c9,gremlins messing up settings between streams
e992b791,"That is an insane theory, i feel like this theory is mostly coping?"
eaddc5d1,"I'm gonna watch mouse and just let my thoughts simmer, I think I've made my feelings on this known"
e1688f3c,bring it to apple for fixing
87df89af,Oh it's obviously bait
219c8209,George situation is funny
5b7aedab,"nobody says ""sucker merry"" either"
17ce7674,With just how disturbing it quickly becomes when Shanon doesn't stop Battler
1fd2119c,Credit to ALL THE GOATS for the banger soundtrack
3635ecbf,"yes, theories are good here"
bfdf84c8,Gold truth!!!!!!!!!!!!
e1688f3c,anyways bro one crazy detail
f06d395c,Finale had a reasonable amount of answers
e1688f3c,probably low poly stuff bro we don't have enough people to do 4k ray tracing 😔
d053e1b9,That's a translation thing right
f06d395c,Oh I LOVE the VA for Battler channeling Kinzo
8c33dd74,beatrice has the sharingan?
250b0a9b,wtf Why is Rosa furniture racist
7e5b9ca6,the dog had a persona
7829cb39,i feel like i know what the first line means but beyond that i got no clue lol
fa09cb53,bitches starts fighting
d64c58dd,ah but that could have been a paid actor!
d64c58dd,were monocoins a thing BEFORE joe played danganronpa?????
b58b70f8,shes such a goated character
f06d395c,"We will have the ""unmasking"" of the culprit so to speak"
5b7aedab,where's _your_ handle exactly?
73e128e5,how is mouse so good at trolling
64d27f02,"there's no ""right"" way to review a game"
fa09cb53,penis inspection on the spot
8248ef7e,"it absolutely does, trust the plan!"
e1688f3c,so people have to guess for the download button
8aca22aa,the author of 'black skin white masks' and 'the wretched of the earth'?
b621b1a2,"so are we giving head, getting tail, or being edged today"
53a6e340,joe is gonna lose it
e2dd6606,"not to kick it off again, just wonderin"
5b7aedab,First: discombobulate
ba52ee3b,i feel like that is a bad omen
fa09cb53,copyrights infringement 😳
83cb2bb1,Because that Beatrice is the hired actor Beatrice that Kinzo hired
f06d395c,Another dev to follow
e1688f3c,my internship shit don't start until year 3
ecece11b,"As far as I can tell, all the ones before you said that were umi 3?"
d053e1b9,I'll probably just have to listen to the stream
fa09cb53,this weekend i spent 3 days binge watching anime...
d1712dc0,"At some level, Shannon-Kanon is sooooo silly."
d5284187,"hmm, so all I need to do to get a free marble is VA a wildly successful and acclaimed VN"
bfa4eaa7,the fan games for fallout 2 are amazing btw
40497259,"Maria: Uu~
Satan (Half-Light): kill her."
fa09cb53,goddamn 1999 is real
fa09cb53,you have to add that emoji
e1688f3c,this says a lot about our society
6cd41a0f,Lol i got umi 3 beatriced
c221bc92,i want a battler everything
b8097e51,what a bunch of perverts
754e75ac,he can be pretty fun sometimes
13a6ed2b,im too tired to see the vision
a997b01f,the first roguelike book
8f76cfa5,everything else is pure dogshit
219c8209,"kraus quickly, say something horrible"
df4aa97d,YESSSSSSSSS I AAAAAMMMM
e1688f3c,important conference?
219c8209,"manga version, I don't wanna crack my umipro to skip to ep7"
409aa8ed,these gifs are funny cuz they represent the family dynamic perfectly
219c8209,ANd claire rising?????????????????????????
20bf120f,Loves women (that might or might not be terrible human beings)
e1688f3c,what is number 15 i wonder
fa09cb53,found this mf facebook from a video description
70cb8f0d,she did admit to Beatrice being the witch in the weird church scene 🤔
1fd2119c,Okay slight exaggeration
fa09cb53,james cage white reference you wouldnt get
eef09ada,I think ive heard anything below 60f for long periods of time can give you hypothermia
df4aa97d,I mean is that really a baaaad thing?
409aa8ed,"""Im sorry Krauss....you're too late"""
810fde7b,We’re back ange city
83cb2bb1,Why is she so huge there?
23f5bed1,man those sprites...
e1688f3c,check the news tomorrow then
5c345fff,"who forced him to play this
10/10 april fool’s jape btw"
daee0717,with all the screencaps i’ve seen of darumi from 100 line i don’t think i’d survive
13a6ed2b,a closed room doesnt block people from mind reading through the door
e1688f3c,bdabdbabdabdabdbabadba nothing!!!
eef09ada,8 hasn’t done anything like that to me
f466ee86,"Damn, discord be bugging on mobile"
63518930,at least she isnt with George
d053e1b9,Let me post my gigantic notepad document
0b843864,I’m still going to mostly be a vod guy on this one so hope everyone has a good stream
44721f1f,"when he goes ""holy SHIT eva"""
13a6ed2b,"hot take  i think her saying ""9999 in japanese"" is really stupid "
441da1e5,"Wait, was there such a red truth before that? I must’ve missed that"
23f5bed1,20 year olds are inmature dumbass babies still 😭
d0d252d6,No I was just surprised
8264f965,love dead eyes on anime characters
b58b70f8,the FGO Babylonia anime is also actually pretty good
b18daefb,i wonder what was going on with jessie denying beato as she died in ep 1 tea party
0c427976,Half the OST is region locked on Spotify
e1688f3c,need  to take a shit in the meantime 😔
b4690dc2,yeah you've gotta turn your brain off for it
47247786,Making Jeremiah watch NGE and experience Ego collapse trying to interpret the religious symbolism.
e1688f3c,covid may be kinda epic
3161237a,It's a type of gambling machine
fa09cb53,check if the pads are actually seperate from the keys doe
34ab5fad,Chat im about to make attempt #2 at indoctrinating my partner to umineko
b41645e8,I'm talking about later when I say weeb
ba52ee3b,Why are you clicking a umi 3 full spoilered message arent you still in umi 3
e1688f3c,you want to redo math math math?
f06d395c,I thought the finale was the only good thing about the whole season
13a6ed2b,im assuming it's going to be something else since they already announced that
162b34e4,They actually closed all but 1 taco bell in my city its tragic 😔
30a0ff40,prolly none cares about this enough but I had fun making it 😂
b58b70f8,ange is imagining a date with a hot girl shes just like me fr
8248ef7e,well we ARE talking about a cliff
a5dedc72,ok gotcha good to know it doesnt matter then
fa09cb53,your ocmputer when ; - )
f06d395c,I swear... it's... it's good I swear
fa09cb53,what thwe fuck is compsic
0f04debb,this makes me emotional in a very specific way
e01533e7,"mmh, freshly squeezed Krauss, my favourite."
219c8209,"Shannon???
beatrice smashes her face
Shannon the corpse???"
7e5b9ca6,let me get this straight
ecf3ed35,Redditor George goes hard
e1688f3c,fr bro i am really suffering
19845065,"you cant trust anything, not even the text!!"
b8c9a0b4,"i wonder if that means that jessica is gaap, seen as shes sayos only true friend"
b58b70f8,its more of a remaster
21bd6810,It was a crazy multimedia device but the asking price was steep
d2cbae83,But I'm still not buying Kanon = Shanon
fe911216,i mean battler's mom isn't even really a character at this point so that makes sense lol
f06d395c,Obviously can't comment too much on it but this is great stuff
754e75ac,How is umineko related to Higu
e1688f3c,aegry\ u wil not win!! \turn into wolf\
056f5f8d,SHOUTOUT TO ARGENTINA
e1688f3c,watch the next world cup
fa09cb53,bro its not like i dont know about it tf
219c8209,I can't get enough of rosa getting SSS already!
20bf120f,I thought it was just a funny coincidence
162b34e4,George gossip so Battler knows Shannon was his and to backoff 😤
e1688f3c,yo plug your laptop into
e1688f3c,but camera movement makes it hard because it does not sync
e1688f3c,i am so much better at subjects which have onl;y
0f04debb,"I mean that would make things easier for bern, no?"
6a72c052,still stuck under that collapsed cardboard fort ?
f358d26a,True incels hate women
fa09cb53,if you want the visual to match the game
13a6ed2b,"not that close, we're finishing next saturday"
e1688f3c,my shit just lacking
24ea4ff4,yeah it came out last year
d64c58dd,it's been done too much
e1849ed8,Koru is the Dril of Jads
0fc6bdb1,"I had not thought about what her response to the wedding might be, good point"
653b6fd3,Seagulls hunger for floor fries. They get kinda scary in big groups
aa8f5f2f,I listen to it from time to time
71084104,What about the senate?
219c8209,Can't really explain anything
e1688f3c,so it does not sound 8 bit
7f5df344,well it was my favorite
db13175c,come on bruh you know what they mean
2e8f221e,battler will look at all those 2x2 tunnels and not think it's herobine. what a fool
d64c58dd,when you're an adult snapping a rubber band hurts WAY LESS
fa7275a3,I think beato deep down has a good heart
b4690dc2,Yeah you can hear how the va cackles too
a997b01f,Beatller theory coming in hot
e43ba5b7,Lemme find the lines.
fa09cb53,[audience applauses]
ae10a8f4,"4 is one of my fav episodes, but I def agree it's pacing in some parts is b a d"
e1688f3c,dungerz buying minecraft
ecece11b,And I'm not thinking about it either
f06d395c,The 07th mod takes the CG and sprites from the PS3 version
b4e5f498,Thanks for clarifying
56d90223,Can’t believe I’m downloading twitch for Joe
bfa4eaa7,hundreds of weebs have prob asked this question before
ba52ee3b,do you think ytb chat has evil epic
70cb8f0d,and the page turns into an average SCP entry for a moment
96bf8c05,"so a mystery that ate a ""room-room"" fruit, i see i see"
a997b01f,Every time Maria is in a scene I have to reduce my volume to avoid the neighbours calling the cops
e1688f3c,wtf that mandela catalogue volume 3???
fa09cb53,ao the hospital and tthe funeral home is connected but physically seperate
b4690dc2,yeah do you think this is some sort of umineko server???
5b7aedab,i know worm only by reputation and i _winced_
db13175c,it actually inspired me to go back and reread all of bloom into you
dfbdeb12,"""I'm not stubborn I'm right"" ending"
70cb8f0d,what's the point of a mystery that is too hard to solve
e1688f3c,holding shit banned???
f06d395c,Yeah that's what I was thinking
51a6abb9,IS HIDEYOSHI A WITCH THEN? HOW
e1688f3c,also bro they doing the
fa09cb53,everything kinda goes down hill after 3 😔
13a6ed2b,the large and intimidating umifull spoiler bar
60863448,we hit episode 7 today
fd46192f,he is incompetent after all
1982b5a7,and I'm not even paid to use discord like i am Slack
fa09cb53,not gonna be that painful doug
db13175c,there are prominent right wing umineko fans. somehow
c73b2cb7,manga must be more expensive to print right?
fa09cb53,and then downhill from there 😔
df4aa97d,"```ansi
[2;31mThe read truth ~~iß ƒåæ˚´~~ ERR4104500[0m
``` the simulation has fallen"
5b7aedab,yeah i pretty much agree
250b0a9b,"They meanted servering pendragon, that is king arthur pendragon"
53a6e340,i don’t think this is an eroge problem
fa09cb53,either way still cant see shit under normal lighting 😤
e1688f3c,oh yeah today november 23rd
17ce7674,I figured it out. I understand why Joe's comments are so confusing to me sometimes
fa09cb53,startign to understand the appeal of unemployment
13a6ed2b,i've never played a silent hill game
1179fed8,"NGL, the ~~game~~not a game is losing me a little"
fa09cb53,does it have rumble feature
7e5b9ca6,or 20 guys with weapons
bfa4eaa7,have you read higurashi?
02ff68a1,especially if it's not just one reader but a whole lot
87df89af,Yeah more or less my exact takeaway
c0bf1352,Episode 3 after she and Eva crack the code
b478b463,U can't control the voices for individual characters in 07th iirc
87df89af,"No, I legitimately just think it was that boring"
5b7aedab,jelly what the _fuck._
df4aa97d,two very sleepy wiatches duking it out
20bf120f,by the final onslaught
ba52ee3b,Arm a bunch of traps in your house you can use to make them believe in magic as well
0f04debb,"the occupying forces, no?"
b8c9a0b4,it really makes you feel like ushiromiya battler
f06d395c,reply Did Maria create it with Beatrice or join it
e1688f3c,second reason on why i might switch to ableton
b821c653,Which one was ch9 again ?
e1688f3c,yeah his comment only like this now
fd46192f,i don't know if i can handle that much umi
60863448,"atop a tower, perhaps?"
8f76cfa5,can confirm i dont see shit
1179fed8,And the first thing she finds out is that her entire family bullies her mercilessly
20bf120f,"I dunno though, the simile seems fine to me? Though I haven't heard it before, really"
b2620544,The ange we see in her head is not how she is at all.
0c247e09,"a fun fact, Featherine is not playable in the fighting game"
fa09cb53,jesus on britain got talent 🥶‼️
8264f965,im waiting for sakutaro to go psycho and kill everyone i dont trust that thing
17ce7674,Or does she count as a private person
c0bf1352,Can't leave him out of all the fun
eaddc5d1,(name subject to change)
e1688f3c,america do as jeesus say
1fd2119c,Makoto shaking in her boots
d053e1b9,"Finally, learning Japanese proves useful in something (a twitch bet)"
ba52ee3b,can you believe it guys
24ea4ff4,you'll just have to taste to see for yourself
409aa8ed,as a catholic we stan
0c3a67d7,Joe has always been a weeb
13a6ed2b,WITHOUT LOVE IT CANNOT BE CACKLED
810fde7b,I can be sure that jerry is at least going to be interested with answers arc
888037f1,so they only count as 1 people
60863448,dads shave because shaving is a thing dads do
e1688f3c,bruh this took me forever
13a6ed2b,me installing 600 mods onto skyrim then playing for an hour and uninstalling
ae10a8f4,"'interesting' was his reaction code for ""I need more info to determine how I feel about."""
e1688f3c,too many layers of irony
f06d395c,"They've been saying ""the rest"" and ""everyone else"" way too many times now"
5376ff2f,he's under a blanket because he believes it gives him sexual powers
1fd2119c,Notice how the chat just died immediately
81be09b8,Hot take: Jessica's censored dress would've been funnier.
20bf120f,This isn't beyond that 🙂
e1688f3c,doing test right now
ff63de9e,"nanjo says ""hmm yes i agree too..."""
63518930,I guess kinda? I wonder what specifically they were referring to
ff63de9e,who are the only people that read it anyways
e1688f3c,you think this is scary just wait until you ssee scary4.jpg
e1688f3c,i have barely played any games since the winter break no shit bro
7e5b9ca6,for reasons beyond my comprehension
6d468d99,depends on how old ange is ig
fa09cb53,then why would he be unaffiliated
fa09cb53,probably just like with that loser creeps pedos guy in vin too
e1688f3c,world war 3 arc crazy
c3e052ec,Is Kinzo straight if he's attracted to an unobtainable metaphysical concept of a woman
b9f82b61,anagram? is that something you can sell on the stock market?
d64c58dd,it's ok I needed a hint to understand mouthwashing when I played it
e1688f3c,which one do you think i should join
db13175c,debuff focus right? or am i thinking wrong
eaddc5d1,I don't know enough about her to make any concrete conclusions
f06d395c,There's stuff later too. Won't go too deep cause of spoilers
e1688f3c,no just sending you the previous track bro
bef31d57,"a man became  the game master, and his worst nightmare is marriage huh?"
0be52b7c,It's not a matter of cartoonishly changing costumes
d64c58dd,I think most people who finished 1 love 1
5c345fff,oh joe is finally live
bfdf84c8,Fantasy probably wins here
0fd535f0,"Jelly red truths:
Mar 1/25
I am 100% straight (FAILED)"
409aa8ed,me when i hunger for umineko readings
fa09cb53,like you can literally hang out in another city
db13175c,you guys just forgot about episode 3
13a6ed2b,im excited to start ep 4 tomorrow
94b5b4c9,"I mean, why would we believe they have any power"
fa09cb53,its for better sounding piano
e1688f3c,came up to me and started balling about some shit
db13175c,just a little though
31a02125,It’s not a short little thing
13a6ed2b,it could have idk lol
e1688f3c,a weapon feared by many
df4aa97d,streamer has low vitamin D. more news at 11
c3e052ec,Crazy that kids these days don't know about Penguin of D00m
20bf120f,I am bad at explaining right now
20bf120f,"I just realized I shouldn't have pinged him in the stream chat, oh no 🙂"
441da1e5,I kinda wish I didn't see Joe play it and instead played it myself
409aa8ed,seer of space vs witch of mindddddd
37f869c9,It got me thinking: did Kinzo like create a kuwadorian counterpart for a bunch of people
07e46c25,HE IS FORCED TO PONDER LAMBDADELTA
fa09cb53,you can probably just download them from the steingerberg ass download manager thing
94aea54b,Eva's VA is pretty insane man
8e4a44e5,"something something, badmouthed the witch and then got injured"
fa09cb53,ninjas software too advanced
441da1e5,"Joe's mind is an enigma, whatever he finds even more perverted he will probably take to his grave"
d053e1b9,As thick as super paper
0eccefda,probably more sus than natsuhi in ep1?
24ea4ff4,I mean people are entitled to their opinions on things like what sprites they play with lol
e1688f3c,typr iwth one hsand eating rn
505a43d8,there was a russian dude in my highschool that was constantly high on xanax
8e4a44e5,umi 3 full its different types of ammunition to be specific
fe911216,i dont remember that conversation exactly
b8c9a0b4,battler wasnt there so its not reliable
bb426429,I would have to re watch it or read the manga
d053e1b9,Ultimate play would be giving them a year
eef09ada,"Id imagine you’re more qualified than me, since I know nothing about streaming."
62c1fbf7,"ikr Ace Combat 7 is pure anime, im stoked for it"
3161237a,"It's not magic, it's time travel. Anyone can do it if you have a microwave and a banana."
f914fc04,I GOT BEATRICKED AGAIN GOD DAMNIT 
aa8f5f2f,I forgor but what is sleepy balter
f06d395c,Just as she did in episodes 1-4
aa8f5f2f,No on PC it oblirated the details and you can see it on the collor
621bad4b,half the time nobody even responds to him when he does it
fa09cb53,even got sspotted by le taliban but didnt got caught for some fucking reason
23f5bed1,that's what was spoken about in episode 1
e1688f3c,gaming in about 1030
d053e1b9,THIS REALLY IS RABI-RIBI
5376ff2f,I'm gonna seek the golden land in RDR2. by which I mean rob a bank
f06d395c,It seems much less interesting than Umineko
534a81ea,You can find treasure in the weirdest of places
31a02125,"it's out in one month, 3/20"
fa09cb53,nah it was when the 1 guy got kicked bro
f06d395c,I just hope we don't immediately start talking about shit like mpreg
637beb8b,As a MCH main... I feel you lol
5b7aedab,idk i'm just riffing
d053e1b9,I mean people used to give mercury to their kids
ba729249,Is this like the ace combat 8 of the when they cry fandom
fa09cb53,man can you believe most nft games currently being developed in vietnam
fce5d05f,Why does he look good
94aea54b,it makes sense. he has so much rizz after all
e1688f3c,looks so much larger
b4690dc2,"imagine if morbius never came out, would we still be talking about morbing?"
f06d395c,Like help find the rose
bfa4eaa7,i don't see why the witch would resign if he's wrong
ba52ee3b,Quite literally in this case
fa09cb53,oh fuck he just said one of us was the f1
2e441894,It was mostly hated unfortunately for all the wrong reasons which is why the manga came about
505a43d8,"""everywhere i look, i see her face"""
b621b1a2,kanon LOVES beatrice
d1712dc0,"Katawa Shoujo, what a blast from the past"
ff63de9e,You can overlook everything depending on your tolerance for weeb shit
d64c58dd,"main character starts going ""flowers aren't real"""
fa09cb53,shut the fuck up!!!!
e1688f3c,bitches not finished welding the robot yet  😤
f06d395c,Gohda's obsession with calf steak is giving big Hannibal the Cannibal vibes
b8eaf23d,2 days in a row is nice but the sandwich makes the wait psychologically less
2e8f221e,well my middle name is 'and'
8441b39f,Frieren immediately using newly acquired knowledge
adb72a1d,"The Apollo Justice """"""Trilogy"""""""
f06d395c,They ARE reading technically
b58b70f8,i bought Little Busters
e1688f3c,what should i do????
0ef04394,"more than permitted, i honestly think it was specifically set up"
fa09cb53,defense of the ancients??????
f06d395c,How is this motherfucker this stupid
d64c58dd,I might do a tier list of umi characters based on how adorable they are
8f76cfa5,or is it still vague
20bf120f,"But Jessica, George (blessed be his name) and Battler could have survived for a slight while"
e8769870,Your custom nanjo 'exists'
17ce7674,Its just that Tsumari is longer
c3e052ec,If I figured it out it's obvious
b9f82b61,it's gonna be 10 hours of this
e1688f3c,age dones't matter fr fr fr fr fr f rf r
219c8209,HE KNOWS CHAT HE KNOWS
d64c58dd,Natsuhi can’t get enough of her mackerel jokes
eef09ada,Has he and chat been ok?
162b34e4,Future banned JADS member after Saturday
1dd860ce,sakugasp looks so similar to the aigis one lmao
70cb8f0d,"I wish we had the type of community where you could type ""zenzen"" and get ten ""dameda"" in a row"
ba52ee3b,gotta send them attractive anime girls to pull them in first
fa09cb53,put in the effort 👍👍👍👍👍
ff63de9e,stageplay has a lot of good stuff but the music choice sometimes just doesn't work for me
6cd41a0f,Be umineko is a wild ride
fd46192f,"i mean, the story has been humanizing all the characters"
20bf120f,"It wasn't as clear cut as that, but..."
fa09cb53,their points are so retarded if you read them bro
73e128e5,i'm usually a huge ps3 shill but i do think ps3 george misses the mark
fce5d05f,launch day for fate stay night on steam was fucking incredible
fa09cb53,this will affect the trout population
e1688f3c,black people and their revolutions
e967d591,its been literal decade since I read any fanfic
b58b70f8,genuinely amazing in the manga
af26db04,ooh no the genre i was expecting but it makes a ton of sense
1dd860ce,i laughed like a maniac while reading clannad
f06d395c,"sWeet, sAvory, sPicy, bItter"
70cb8f0d,Gay butterflies done
fa09cb53,george bush is honest and well spoken
e1688f3c,i'm going to send this to tung and tell him it's a solar eclipse
250b0a9b,"I will remove it, sorry!"
fa09cb53,they had to make it look like a political cumpass 😳😳
9d987774,probably not a spoiler Krauss  is almost certainly supposed to be Krause
13a6ed2b,dont like skipping segments?
eef09ada,Oh btw had joe talked about nightreign at all on stream
d053e1b9,Fell for it again award
2d9323cd,"oh right, rookie mistake
what witch again?"
72661a6c,its my favourite one by far
ae10a8f4,also I love while battler does his english phrases as a cringe thing and kinda hates it
250b0a9b,Also has Beato never heard of a closet door
d053e1b9,He's such a nice guy
e1688f3c,man watching through guess the racist some of these bitches acting fake as fuck bro
ba52ee3b,i'm being jumped by witch followers help
94b5b4c9,Is episode 6 the most divisive? Or is it episode 5?
b58b70f8,im still not finished with it and im like 200 hours but a lot of that was afking
048fc8de,umi was always the easier sell I think
df4aa97d,mickey mouse soundes
653b6fd3,Netrunner taught me computers have daemons living in them
162b34e4,I only played it this last week though. Was a bit late on that
f06d395c,It took like 5 streams to get started
219c8209,I was confused initially cuz Butler is basically another word for servant
219c8209,and t's not even addressed that's just okay I guess
fa09cb53,technicall the truth!!!!!!!!!!!!
e1688f3c,just got home my saliva is now extremely stringy and gooey
409aa8ed,like theres no spoilers in his abs
b58b70f8,actually he does love his wife he's just still misogynistic
048fc8de,even split into 3 we're still the most active dens on jads
f06d395c,Yeah we can probably put a pin in this one? I think I have my answer? Kind of?
b4690dc2,I don't even know anything about these men who am I to speak of their intimate feelings
7e5b9ca6,but its also super vague tbh
30a0ff40,"Maybe it's a bigger problem in Japan and that's why it's overrepresented, damn"
250b0a9b,Calling female battler that would be objectifying
6d468d99,that makes a lot of sense but also as a character i don't think he's as bad as some of the others
5b7aedab,it's not even slice of life is the thing (you're right though basically)
0395bfca,"Im curious how bern is stronger then lambda, i would imagine certainty counters probability"
b18daefb,what is this microwave lore
40497259,"Maria would pog out of her gourd because Paimon is the name of a demon, I believe"
b4690dc2,umi3  they finally say gex??????
fa09cb53,this is an excerpt from george orwell’s animal farm
f06d395c,Pretty great. This episode is a banger as usual
bfa4eaa7,the other hated his guts
0eccefda,a knee wound isnt fatal
63518930,Is that an in game setting or a separate download?
b18daefb,all the +2s are due to return to the witch dalmek
6a9a4ab6,JOE WAS BORN FOR UMINEKO
96962f09,"that sucks, i really enjoy being able to read stuff On The Go"
0c247e09,Erika getting her bag taken
7e6f63ae,WHY DID THEY DO THAT SHIT
02ff68a1,Ep 3-6 Battler becomes something of an author self insert
f06d395c,Your kuns were so cute too!
e1688f3c,yeah but i'm guessing ableton is much more advanced
219c8209,huh wdym fascist gold
aa8f5f2f,I don't think this stream we will get to red truth have to go through the whole THEREFORE -
e1688f3c,and remake it on godot
ae10a8f4,shitty fans spoiling it
d0fb1a3c,OnK manga falls off at the exact point s2 stopped
fa09cb53,plus is there a convenient store in campus
f06d395c,Oh no Agatha Christie's witty for sure in her writing. I don't find the characters compelling
96962f09,"yeah same I don't like using yasu either because of that, but it feels like sayo isn't right either"
20bf120f,"Well, Jessica said that she slaps maria whenever her witch madness takes over"
29178c9d,is your brother greg
23cb59d8,Where has he reached?
5b7aedab,can someone help bulder with the channel list
7f5df344,it's funny bc i've seen parent readers be less empathetic of rosa than non-parents
fa09cb53,home of sexual point of graphics
b58b70f8,just that it is totally possible to solve it by ep 4
db13175c,so uhhh 13 14 15 ish
fa09cb53,shit is crazy bro read the thing
31a02125,maybe Mei is fine for the crossovers but wasted on Gou
b4690dc2,Yeah no new books in like years
fa09cb53,why would blue helmets do this?
f06d395c,Even with the pacing issues I feel there's more than enough to cover two episodes
e43ba5b7,"Yeah, whenever Control gameplay comes up, it's always like 99% criticism"
72661a6c,someone in chat told him to play the gnome noise every time maria says uu
13a6ed2b,I think most of the ZTD memes are references to the batshit twists
8f76cfa5,george got shafted tho
0eccefda,feelings will always get hurt
29178c9d,"without time, it cannot be streamed"
e1688f3c,still going to classes just not staying there
e1688f3c,worst analog horror i've ever seen
44721f1f,I've started umi 4 and holy fuck eva is horribly evil
c73b2cb7,">enters chat
>powerscaling discussion
>closes chat"
fa09cb53,me when giant creatures kills and eat me
e1688f3c,or so i've been heard
ff63de9e,she's been dead for a while i believe
7e5b9ca6,"and most of them are based on 1 country, maybe 2"
9eb00d84,well yeah araragi is a girl
ae10a8f4,Jelly and Mouse just laughing at Joe
eaddc5d1,"every time featherine calls ange ""my miko"" i feel the flag of ange city flutter in a dainty breeze"
0fc6bdb1,we have completely made a fool out of krauss a bunch thus far
30a0ff40,I didn't need to know that
df4aa97d,We need an actual chess master to make a list of famous games that parallel Umineko
250b0a9b,"He morbs with Battler really hard, even predicted the anime lines"
b8eaf23d,you'll be fine you'll just forget
94b5b4c9,"Gohda and Nanjo did everything, to protect the secret of their gay romance"
94b5b4c9,Fucking witches all of them
fa09cb53,thats why the aka oni is so scare of him bro
24ea4ff4,are they gone before it starts?
e1688f3c,nintendo is never goign to recover from this
89d41233,My assumption was the one who died was the orphan and kinzo had a child with her before she died
44721f1f,"I remember you getting spoiled so I thought you didn't mind spoilers and clicked it, my bad gang"
a997b01f,THIS WAS STAR WARS ALL ALONG?
e1688f3c,"```
- OBAMA ---
... hedgehog

-----------
```"
e1688f3c,if bitches make me click ok to start the installation 😤😤😤😤😤
e1688f3c,laptop dead right now😔
e1688f3c,but here's something else
b7287936,is this a p3 spoiler
ba729249,honestly feel like it
eef09ada,And when i thought rosa was gonna kill her
d64c58dd,I was thinking about that too
ba52ee3b,im close to the ending right
e1688f3c,is the vaccine available already?
b4690dc2,and then just get like right down to it like crazy pervert style
5b805845,I missed the poll I would've voted peak
e1688f3c,from: (/' - ')/#2357 has: image
fa09cb53,the song you sent bro
048fc8de,"That’s why there’s witches and magic, it’s JK rowling’s influence"
fa09cb53,that pen is not even 3d 😠
20bf120f,I don't think he saw the goat 🙂
60863448,Ciconia has a female protagonist
c73b2cb7,so much time would need to be spent and inventory slot waste
cbee777f,Shout out to one of the Higurashi soundtrack titles Facism
fa09cb53,else you have to do a shit ton to get it to work 😔
84589370,Did Maria just punch Shannon to the ground???
b4690dc2,"""It's not solved it's not solved!"" He says as he slowly turns into a corncob."
7e92c265,Chat where are the Rosa stocks at right now
3635ecbf,"In short, to say it another way, to summarize, so you're saying..., in other words, so you mean..."
8aca22aa,yeah but that's not established for quite a while (after the whole carnival scene)
3161237a,It's really close to some of his Jedi streams. It's hard to tell which is better.
5b7aedab,because the law is fucking stupid we're not making a moral judgement here
e1688f3c,mongolia is crazy bro
f12c8aac,"(I mostly agree, I'm more worried about the other one)"
bef31d57,God at this point what will we have in ep8? I can't even imagine
13a6ed2b,damn after 3 seasons and a movie? long series
e1688f3c,damn checking out my old reddit notifications right now it's awesoem
bfdf84c8,All stories are allegories in some sense
7e5b9ca6,he's pretty introspective
c0bf1352,umi 3 WHY THE FUCK ARE THERE BUNNY GIRLS NOW?!?
f06d395c,I don't think Nanjo and Kumasawa were gouged and killed
fa09cb53,what if the only exception to my dementia is nfts
e1688f3c,just looking at google images right now
87df89af,"Why is Joe freaking out, I don't get it"
e1688f3c,tianemmen square sequel
b58b70f8,"both, but also the other translation is so much better"
d053e1b9,"I think the Battler ""Witches and magic doesn't exist"" stock just did a nosedive"
c221bc92,wish I could use umipro with the ryukishi sprites
e1688f3c,going through the old school email
20bf120f,"No, they did see it and found it funny"
fa09cb53,wtf motherland bulgaria??????
b34c2493,Yeah I guess that might be the case as well but who knows
02ff68a1,It wasnt a combative stream
db13175c,Joe's streams are a really really nice way of reexperiencing the story
31108803,The only good thing that rosa umineko ever did
b8eaf23d,it's a subtle reference to the hit game danganronpa
219c8209,Mouse said that 6 is her favorite and I heard 7 praised a lot sooo who knows
e1688f3c,if you want to be with me
e1688f3c,because i don't really listen to music that much
b2620544,"""Retroactive moves"" so we just memeing over here"
fa09cb53,going home tomorrow 😎
3635ecbf,We love you Jelly <3
94b5b4c9,I'm more of a Gohda really
219c8209,With boring ass turn combat
31108803,Shannon and (non) Kanon acting at the same time will always be hilarious
ae10a8f4,Beatrice would of loved the 2020’s
d0cb4aa9,yeah i meant that hes written most of it
c73b2cb7,"idk being like, hey can we name this character okonogi, woudln't really go over the line"
1fc172f8,truly battler's mother
5376ff2f,"I think it makes sense, they're all indoctrinated and sharing a dark secret"
c73b2cb7,well i don't like any isekais so
ff63de9e,so yes umineko is a game
d053e1b9,All the missed luck we had from no streams last year are rewarding us this year
fa09cb53,the one getting pissed on fosho
fa09cb53,sorry that my little brother
f06d395c,Krauss holding the two Apple shares: is this worth anything?
b35e50e8,"By the way, the manga does edit some scenes so sadly I think there is pretty art I cant share yet"
b9f82b61,let women have hobbies
7e6ebcab,"i see, seems like the whole country lol"
87df89af,It had a bit I forgot about that's why it was harder to find
e1688f3c,khong that day m nghe nham roi nhin lai di
bfa4eaa7,im 100% confident that he'll find red truth (ep2) very interesting
83aa7c93,SEE JOE GETS IT! ITS A TRICK! ITS A PLOY
fa09cb53,not black but very strong
5c345fff,"no, 2 reading streams a week is the limit for joe’s throat"
219c8209,wdym don't make it weird lmao
13a6ed2b,yeah i figured thats what you would have done
d64c58dd,plz move somewhere else for secret umi talk
e1688f3c,hypothetically i have a tree
fa09cb53,Mf called another bus to pick us up
fa09cb53,i forgot to get on before dungerz left...
8f76cfa5,is there a chance that alcohol is used as a blanket-term for any drugs?
fa09cb53,also they playing the fifa
e1688f3c,too many big words 😔
409aa8ed,me when i forget the reason WHY THE FREAKING MURDEROUS BLONDIE WANTS TO KILL MY ENTIRE FAMILY
0f04debb,he is not cogniferous
d0d252d6,"proud of the umi fulls for not spoiling anything, i know it took a lot of restraint"
d2cbae83,The money and safety deposit boxes and all that weird stuff too
96962f09,kyrie talking shit as usual
f06d395c,I feel like Joe's... falling too much into the Battler role right now lol
f06d395c,Or was that my read on things
bb426429,Hmm can you show a screenshot just so I can see it?
e1688f3c,he not respoding pens
8f76cfa5,in the end she cant force him to play so what good would a tantrum do
0eccefda,That’s what I’m saying
f358d26a,Also the groaning and deranged singing that the shibito sometimes do
20bf120f,That doesn't disprove anything
29178c9d,kanon spoiling shannon wtf
20bf120f,I think they might be?
17ce7674,just dont engage with it. Its like the undertale discourse
fa09cb53,le simple patrol coding
0c247e09,She won and still focuses on a man
fa09cb53,next year bitches definitely not posting on facebook
e1688f3c,the metaverse is encroaching onto real life no way crazy reference
e1688f3c,shit is finally over took forever
b2620544,"If anyone doesn't believe in it, it doesn't exist"
bfa4eaa7,"true, a 23 year old and a 1000 year old is quite problematic"
e1688f3c,actually be back at 10 bro
e1688f3c,bitches be having fucked sleep schedule smh my 🗣️
0be52b7c,"My guess is that Beato 2 gave birth recently, like a few months before Rosa found the hidden mansion"
7e5b9ca6,yeah would be cool for a new monosoft game
94b5b4c9,Roottrees are fucking great
a4536011,will hop in if so but no way that lasts long
441da1e5,And we don’t know if Natsuhi will stay innocent
c3e052ec,we did perceive it in ep4 though
409aa8ed,"i played it and people were like ""UH"""
621bad4b,well that would track with what she's saying to battler
02ff68a1,Especially emotionally
ff63de9e,they can both devil's proof each other for eternity
20bf120f,"Cause if not, then the letter also didn't exist"
e43ba5b7,We literally talked about Shannon impregnating George today
13a6ed2b,gaap and virgilia teasing each other is yuri
13a6ed2b,"is ""known"" in italics supposed to give me a bad vibe"
0f04debb,i wanted to draw this scene but i fear nothing can come close to this
c7120964,It's depressing that both spend their whole life grieving/coping
fa09cb53,barack obama vs colin powell
63518930,this is even funnier to me now that umi3 Santa Claus has actually been mentioned by the witches
fa09cb53,bitches probably gonna ask me for fees too
b4690dc2,lightyears easier than finishing pathologic
162b34e4,Only a 12 day period
a997b01f,Detective Conan has more episodes than One Piece and is also somehow still going
e1688f3c,this is actually so true
e1688f3c,it's a sleeping bag retard
5376ff2f,"tohya like ""yeah I know, shit's fire"""
b58b70f8,u should totally watch hibike euphonium though
ba52ee3b,Also what happened to the last umiden
fa09cb53,damn you need more fibre
e1688f3c,ahggghhggggg  .....!
d25281cf,through gritted teeth he's kinda hitting that shit
7f542ba6,"umi 4, vague answers structure description it has some of both"
2485b0b8,he's gonna love umi 2 red truths for sure
17ce7674,He is saying: you are not thinking about it enough  to understand
a912f63f,yeah I keep mixing up the names
409aa8ed,screams into my pillow
81be09b8,Has Jelly played Umineko?
327e4623,"Wait... if it's still free, then that must mean.... A VACCINE WAS NEVER FOUND....!!!!"
a997b01f,Watch his name be Ginger Redbeard
fa09cb53,it wouldve been easy for him if he studied vro 😔
fa09cb53,friend at the airport rn
1fd2119c,This scene succcks :((
fa09cb53,bro you have tp speak louder and more confident
b4690dc2,I think they remember when there were seagulls crying
5dc7b18f,Also bro wtf was up with Luffy and Zoro using HAKI ATTACKS against children???
daee0717,can i give mine to someone this way
31108803,wait why would asumu suck did I miss anything
bfa4eaa7,we can't post 34 yet tho... so sad
1fd2119c,"""Those with liver deficiencies, often showed great prosperity in business in the Epic family..."""
dfbdeb12,somebody sends a dog picture
e1688f3c,also i don't know if a backend is possible
eef09ada,All 2 doom and umi viewers can corroborate that
e1688f3c,covid sequel announced???
bfa4eaa7,I kinda want to read higu but every time someone talks about it I want to read it less
b4690dc2,I’ve been hearing it so much since it was pointed out
fa09cb53,this like when i name my album death metal and its just alternative rock
b9f82b61,completely unrelated to stream but is it also insanely hot where you guys are today
e1688f3c,no one from that group got up to stop the recording
8e4b9907,Own? Isn't it more like hide? (or warehouse)
b35e50e8,"it varies per episode, as every episode has a different manga artist. In this case I think so"
b58b70f8,the back half of the show is phenomenal
fa09cb53,this shit crazy im going to troll mfs who takes showers here
ba52ee3b,I HAVEN'T HAD TIME SINCE LAST WEEK
fe851805,I don't post all that much I think
bfdf84c8,The tea party is just an entire beach episode novelette
47247786,"Well, Mouse isn't joining us this stream."
f06d395c,It's the most insane theory I've concocted so far
683b95f7,problem is solved if joe drops umineko LMAO
e1688f3c,that's why i don't like cutting my hair
e1688f3c,(can't stop jacking off)
3c6ae2a1,I'm on a months long break (did too much agility and hate the game now)
162b34e4,speed readers finish Umineko in like 100-120 hours
505a43d8,(this is a mario party highlight)
250b0a9b,Some people can unknowingly use slurs very casually when talking about certain health conditions
f06d395c,Fuck I was about to bring it up earlier
fa09cb53,enrich uranium?? how does uranium get rich????
b18daefb,learning japanese with umineko weebs
7e5b9ca6,but maybe not the full length of said streams
81be09b8,"No, people said that about Umineko. JADS has no idea what is and isn't stream material."
e1849ed8,I can't believe Battler says that
162b34e4,I'm like 70% done with AA Investigations and idk if I want to restart with the rerelease ports 😔
2e441894,I thought nipah would be a cliff
fa09cb53,the fuck does that mean
33494d5e,I will accept bunnygirl Nanjo but NO MORE
13a6ed2b,"fun fact, that was posted on my birthday"
fa09cb53,bitches would actually buy cards like steam cards and shit and they would put into the game
e1688f3c,taking a shit right now bro
d64c58dd,Just wait til its revealed that beatrice is also afraid of vehicles
81be09b8,"No, I think she said they had the exact stopping point planned out at the start."
219c8209,"it was maria's fuck you mother, without any external pressure"
60a3779e,"""I built this company from the ground up"""
7e5b9ca6,complained about the witches' tea party
ff63de9e,i got it by like ep 6
fa09cb53,thinking about how to do the weapons and shit rn
eaddc5d1,"HMMMMMM
DIDNT SAY THAT MULTIPLE PERSONALITIES WOULDNT COUNT, THOUGH"
13a6ed2b,people were telling me it discusses and supports trans people
db13175c,"Like I said, Chapter 2 is the great filter"
fa09cb53,if you do tho better avoid oceania nations such as new zealand
13a6ed2b,i am locked in myself
e1688f3c,no way !! ! ! ! ! ! !
c221bc92,are eva and her younger self the same va?
d64c58dd,This is the correct solution
f06d395c,I think it's been said that it's the Italian pronunciation deliberately
daee0717,its sweet on its own
eaddc5d1,so here's more george thoughts to follow up on what i said earlier
fa09cb53,it load smt from w3.org
b4690dc2,Cosplay beatrice and convince everyone you’re real
eae8991a,If Bern tells me to do something I do it. Especially if it’s evil as fuck
a937077f,"Like, for instance, what’s the current discussion"
9e51bfc5,My bet is that it will have a lot of hyper moments and auaura too.
f06d395c,So you're saying Joe's pacing is actually pretty decent
5c3e45cb,i wouldnt know how to write out the kanji mind you thats just IME doing work
0fc6bdb1,this translation for sure!
f0578b25,old man yaoi confirmed
e1688f3c,bro how do i donwload
0b843864,"""Will kill you"" and ""about to kill you"" are the things she says according to the red truth doc"
fa09cb53,well next time buy something from him idk 👍👍👍
e1688f3c,ayo advice animals!!!!!
1fd2119c,"As it should be, I'm enjoying creating and destroying theories that show up in my head"
b4690dc2,"I don't think it's just a power trip, but I do think that's part of it for her right"
621bad4b,but I wouldn't say it's the weakest
f06d395c,I've been waiting for these to show up on stream for WEEKS
fa09cb53,can you figure out what hes having
c73b2cb7,"use a nailmat, don't get comfortable"
d053e1b9,Someone asked this before but now that I'm there I really do wonder
13a6ed2b,my ass does NOT think quickly under pressure
d053e1b9,That's probably what I'll do
5b7aedab,the bottle stories you mean?
e1849ed8,the snail on this comment is craaaazy
7f5df344,oh my god what is this
fd46192f,battler and joe crashing out
a4536011,like the obvious issue is still there but it looks like her
5c3e45cb,what the fuck happened
e1688f3c,hopefully i don't have to get the third shot 😔
31a02125,dress is better yeah
f358d26a,It's just Ryukishi's canon
ba52ee3b,the most important moments were in the reading club
e1688f3c,showing off new inventory
b58b70f8,seeing the beatrick live was amazing
0ef04394,i legit dream about texting people on discord
f06d395c,Lelouch as Beatrice? Pleeeeaaasssee pssh
5c3e45cb,who the fuck was edzar allan pu
d053e1b9,What do you think everyone?
90feb6fc,Oh wait no I see what you mean
a5dedc72,Shannon = kanon theory is so absurdly dumb lol
b4690dc2,I got the league virus when I was a wee babby
53a6e340,crazy lore now undertale is bigger
db13175c,Mari ahhj Soar See Air
0e8ba699,catching up on umineko streams is always entertaining
f06d395c,I think I should get sleep I'm tired
d64c58dd,Yeah there are definitely some
7e5b9ca6,"""noted, add joms to ciconia"""
f06d395c,There was one with an awful AWFUL stealth section and 80% of them were just doing things in an order
b4690dc2,in freshman year I wrote about worm
76bf3cd7,(it's probably so you don't need extra sprites to have the swords)
51a6abb9,oh there's a game in this vn?
653b6fd3,We can find a real solution later
a5dedc72,idk could be everyone left alive
0c247e09,Packing tape merchant
e1688f3c,hey can you tell dungerz that he is cringe
ff63de9e,well there's tea party and ???? but this is the end of ep 3
1fc172f8,Is the morphogenetic field real
f06d395c,Joe has all the pieces
5b7aedab,...till i enter a perpetual state of revolution?
e1688f3c,i have to become woke early tomorrow morning
d64c58dd,in the VN maria isn't even cooked
13a6ed2b,so you were more excited for a more natural english TL than the dub?
eef09ada,Yeah didn’t kinzo have a speech about it
fa09cb53,i will tell dungz you have real 3d penis if you dont send me the blender 3d penis 😳 😳 😳
0c3a67d7,I actually thought it was 3 years but maybe i got shannon and kanon confused
17ce7674,"Well, off to work, I have to teach some kids English or something, will be back"
daee0717,"wife onscreen, perspective irrelevant"
bfdf84c8,"I still hate Kinzo, though"
e1688f3c,breaking bad analysis
14b12b71,COME ON KANON! BE NICER TO GOHDA
b8c9a0b4,so maybe the stream will get me to
d25281cf,so what's your theory?
29178c9d,"well i would just give up too, beatrice spoiled the whole game for battler at the end"
c221bc92,umi ps3 sprites are nothing like the og lol
7e5b9ca6,real i just noticed that
fa09cb53,the chair is portable
621bad4b,a shot put ball could cave in someone's face or stomach...
a4ed1eac,And obv my read could be entirely wrong
2d9323cd,I'm on the Umi train now lmao
9d987774,"""my parents beat me and I turned out okay"""
17ce7674,I am really gonna miss Umineko here
fa09cb53,you in 4 days :ChickenWalk:
70cb8f0d,nah you just go there
b4690dc2,compare him with like
fa09cb53,he killed jfk!!!???!!!???!!!
f06d395c,Yeah it can just be taken as a standalone magic story with an amazing core theme
1fd2119c,"Nanjo is a disney princess, they're at his beck and call"
b58b70f8,"as long as you have love, it can be seen"
fa09cb53,no dental care bel ike
af26db04,right!!!! such a great route
e1688f3c,stuff gone wrong purge
d64c58dd,"Next stream: Battler goes ""what are these, boobs?"" 72 times in a row"
fa09cb53,well laid trap by god
b34c2493,I still prefer the cute girls though
20bf120f,Jeremiahs presence does that to people
94b5b4c9,This actually made me drop the anime
d0fb1a3c,Because it's still not as good
8aca22aa,has anyone outside Japan?
b58b70f8,i feel like ange is gonna judge battler's taste in women
ae10a8f4,Do you have any new general thoughts or are you just gonna leave it for saturday
e1688f3c,start getting used to it
1179fed8,"Okay, Beatrice elevates not being humble in victory to a fine art"
f06d395c,Was that what mouse said about spoilers towards the end of the stream?
e1688f3c,what???????? aka oni??????
ba52ee3b,we're in this together
f06d395c,He still does it with Elantris and Warbreaker
f06d395c,"Yeah not sure why there was an ""in other words"" about the people who got out of the car"
24ea4ff4,130 IQ part should only include harem nukiges with no plot
87df89af,So many redditors in twitch chat holy shit
e1688f3c,yeah so remember how i accidentally printed it out
d64c58dd,umi3 after the suck my balls line he WOULD make a joke like this
e1688f3c,this is all i'm doing
94b5b4c9,I can't even take a normal shower during evening hours in big city
ef91bbd0,Bro we just had a whole convo about how he was just tired chiiiiilllll
7f542ba6,Worm (and other stuff) author
eaddc5d1,"HI VIF, YOUR ART IS PEAK"
87df89af,It being a real pile of nazi gold makes no sense whatsoever
e1688f3c,also which one is antiderivativ
e8ad9e34,"ok, but in higurashi"
c3e052ec,we're gonna end it on this?
b58b70f8,i unfortunately cant send the interview
b18daefb,"IN OTHER WORDS, HE NEEDED A LOT OF MONEY"
409aa8ed,AAAAAAAAAAAAAAAAAAAAAAAAAAAAAAAAA
fa09cb53,awesome i learned math
eef09ada,Yeah battler is for sure alive
e1688f3c,i mean yeah probably
6a9a4ab6,episode 2 made me crash out
f06d395c,I think that stuff's cooled down significantly
0c3a67d7,You guys ready for some wholesome SOL tomorrow
e1688f3c,home address 67 grover street
1fd2119c,"Okay, I didn't actually think about how this was gonna be done"
0f04debb,only sauce mixing i did was ketchup and mustard
7979ec9a,they both feel like google translate
1fd2119c,"Toxic Yuri is cancelled, replace it with Selfcest Yuri"
d64c58dd,you can watch the stage play for eps you've finished likely
b2620544,Because if it is wrong I don't want to be right.
7e6f63ae,I'll reserve this judgement for if they ever show a man getting slapped to cool them off
8f76cfa5,i dont mind him but hes one of the weaker characters
888037f1,"BTW when i say lack of narrative i mean in the ""game"""
078a32ed,"Uminekofullers....,.,"
ba999415,Psy-Chorus made its way into my work playlist
8aca22aa,morgana is probably the least worst option (as much as I'd love muramasa streams)
b4690dc2,"""oh, you don't even know how to use a shell battler?"""
162b34e4,Rudolf got the same chin
fa09cb53,its crazy but looks kind of weird
7e5b9ca6,alright buddy we're tying you to a rocket and shooting you into space
40497259,"I should've just typed out ""Homestuck"" to summon Bulder, now that I think about it"
9e51bfc5,I'm gonna guess Bern is about to happen...
0f04debb,I ACTUALLY NEED TO HURRY UP
30a0ff40,Very random how I'm here now
250b0a9b,Gohda would a Roomba
fa09cb53,me when the light of allah 😎
3635ecbf,I know a lot of people in jads who would dream to be in this position
5b7aedab,like it's almost a good idea
c102de5b,"Small domino: Jesus dies

Big domino: 2000 years later, Toettler"
fa09cb53,these mp4 are like phone sized bro
d053e1b9,I remember it being in the Izu archipelago
e1688f3c,you don't have exams though?
d25281cf,maria is a S tier character.
5b7aedab,now everyone knows you're horny 🫵
8264f965,This expression is so fucking funny
b4690dc2,krauss aurafarming being in this stream makes it cream
409aa8ed,"dude, the age old debate about translation, we divin deep into language philosophy with this one"
b8eaf23d,a lot of repeating in that language
a997b01f,The weebs won't get it
1fd2119c,EVERYONE was just doing shit like
e1688f3c,precognition is a lie
8e4a44e5,"if joe is correct it would mean all the magical fluff didn't actually happen, right?"
ae10a8f4,what part of 4 you're up to
eef09ada,"im in no way lying or trying to deceive you, thats just my view on it"
b58b70f8,thats one thing we all agree on LOL
9d987774,"too much love, abort mission"
fa09cb53,i use a mouse to draw my sprites 😤 😤 😤 😤 😤 😤 😤 😤 😤 😤 😤 😤 😤 😤 😤 😤 😤 😤 😤 😤 😤 😤 😤 😤
d0cb4aa9,I wouldn't post spoilers
e1688f3c,fail just quiz they don't have the word cloud shit 😔
5dc7b18f,holy shit I wanna see more of the story
60863448,that's why he's good chatter
a41e37a5,that'll be tuesday probably
24ea4ff4,RGD also has an overwhelmingly adult cast and no jokes like that
56d90223,Should I also put this one there😭
7829cb39,"idk it really caught me off guard in my reading, i really hated it"
e1688f3c,3 sided highlighter?
b2620544,I'm still on that train
219c8209,I LOVE doctah jhones joke
0be52b7c,I dont think he can stomach 2 hours of hanging out in the house and nothing happening
e43ba5b7,"I'm looking at uploads on Youtube, but it may have been changed since then, yeah."
13a6ed2b,i think maria is too old for cocomelon tho
e1688f3c,ja . ja .. ja... if qllah is rwal then he wikl protet yuo fron my wreath ja!...
ba52ee3b,bro yoiu don't even know how much of a hardcore soda drinker i am
5dc7b18f,alright just confirm the line is not directed towards Maria and I can sleep comfortably
7e5b9ca6,actually he might say he hates it
5b7aedab,what has that got to do with literally anything?
fa09cb53,arm which ever you want bro
b2620544,"Sprinkergate, gravel swimsuits and Shot put ball puzzles were all hilarious and enduring."
d64c58dd,I love the good ol' zenzen dame da
fa09cb53,but but the anime !!!
e1688f3c,you pull up the shirt
83aa7c93,have we gotten past the point where Battler walked in on the game happening near the start?
e1688f3c,when this shit is empty it's going to be season finale for the mosquitos
83aa7c93,Can Battler and Beatrice lose? Battler is dead and Beatrice is witch??
ba52ee3b,at the time i saw that as more like lust than love
e1688f3c,don't need money for now
409aa8ed,i guess i cant take it home after all....
e1688f3c,couldn't wait until 2024
fa7275a3,How do people do that
d053e1b9,I love anime pout faces
fa09cb53,but im sleeping rn 👍
87df89af,"It's a very fundamentally Christian story, unambiguously so imho"
b9f82b61,bunny girl waifu factory
621bad4b,and only after fucking around in the woods for hours
c0bf1352,Can't believe Ryukishi is kinda making me like Erika now
c73b2cb7,Wanna watch me speedrun Umineko?
725720d2,BULLY THE BUNNIES KINZO
2f767d41,at least from 3 onwards
fa09cb53,bruh you probably should have written the number out
505a43d8,"see, to a normie thats an insane amout"
fa09cb53,tryna play somes card for shit and bitches arent even engaged
fa09cb53,"this must be ""the blade runner"""
db13175c,"I mean the official version, since it got announced"
b2620544,A lot of episode 5 is shaping out to be Erika just didnt notice.
29178c9d,saturdays stream coming in hot with 11 viewers
84589370,Why is she like this
47247786,No wonder the Epitaph is so hard to solve. It's written in Japanese.
f06d395c,Oh no there was a moment there where I started getting scared
f06d395c,Maybe 10-15% of the whole thing
b4690dc2,yeah why hasn't battler considered he's just going crazy and that he's the real culprit
0f04debb,it's really interesting how different everybody's rankings of episodes are
bfdf84c8,The famous Candide character
13a6ed2b,Toxic yuri in every universe
56d90223,Yours for being ahead
e329c772,the only way for sg to win
9f2e5620,r/Powerscaling moment with that speed math right there
e1688f3c,extremely hot gooning right now
219c8209,IT'S GONNA BE actually not much worse than persona idk haven't completed it
2f767d41,These were my thoughts after like episode 3 anyway
f06d395c,Or at least he's streamed more hours of P3 than P4
5b7aedab,(still crazy to me discord doesn't have automatic post expiry for channels)
d0d252d6,I thought you and Joe were dating
0b843864,I mean I thought the ending thing was a gag trying to play with Umineko fan expectations
441da1e5,How does he look in the other versions?
b58b70f8,its funny to think Ohba is so misogynist he inadvertedly made his works gay as hell
0ef04394,im back what has happened
8e4a44e5,i dont think you need to spoiler stream stuff
e1688f3c,found it thank you very much
5376ff2f,I mean before umineko
23cb59d8,Because that is too obvious
e1688f3c,since a few months ago
f9605862,The markets could use the certainty
96bf8c05,bg3 is 9/10 definetly
e1688f3c,don't know why but this reminds me of shitty mobile games
df4aa97d,When the edgy backstory is actually pretty fucked up and sad
d0cb4aa9,I dont want to be teased!!!
a997b01f,"It's true, all of it"
e8ad9e34,"that having been said, there are people who have solved the epitaph"
fa09cb53,having individual hair strand is like the opposite of low poly
b2620544,It's not Gohda. It's Bern on Lamba's shoulders
a4ed1eac,That makes perfect sense (in an umineko kind of way) but still caught me completely off guard
e1688f3c,if he did actually then he did a shit ass job
e1688f3c,kanye west going crazy right now
eaddc5d1,"That's my gut feeling as well, yeah"
fa09cb53,very based and redpill bro
e1688f3c,they didn't ban me 👍👍👍
20bf120f,My chains are broken
e1688f3c,ay wtf why you mess with my emotiosn like that
409aa8ed,Guys we gotta remind him that ryuukishi was a social worker every stream
c11040f9,The meta narrative of the meme…
40497259,ohba's hierarchy of bigotry
7f542ba6,probably those should be moved to the spoiler folder
d25281cf,there's a part of gaa 1-5 that blew my mind when i saw it
b2620544,"Okay, the real culprit is Joe after murdering 600 Umiweebs"
f06d395c,I don't like that level of RNG
bfdf84c8,Oh this one is funny
8441b39f,"House, Stark or Duck?"
e1688f3c,which mf did the planning
7e5b9ca6,i bookmarked it years ago and never read it
e1688f3c,that's awesome david
87df89af,Saying it contradicts reality misunderstands what reality even is
fe7bc02b,you are umi 6 you should know
b7287936,gortash armor is goated
ba52ee3b,can't wait until the story starts to make me question if i'm actually reading it or not
e967d591,"I agree, fuck Jujutsu Kaisen"
b2620544,"I mean, that's the only possibility the red truths give?"
fa09cb53,mysterious disappearance of bruh.html
e1688f3c,there was like a thing where you select the times you can meet
e1688f3c,do not pour protein shake on cockroaches !!1111
fa09cb53,you shit yourself when know that i had to mute all the treble frequency due to ear piercing buzzing
ae10a8f4,You have real good chemistry withJoe  and it got even better with mouse
f466ee86,do not chan the guns
13a6ed2b,i'm hyperbolizing but yeah computer literacy is kinda in the toilet rn
409aa8ed,whispers in your ear
73e128e5,great artists are never understood in their own time
e949382e,man that line killed the hype for me jesus
7e5b9ca6,do you think beatrice calls her furniture reddit nation
d54830ca,Insane pin game the latter half of this stream
d5284187,I live somewhat close to Fortnite HQ and I can feel the bad vibes
e1688f3c,and sstarted punching my nose
dd9e2814,Starts to remind me of VLR tbh XD
621bad4b,and at this point she's just trying to give him an ulcer on purpose
b9f82b61,the cheese riddle was fine!!
0fc6bdb1,"ok can we be real here: this is clearly ND coding, no?"
a937077f,I cannot be silenced
d0d252d6,Plot twist it was Coru’s message the whole time
94b5b4c9,and he's often the only one to check the bodies
eaddc5d1,"I don't agree with it, but I like it"
f06d395c,Yeah agreed character work so far has been very good
f06d395c,I completely forgot we're not doing full streams of Umineko
505a43d8,"you can be ahead of joe, jsut dont talk abot anything not showwn on stream"
24ea4ff4,its cause of the world
e1688f3c,the title is actually literal
44721f1f,Bruh that's the best part
bfa4eaa7,there's a better option than pixiv but I dare not speak its name in these halls
20bf120f,I probably won't watch the stream live
fd46192f,"yeah it was great. as i said, i now see why people like her"
eef09ada,Agree with your point
94b5b4c9,I remember some chatter discussing Beatrice being an Italian name
87df89af,The dumbass finally got it
60a3779e,Wow that summary is shittier than the anime
bfa4eaa7,I can't say it here.
ff63de9e,cuz there's no spoiler marks there
f06d395c,Also lot of flashing red lights that hurt my eyes
e1688f3c,what i'm saying is that
40497259,me looking at my grandmother's dogass cooking
a0138967,"This is how ""pogchamp"" became a regular part of my irl vocabulary it is a dark and slippery slope"
ae10a8f4,My opinion of george as a character has been upped a point
d0d252d6,People giving out their theories and thoughts on what happened in episode 1
fa09cb53,on another day though :trollworried:
fa09cb53,"and say ""im morphin!!!!!!!!"""
51a6abb9,i like to think he's fucking traumatized by this point
2f767d41,it has what are you talking about
e1688f3c,better get some lawnmowers too
f06d395c,Case of the Golden Idol
e1688f3c,bri'ish roach more like
f06d395c,Shit I'm barely paying attention
f06d395c,Oh wow they're animated
250b0a9b,"for every uneventful stream, there will be an action packed one"
250b0a9b,I wonder if Joe is going to have steins gate ptsd when  Braun tubes get mentioned  (Umi 3)
0ef04394,i still think shannon is kanon
f358d26a,Ryu stop making silent hill we need more crossovers
f06d395c,Ok that's how it's gonna be huh
aeda0791,This Umi stream chat reacting to something again?
df4aa97d,"believe it or not, Code Geass was actually my second anime ever, at like 12."
fa09cb53,he watches them from the terminal
e1688f3c,dad is giving me 5 million for tet
17a6b71b,I missed this so much
e1688f3c,did you see your grandpa goon how can you be so sure
8aca22aa,its worth it if you like bad things
60863448,ryukishi you've done it again
d053e1b9,I hope your budget is 2500
fa09cb53,home owner association
0c7d56d4,"WAIT, WE HAVE UMIPRO NOW???"
f06d395c,The same 07th mod exists
1fd2119c,"Fuck you, you made me laugh with that"
409aa8ed,higurashi when virjellya cries
1982b5a7,"""Kyrie is the beast of the party""
""More like the DESEASED of the party"""
5b7aedab,"hated it the ""dad laughing in a pained way"" way"
02ff68a1,He'd be less likely actually
f06d395c,I feel like he's a bit hasty with his read. That said maybe I trust Ryukishi too much
b18daefb,that would be incredible
d053e1b9,I am looking forward to it
16651f76,FINALY THE LAMBDA SLANDER CAN END
30a0ff40,when did nanjo bully kannon and shannon 😅  I refuse to believe this
eae8991a,Episode 4 is peak I cried reading that
13a6ed2b,but yeah battler already solved that one really
b4690dc2,god the day when dies irae is finally banned...
0eccefda,rosa barely was on screen
94aea54b,"trueee, and they got fuckin owned, which is appropriate"
f06d395c,Joe's already admitted to liking the buttfangs how much worse can this be
409aa8ed,its more likely than u think
fa09cb53,i snuck the pic and it was from putside
fa09cb53,still playing genshin impact or smt during class doe 😔
637beb8b,so many good options
ba52ee3b,WHAT DO YOU MEAN XEPH ARENT YOU PLAYING UMI 3 RIGHT NOW
5b5d9821,Is it weeb to watch Japanese non-anime movies?
fa09cb53,im pretty sure those are series and shit
13a6ed2b,is that weird? kids are usually cute
fa09cb53,or jusst try turning down its volue m
1fd2119c,"""Man who only played DDLC playing his second visual novel""
Him: Getting some big DDLC vibes rn"
bfdf84c8,"MoA, what is the approximate percentage of well written endings?"
056f5f8d,the story is edgy shit
20bf120f,Honestly not worse than what Gorg is already doing
fa09cb53,fucking awesome moment when midget is chased by grown woman
fa09cb53,where will you post thig
e1688f3c,maybe i'll just spend 3 so i can do funny things with the test
ecece11b,"Doesn't like chat interaction or gnomes, hates fun..."
17ce7674,I am 100% convinced that magic isnt real
aa8f5f2f,I like how chat lost their mind on it
73e128e5,like it accentuates the scene rather than inserting a new mood into it yknow
d64c58dd,I'm taking a big logic leap guess about the reason why I say 2 you should NOT trust that information
5dc7b18f,"Umiheads, do you think I have enough time to get food before Umipeako is started?"
db13175c,Starts when Joe's last stream ended
d64c58dd,Neither because then I’d have to reread umineko
b58b70f8,beatrice getting cucked the same week rent a gf ends
7979ec9a,what about the lip sync
83aa7c93,"not gonna lie, was hoping he'd be hotter"
87df89af,ep4's such a nice change of pace in actually exploring wtf is going on beyond the shallow murders
d053e1b9,She was six at the time of the rokkenjima thing
e43ba5b7,"> ""Do you know of the resurrection of Jesus Christ?""

actual line from higurashi"
fce5d05f,Angel mort is a metaphor for society chat you don't understand
e1688f3c,damn bro in history class right now
c73b2cb7,i can imagine it would be nicer to read in italian
e1688f3c,no idea what this is tlaking about
72661a6c,if you just want full spoilers then go there yeah
7e5b9ca6,i knew once but i forget
eaddc5d1,"fun fact, this was the first piece of umineko media i ever saw"
f06d395c,Both other times I was shocked have been in Worm
409aa8ed,i like ur metagaming theory 1
162b34e4,It looks like George isn't in S tier. Would you like to change that?
7c7377ab,furry hackers most of all
b4690dc2,self insert ange-fiction is amazing
73e128e5,1 clove of garlic is sufficient for like idk making up 1 single burger patty from scratch
20bf120f,"The only thing that they could discern about the body were the toes, right?"
07e46c25,Nothing ever happens
e1688f3c,dlc catch number 1 unknown species
02ff68a1,It's for inspiration
8441b39f,Yeah I think this is bullshit too
e1688f3c,mf told me to go onto microsoft store to claim my program 😩😩
6cd41a0f,Umi 6 end feathrine also offers her tea in the ending
d053e1b9,I'm just going to read the manga
b9f82b61,of course you fucking do you little piece of s-
ba52ee3b,where do you people get the joettler emote from like actually
db13175c,was so tempted to shill higurashi in my resub message but im not evil
fa09cb53,bitches not gonna understand what it is from first gland might want to make i clearer
13a6ed2b,spectrogram of the song
e1688f3c,libtraard destroyed ! C! ! !
fa09cb53,too late i already posted
ae10a8f4,battler and beatrice are in purgatory
e1688f3c,am i supposed to hear sound????
c5c6f49b,so let me get this straight
d0cb4aa9,So umineko has better defined and different characters and personalities?
e1688f3c,wtf have you never heard of that guy
f06d395c,Yes the similar conversations with Kinzo
1fc172f8,the vibe shift kills me every single time i see this scene
db13175c,God festivals hits so hard
0f04debb,No no it's just that he stopped on a chapter with erika in it
8f76cfa5,and because its better than george and shannon #TRUTHNUKE
fa09cb53,"maybe work if you call it ""battle theme edition"""
1fc172f8,Hope your internet comes back up soon!
e1688f3c,man i'm in class right now
73e128e5,yeah battler is 18yr old as fuck
e1688f3c,spent blood tears and sweat on these achievements bro (k bob allusion)
bfa4eaa7,ermm it's actually two words
17ce7674,Umi 5 is Lambadeltas game with a detective
20bf120f,I almost posted something unhinged
17a6b71b,Lambda this fucking sucked
16196e15,bro gonna write an umineko length post on the history of him getting owned 💀
23cb59d8,Has he ever played any other CRPG before?
d053e1b9,I always thought using honorifics in english text was a little jank
b4690dc2,"and since tedzumari is used much less than tsumari, it never got the same simplification in spelling"
b58b70f8,this edit is so good
b8c9a0b4,i think dungeon meshi as a whole is like an almost perfect story
70cb8f0d,I remember it being pretty good but I was like 14 when I read it so take it with a grain of salt
02ff68a1,"we should have a slur that's only for george, and doesn't offend anyone else."
ff63de9e,look for second hand stuff on buyee lol i got all of the ep 7 manga for like 80 dollars
fa7275a3,Rosa is pretty scary I would just stand there too
daee0717,i’ve played these games before
eef09ada,I don’t like this scene
7e6f63ae,hi oomfie this joke isn't allowed on jads
bfa4eaa7,i binged umi in two weeks because i literally could not stop reading
db13175c,umipro has more poses
0be52b7c,Maybe it would have made more sense if George was like 20
63518930,its mostly subjective but most ppl here prefer the umipro translation
db13175c,if u go in any polish streamer chat
5831cf1c,"I'll probably get a small spoiler but I'll go look, thank you"
0be52b7c,"Like st peterburg or something but in Japan, or maybe a shinto shrine"
87df89af,"Until we finish the VN, yes that's certainly true"
fa09cb53,"every single day, while watching anime 🔥 🔥 🔥 🔥 🔥 ✍️ ✍️ ✍️ ✍️ ✍️"
13a6ed2b,yeah im glad im gonna finish during joe's break
ecf3ed35,“Say thank you shannon”
df4aa97d,"perfectly parallel, never touching (exept that one time)"
6b890d58,I am going to eat again and then stream Lies of P if food doesn't make me sleepy
ae10a8f4,"I heard in jp, his prose isn't as bad as english, but it's quite average and kinda a sticking point"
f06d395c,Yeah no stream info is fine
b58b70f8,is he playing immediately
e1688f3c,switch to dubstep drums sound so loud
b9f82b61,are we really doing FF6 before E33 lmao
96962f09,she time travels....
7e5b9ca6,actually would be interesting
b4e1f40d,have you talked to neurodivergent kids
47247786,THEY EVEN HAVE A GUY WITH GLASSES STANDING TO THE SIDE TO EXPLAIN THEIR MOVES
7e5b9ca6,tbh i like eva and hideyoshi more than natsuhi
b9f82b61,someone get this man an editor why is this in here
b9f82b61,what the fuck are buttfangs
e992b791,You haven't been tuning up to the streams? That was shown there.
d64c58dd,Silent hill F gonna be good
ba52ee3b,"umi 3 everyone's still alive for me as well dw, has ANYTHING happened yet?"
fa09cb53,it doesnt sound that different though so i ignored it
bfdf84c8,"I really like Gohda's role in the story.
Just a normal guy"
51a6abb9,his tie bothers me so much
d64c58dd,I ALMOST FORGOT MY OWN THEORY
e1688f3c,then i lied down a bit
1fd2119c,"I love you too much I'm afraid, I saw everything"
d053e1b9,His name must be 2 then
ba52ee3b,IS SAKUTAROU A CHARACTER
c0672680,"it's great when ""actually you can't do y"" comes 16 hours later umi 4 i guess"
d25281cf,"its like getting a shot, the anticipation can be worse than the deed"
fa09cb53,but also talk to him
2485b0b8,Start of ch/ep2 higu
db13175c,it's like. unironically just japanese
31b3f300,Are you done with 100 line?
fa09cb53,yeah but fucking makesure yo mama dont click on no fake ass link
8f76cfa5,frieren have u seen my umi theory chart
d053e1b9,I just like to touch windows as little as possible
31a02125,it's getting an english release
c73b2cb7,If only Umineko had the writing quality of Disco Elysium
b58b70f8,cos shes also crying while reading the dialogue
725720d2,Just get coruscant knave to blog here
e1688f3c,do you remember what happened 3 days ago on october 7th 2021
fce5d05f,That's the only reason + people saying it was dumb
eaddc5d1,"damn
are they 3d models???"
e1688f3c,dumbass numbers on the screen that be blocking view
6cd41a0f,Honestly im a basic fuck and like reimu
a997b01f,"I haven't done the toss yet, so no"
5376ff2f,what Virgilia didn't know is that Krauss is a Knicks fan
e1688f3c,the difference is that they get pay retard
e1688f3c,didn't even really find it funny
bfa4eaa7,the height complex is real
a11b1797,or was he just chosen in advance
7b056647,I love battler so much
725720d2,(Not like that’s the only reason but you get what I mean)
e1688f3c,last one doesn't have the
7e5b9ca6,i dont even know what else to say
63518930,10 feels pretty low tbh
ff63de9e,but hey at least i know them REAAAALLY well
441da1e5,God this jumping between the planes is making my head spin
9ffae087,"he already voices all the women when he has no guests on, wym?"
b9f82b61,truth is valuable in itself
13a6ed2b,the 20th anniversary is in like 2 years right?
bfa4eaa7,"that's true, that'll do it"
13a6ed2b,"wow, i had no idea they picked the name first"
b58b70f8,if ryukishi released higurashi and umineko with those janky ass sprites
6c6ab8c5,the magic fight is actually one of my favorite ep 3 scenes
da0c8d98,Ngl outside Ronove rudolf is my favourite dude
810fde7b,what kind of jam is pink colored
f06d395c,What a waste if she's just one episode and then only shows up near the end
eae8991a,Witch senate ‘exists’
fa09cb53,mfw when dog racism 😬
e1688f3c,god damn bro trying to export the font i made from gamemaker right now 💀
1fd2119c,"OH SHIT I didn't even notice, I thought it was just a normal cat thing"
d0d252d6,i don't think you should but do your best mouse
e1688f3c,especially with those other instruments
31108803,Literally fragile but not that fragile
6d468d99,just a lot of overcooking
47247786,Joe got so mindbroken that now even he's UU-ing
24ea4ff4,meanwhile in the russian language there is like a billion ways to curse someone
6a498361,there will be a race if everyone believes
daee0717,this is permanently on his OBS scene
ba52ee3b,that would be so funny
7b564ea9,Have we ever seen Nanjo and Beatrice in the same scene before?
d64c58dd,I know that's a lie because I'm pretty sure I've read the scene that's from in the VN
e1688f3c,bruh firstly he didn
fa09cb53,> How music is just autotuned nigs and basic blandness?
e1688f3c,so if i get a6 million scholarship
c73b2cb7,if this isn't you sounding like maria I will be dissapointed
83aa7c93,THEY ARENT LOLLIS OFF TO A GREAT START SO FAR
d37288cb,I have enough character
a72309aa,Banished to the darkness
fa09cb53,because the houses are already shit price 😤
df4aa97d,"```ansi
[2;31mit's peak[0m
```"
d8b37c35,i forgot at what he is at
7586ad7c,Currently just talking about a different game
0f04debb,"they call this a sound novel for a reason, huh"
c73b2cb7,i can't tell if it's a joke or not
daee0717,i need to work on my thingy tonight...
2e441894,Please tell me the cursed lips aren't actually gonna be a thing in gold
e1688f3c,earlier i went to take a piss
e1688f3c,doing grappling hook first
e1688f3c,also mp bar at the bottom too
b58b70f8,i love that scene sm
70cb8f0d,just read the rest of Umineko and join us in Umiful
fa09cb53,how do i create bing xiling os type beat program
e1688f3c,i'm shit at vietnamese
e1688f3c,but instead of pepsi it's beer
fa09cb53,new program with le array!!!
2e441894,Devil Survivor if you can count that otherwise it's Ace Attorney
e1688f3c,apparently new street fighter game
d64c58dd,as in the ones I have saved
24ea4ff4,"yeah, one more like that and I'll have to become Lambda07 alter"
fa09cb53,you can mirror it doe
e1688f3c,now this but all other directions 💀
409aa8ed,(enjoying myself thats what)
3161237a,Wouldn't the hatchet leave a visible wound? (Outside of the stake)
e1849ed8,Hit really hard with Rosa during the tea party
b2620544,He could but never stopped to think if he should.
76f65394,JUST NOTICED HOW BAD THE HINT IS WHAAAT
13a6ed2b,"yep, nagito and makoto"
b9f82b61,NOOOO THERE'S GONNA BE MORE ERIK IN EP6
7b01763e,umi full tbf umi doesn’t do this until ep5
b9f82b61,jelly is making sakutaro soda rn
b58b70f8,make him read subahibi instead
f358d26a,“I have a complex” and some stuff
fd46192f,nah i think there's a difference between alibi and red text. also battler is lying
bfa4eaa7,"I think your line of reasoning is interesting, but the first red clearly states ""Jessica's corpse"""
219c8209,i mean we have 3 streams for joe to chill
d053e1b9,Is it just a misspelling that stuck
f06d395c,Yeah I guess that's why she found Maria so quickly rather than needing the cousins to help her
e1688f3c,life hack for you buddy
ff63de9e,love triangle 'exists'! uu wa2 IC
f06d395c,And apparently this is a Reload original? That makes it worse!
daee0717,ryukishi's bastardized version of knox's 9th etc etc
31108803,best ep for me so far
d64c58dd,kim is a stablizing agent of the detective
e1688f3c,is that the first clause of the title
db13175c,oh yeah there's this one that sounds like an ace attorney track
8b197101,Weebsand stiens gate
fa7275a3,4 days of umi a week would be fine if they are spread out throughout the week and not all in a row
219c8209,Just to dunk on Erika
7b01763e,kanon's been angsting
219c8209,who the fuck is James Monroe and why he have a subreddit
e1688f3c,damn traitor!>!>!>!>!!!!!!
409aa8ed,i h8 witches -- rosa probably
fa09cb53,3rd year is the 3d stuff if i remember correctly
e1688f3c,damn bro ngl this shit is actually fun
fa09cb53,technojeff will be real
f06d395c,It kinda got brought up recently. Joe mentioned it in the Doom stream
40497259,10 tons of reddit gold
e1688f3c,holy shit just discovered that reddit avatars are nfts
84589370,Of course she has blue hair and all caps at the end of her SENTENCES
bfdf84c8,Will can actually combine more than two thoughts together
17ce7674,Battler figured it out
af26db04,yeah good clarification
d37288cb,and also comes in a strong zero can
d0cb4aa9,he just said hes working on a new one
e43ba5b7,"manusenpai, is that the umineko fandom representative"
29178c9d,"where's the ""im watching it on youtube"" option"
8441b39f,The hype is worth it
fa09cb53,average taiwan citizen
d053e1b9,I love the sisters very much
7c7377ab,Her name is kraus ayrimorihsu. maybe higurashi
b4690dc2,and I liked vns at the time
949814c4,Its a back of yu gi oh card
d64c58dd,they are umi4 small bombs disguised as witches disguised as aliens
fa09cb53,i wont do what you tell me!!!!!!
fa09cb53,woah i cant believe messi was an arsenal fan
1fd2119c,Big fan of it's implimentation in Umineko
b58b70f8,did he just say moo tai
b2620544,"I know now, without a doubt why Ange has no friends."
29178c9d,guys remember last stream when he started after 20 minutes
73e128e5,be real is m zakky actually a name of a composer or are you just taking a piss rn
5b7aedab,don't buy the novelty _Umineko_ theatre-only candy pack. it's.... revolting
df4aa97d,and apparently beato used caramel candy to reinforce her magic in marias mind
7e5b9ca6,eh yeah it kinda is but you can mix it up enough
d0d252d6,Y’all excited for today’s stream
5b7aedab,constant new bangers
b478b463,Umi full both contain a suicide note 💀 
fa09cb53,sorry bro you failed integral this year doing it again next year 1 billion money wasted
5376ff2f,maria and ange just playing with dolls
c73b2cb7,"it's like actually saying, ""I like this person more than you"" which is reallly fucked up"
e1688f3c,i know it's a repost
b4690dc2,oh wow is he finally out of muncton?
fa09cb53,it started when i was doing jt
fa09cb53,watch from the command line bro
13a6ed2b,unless you ask really nicely
7e5b9ca6,i watched a video on it once
a5dedc72,I think it's reasonable because she thinks someone there is the murderer
30a0ff40,I don't think stalemate works for him
da0c8d98,Damn librels making muh umineko WOKE
b4690dc2,it's an umi sandwich!
d64c58dd,I don't understand what I'm looking at
e1688f3c,if i were you i'm not going to anyways
60a3779e,You joke but wait till Joe gets to umi 9
f358d26a,It’s like something out of early-game silent hill
fa09cb53,bitches dont get fever and shit i think
fce5d05f,how did they allow him to do this
d053e1b9,umi 4 The gut punch at the end I think makes it worth it
3c96715a,Didn't it reach midnight during this chapter? I don't remember
e1688f3c,grove street full of bloods
0f04debb,"oh yea, he said he was turning 23 during the conference so he would've been 16"
13a6ed2b,this is how i feel about zero escape but maybe i just dont get it lol
e1688f3c,human traffiking operation caught in 4k
0be52b7c,"This is all stuff he himself said, im not even paraphrasing"
20bf120f,I just saw that one was green and kinda ignored it
ba52ee3b,you chose rock and i scissors i wi
fd46192f,it would be her sin at least
ba52ee3b,3 marias in a dress theory spoiler
b9f82b61,i can't believe Jeremiah was fucking right about the mystery not mattering
e1849ed8,Battler looks like a fucking Tales of protag
0b843864,"Yeah once 1 picked up it makes it hard for me to call it the ""worst"" because I was still hooked"
ba729249,Featherine is just kinda chill while Hachijo wants to rub her superiority into everyone
02ff68a1,I'm very fuzzy on 3 in general
f466ee86,there is a 1 in quadrillion chance that joe makes a umineko video
e1688f3c,holy shit chaien from doraemon??
94aea54b,"With the kun revolution, you could make a Son Jelly"
db13175c,that's the best recommendation you will ever give me thank you i will read it
e1688f3c,have to because event tomorrow
70cb8f0d,I've been hung up on this for the last 3 hours and it was a fucking compatability issue omg
7e6f63ae,"That's fine, then just drop it"
fa09cb53,im not speaking retard!!!
fa09cb53,thats why im adding shit to it
ae10a8f4,"There's a reason why joe keeps mentioning ""Wow, george is so cool, it's a wonder he's still single."""
fa09cb53,and when they got the offer
f06d395c,I'm crashing out so hard right now
fa09cb53,anyways just waiting for csgo to happen
d64c58dd,barrels... like THE BARREL OF A GUN?
1fd2119c,NOT INCOMPETENT BY THE WAY
f06d395c,I feel like Kanon might be both an actual person and a persona of Sayo
621bad4b,georms is very funny to me
29178c9d,we need a guest for end of 3
73e128e5,he's a breast sommelier
24ea4ff4,but I would not be opposed to a jads spinoff specifically
0eccefda,i would also like to know this
b4690dc2,some people on jads are also streamers? but I have no idea if mouse is
d2cbae83,Tiny food bombs is almost more sane
e8769870,once again i arrive right before a break
13a6ed2b,to my understanding it'll be the only version that allows you to swap between all sprites
a912f63f,"sure

here specifically circumstances conspire beyond that to make women the heirs though"
bfdf84c8,Nanjo is one year away from being able to star in Spaceballs
8e4b9907,"Yeah, he's probably not that closely involved with all visual elements, being only the scriptwriter"
24ea4ff4,I literally love almost all the cast in higu
162b34e4,Think of the alternative universe where he LOVED steins;gate and never touched Umineko
8e4b9907,When the protagonist is incompetent 😔
47247786,"I'm sorry, but Andrea Dworkin would actually run you out of town for defending this."
d64c58dd,I'll be honest yeah that was probably intentional
f0578b25,worldenddominator i think?
60863448,being this deranged over mid is funny
d64c58dd,"ok maybe I shouldn't say ""shitty"""
f0578b25,i dunno i think they're pretty interesting?
b9f82b61,"Eva: ""Our noble father, flushing himself down the toilet?""

Rudofl: ""Skibi-"""
b569c490,doujin does not mean fan made porn
73e128e5,it's still normal kid design just don't be weird
02ff68a1,I dont think I'll do that; I dont think i could recall it all.
7e5b9ca6,yeah but maybe not for what you're thinking of
5c3e45cb,if any fan artist reads this good job
ecf3ed35,It seems You have a crush on george
ba999415,"Can we see your keyboard, I still remember the horror stories"
20bf120f,"This is the natural progression, I'm afraid 🙂"
e1688f3c,oh nevermind it just finished
da0c8d98,Anyway this convo has gotten the song Morph by twenty one pilots stuck in my head
31108803,ten thosand chatters
fa09cb53,aight fine rocket league
bfa4eaa7,like how are you supposed to actually make a living
fa09cb53,"honestly just make the ""hp"" comes with the bar and keep the text in the text box the same vro"
b4690dc2,but it kind of isn't lol
c73b2cb7,Nah fuck them don't be nice
219c8209,"Yeah, idk how you can sell umi without like 30 mins of exposition"
1fd2119c,This was actually during today's stream
fce5d05f,He's loving it too much
96bf8c05,this is to make you more immersed in the bullshit
e1688f3c,just finished half of the tube
e1688f3c,i can contribute 3 monitors
daee0717,metaphor was fine though
0b843864,8 > 7 > 4 > 5 > 2 > 6 > 3 > 1
b2620544,"Didn't even need to trick them, just nudged Krauss to practice his Moon tourism speech."
b4690dc2,"I've never seen it actually, I think the only satoshi kon I've seen in paprika"
d25281cf,Do you have a source? Very good image
b621b1a2,Did he just start ok the story?
ff63de9e,but you can read deeper into whatever you want
f06d395c,I wanna be in the VOD
d64c58dd,that'd be the ultimate umineko
fa09cb53,i just wasted my turn on “sudan space program 2021”
fce5d05f,though they're pretty bad since they were done with AI
015b370b,Joe is going to love the red Umineko 2
e1688f3c,i do not see the connection
d64c58dd,Actually good point ani
f06d395c,When's the 1000x Resist stream again?
7b564ea9,The TRUE AND FINAL layer of umineko reading is george slander though
fce5d05f,Important question: Pepsi or coke?
a14d6655,I realized and deleted accordingly. Must you hound me?
e01533e7,"Shit, now the main character of ""The wizard and the dragon"" will beat up Battler!"
5b7aedab,"You're welcome, ᴄʜᴀᴛᴛᴇʀ"
fd46192f,it honestly does feel like a really big setup for something
fa09cb53,must ve forgot to pay the bills
5b7aedab,jeremiah doesn't eat the crusts
fa09cb53,it also included the n moment clip 😳😳😳
29178c9d,can we get mouse to cackle while they theorize
e1688f3c,i am helping bitches delete genshin thing
4bc7d1ba,THIS GUY CAN'T RED TEXT
b4690dc2,"jerma puts him in a meat grinder, nothing is left but one disbelieving eyeball"
d64c58dd,I think we all are thinking of the same thing
fa09cb53,you getting the wisdom teeth removal
02ff68a1,"Ange Ushiromiya
Died in 1998"
1fd2119c,Stream tomorrow is gonna be so peak
83aa7c93,So Ange killed herself and mid fall did all this and now hit the floor?
30a0ff40,I almost wanna click
20bf120f,I suppose umi2 george is different from umi1 george
d25281cf,yeah the jp dub is phenomenal
0ef04394,"now my question: for those in the know, is it worth it to reload to get them all WRONG?"
0603b98f,"this is me but my main reasoning is that for a lot of the murders i can only go ""idk"""
e1688f3c,the wheels on the bus nightcore
f06d395c,SHIT I was thinking of another story in a similar vein and now I'm completely lost
fa09cb53,xien zen ai yo bing chillign !!!!!
d25281cf,I just wanted to post girl battler what is happening
70cb8f0d,least time consuming VN reading advice be like
21bd6810,Umineko has some staying power as far as stream memes go
b8eaf23d," maybe my brain for pacing is just ruined after wano, I though egghead was about right "
fa09cb53,shit yourself... now!!!!!!!!!
fa09cb53,internet humour for idiots: your best guide to yo mama jokes and funny cat images
fce5d05f,he only has a rena figure on his desk because he knows who the best higurashi character is my goat
fa7275a3,Yeah I agree with that
fa09cb53,nah is epic win cuz he on da beat
3c96715a,Can't believe he's still single
30a0ff40,"Oh yeah I think it was, but yeah you get the point 😂"
fa09cb53,just woke up epic style
ff63de9e,this shit was hilarious im sorry higu 5
b088e603,"""didn't I warn you over and over""
Rosa umineko was always this way"
ae10a8f4,Dude must of really hated the family huh
409aa8ed,"this is still the greatest owning ive ever received, incredible"
219c8209,"i mean, I looked up and zts have much more than 8 tracks"
e1688f3c,\walks aways camera zooms in on mouth\ hehehehehe (noi nho)
bfa4eaa7,it's not even something that happens in the story
da0c8d98,Umi 2 there is it’s Rosa backstory etc before 
24ea4ff4,and the style is imitating natsumi kei's manga
fa09cb53,working on game rn later
fa09cb53,it both dx basses probably why it sounds the same
ecece11b,Continuing would be mighty convenient for me
7e5b9ca6,p5r the shipping started in p5 i think royal adding to it was relatively minor
20bf120f,"You say that, but I don't actually know it's true"
e1688f3c,was wondering why there are so many ac units outside
e1688f3c,maybe i should focus on one
e1688f3c,the only thing i don't like about
71084104,I recommend giving it a read
53a6e340,this is umifull content let’s not leak it to the masses
daee0717,you do not understand any circumstances have to hand it to the girl who bullied a 9 year old for fun
a0fe91b3,"thanks for this mention, I haven't actually read this one. looks really interesting"
fa09cb53,we would have to rely on our retirement fund for the future
d2cbae83,Bait just instantly turns into infinite recursion anyway
505a43d8,"Wow, kitten discrimination"
505a43d8,"steam unmodded has mangagamer and ryukishi sprites, with hotswapping between them"
02ff68a1,"the rare sad and somber ""Ohhhh, eva..."""
db13175c,trying to talk without bias here
6d468d99,he might drop it here 🙏
e8769870,I've heard they got announced but I've forgotten when
3635ecbf,What the fuck is homestuck even about
b8eaf23d,it's also thundering loudly
56d90223,I have to be honest with all of you
76d9877b,🌂 it's a pseudo-episode 9 that came out years later
d053e1b9,But I get what you meant
daee0717,umineko no naku koro ni
17a6b71b,"Too bad, more purple spiral for you 💜"
f06d395c,Well I mean that there's a goal now
fd46192f,"i really liked 5 too, but i prefer people actually talking back to erika in ep6 so far"
fa09cb53,oops tryna share video rn
b4e1f40d,"""diddygatari ahh media"""
ae10a8f4,WHAT WERE UMIFULLERS SAYING THIS WAS GOOD NOVEL?
13a6ed2b,"ah gotcha, i think the name of it being ""cap"" didnt help me lol"
fe7bc02b,NOT NOTICED THAT MARIA WAS DRAWING SEXY TEENAGERS
29178c9d,so i hope he finishes tuesday
56d90223,To prove I could make a better scene I will draw Maria
d2cbae83,I'm also thinking that those times Kumasawa 'retired' it was to serve full time at Kuwadorian
ba999415,So people dont need to jump into possible spoilers to reference it
87df89af,My brother we are all the goats
23cb59d8,Maybe the parts before the wind and cloak thing with Virgillia advising Beatrice were true?
17ce7674,So I have to choose between interacting here or in Umi full?
40497259,I love the way your brain works
ba52ee3b,you could actually spoil me
9e51bfc5,This one looks good. Very mature Ange vibes
bfdf84c8,Episode 1 is still great
f06d395c,Careful Hannah. You're starting to sound like me when I talk about Higurashi
219c8209,I missed like an hour of stream due to sudden health thingy
fa09cb53,mom divorce tears up
17ce7674,But I don't believe in magic
250b0a9b,Battler was caving to Beato and she asked him to get naked and stuff
e1688f3c,i will send when the first frame finishes rendering
7829cb39,I had never even heard of it until it started getting mentioned on Joe’s stream
fa09cb53,hes forgot about the .dur part and lost point on that
621bad4b,it's like orwell's two minutes of hate
1fd2119c,"Nah this is usual Epic behavior, taking way too long to do something"
d64c58dd,that's a really fun one
b58b70f8,this is high treason to the senate ill have you know
e1688f3c,that the fortnite bus???
a997b01f,You mean you have a Deadmanjo Switch?
505a43d8,"They usually do, but the name of that chat doesn't really lend itself intuitively"
5b7aedab,"maria was revealed to be the child of God, risen again to forgive all our sins"
0603b98f,5>2>1>3>4 for me but also feeling like i need to make the disclaimer that i like all episodes so far
b4690dc2,her boyfriend's name is john
ff63de9e,granted shipping will be really expensive
87df89af,Even Vergil was placed in Hell. Culpability by association maybe?
f06d395c,I've never been to a strip club...
0fc6bdb1,V   I   N   D   I   C   A  T   I   O   N
5cd74cc2,george gets negative aura everytime he speaks
219c8209,IT was SOOOO GOOD to have backup on Joe's side
daee0717,anyway i haven’t decided what to stream this week yet
1fc172f8,i love the desu ne innit post
1fd2119c,He says Ange with the same annunciation as Joms
fa09cb53,bro what if you get the boiling water and cook noodle with it
fa09cb53,are you allowed to exit campus or you trapped
bfdf84c8,I don't think they're going shopping there
e1688f3c,he's probably spending his own money too
20bf120f,"Oh no, he killed Nanjo and Kumasawa, we have no idea how, but we also killed him"
fa09cb53,want to play math intensive gmaes
df4aa97d,So after tha saku arc you'll switch to Kanon?
72b922f5,disney princess drone strike
e1688f3c,so i have to do copy an dpaste
c5c6f49b,is she reading the fuckin necronomicon what is that
637beb8b,"it does, do not watch/read if you are not an umifull"
20bf120f,But if he was just Genji supreme...
b478b463,my parasocial empire is crumbling
b4690dc2,see I do that all the time spoilers or not
e1688f3c,trollage es completado
94b5b4c9,But I do think BG3 shows DnD's strong points perfectly
fa09cb53,anyways you should remix premonition
fa09cb53,you have to have some loud ass synth in the chorus bro
db13175c,Saku had a PC port announced in 2019 that got messed up because of Ciconia iirc
0be52b7c,"We just dont have enough Love 
Can't be helped"
0be52b7c,As if we couldn't tell from the maniatical laughter that proceeded later
7f5df344,iirc ep3 had significant changes bc of ep2 reactions?
e1688f3c,i added a shit ton of notes
2e8f221e,joe is the most right he's ever been
fa09cb53,but swee lee is in saigon
02ff68a1,"I take them as being something of a metaphor for ""Sayo's visualization of love as a struggle."""
f358d26a,Easily missable too if you just don't bother with the monokuma gacha
83aa7c93,but Lip Syncing sounds like it'll just look weird
621bad4b,why would you ever need a specific room key?
f06d395c,She was a Detective in game 5 but she's relinquished that authority in ep 6
b7287936,im on central eu time so 6pm to 12
e2dd6606,"during fanart, but my personal headcanon is that it was during the towers ye"
a5dcb22f,"Not to be rude but I don't see how you can watch baseball and only now think, ""wow this sucks"""
e1688f3c,troll.com brnigs you to
7e5b9ca6,unless we really get into it
d14f2ac1,He’s just a stuffed animal!
d64c58dd,I close my eyes whenever they do magic (post spoilers)
07e46c25,it's fine to keep it up it's not like you can tell
60863448,pre wouldnt be very interesting
56d90223,"Unfortunately I’m reading ahead, and unfortunately I can’t tell you guys how I feel"
81be09b8,"When they say ""tips of the hair"" they actually mean ""not on the scalp."""
8441b39f,Ok this mf doesn't have the right
bfa4eaa7,i used to use paint.net but it's so much worse than photoshop
13a6ed2b,what if i wanna kill both with hammers
eaddc5d1,I wonder if there's any merit to contrasting this scene to george and shannon's date
725720d2,BATTLER LITERALLY BETTER WITH KIDS THAN THE ACTUAL PARENT
b9f82b61,yeah i don' think i would've persevered on my own
fa09cb53,dontt use vietpn use the cloudflare warp thing
c73b2cb7,umi 3 well ronove is in it 
00d5165a,"she's so gross

I love her"
f06d395c,Rosa took one at the end of ep 2 and it is remarked that it is very heavy
fa09cb53,also john podesta be kinda hated doe
87df89af,So much better than Battler
f06d395c,I dunno how interested I am in the anime. The OG anime at least seems quite poor
8264f965,i mean my bullies would literally just follow me
6b890d58,I'd accept that tbh.
7b056647,"The definition of VN for me is ""is it on VNDB"""
bfdf84c8,Why am I being joewtf'd
e1688f3c,making me feel nostalgic 😔😔
e1688f3c,5+3 is 7 bro he probably eating dinner or some shit
fa09cb53,my life is like a video game
fe851805,"Oh yeah that's the whole model
You get junior witches to do the hard work"
e1688f3c,i'd like to think so
d25281cf,"The One-Winged Eagle is engraved in your heart, Ushiromiya Natsuhi."
1fd2119c,"BUT WAIT, THERE'S MORE"
5dc7b18f,His face looks way too pronounced and his eyebrows are ruining his aura
048fc8de,"part 2 is so good, underrated fr"
94b5b4c9,"DONT SNAIL ME, ZTD IS SOMETHING DIFFERENT"
20bf120f,I am not going to lie
d64c58dd,"instead of useless it's ""no goddamn good"""
13a6ed2b,if it was Eric i cant believe he'd never let it slip
d2cbae83,Very true but I think that is just some other angle not that there isn't anything going on
e1688f3c,with cutscenes !  ! ! !
b18daefb,"easier to pronounce it like ""tom"" instead"
b4690dc2,would you still love me if I was furniture?
4e2a80fc,ドミノス  ピザ is six characters 🤔
6cd41a0f,Well i mean at first glance ofc looking at tips yeah its obvious
60863448,not unplayably bad ig but you could definitely feel the polish diff
7c7377ab,ocams razor means the simpilest solution is the answer
b2620544,And will is literally the Ryukishi sockpuppet
df4aa97d,"Steam with the 07th mod patcher installed, using original music and ps3 sprites."
b4690dc2,witch sae is so gross man
f06d395c,Depending on how this ends 7 might be my favourite
250b0a9b,Cant wait for the start of next stream to continue with that interesting Kinzo plotline
7e5b9ca6,it only covers the first four episodes
e1688f3c,man guy in front of me been doing gpt coding for the last 30 minutes
e1688f3c,i could do transfer credits or something don't know what that means
e1688f3c,fuck bro there's some spider ant hybrid thing crawling on my monitor
b4690dc2,I think I've cried every time I've seen this scene
d0d252d6,I love how every stake needs a scene
c73b2cb7,"for whoever does the AP quiz, know that you will be properly graded"
e1688f3c,wtf that email was sent today?
d0cb4aa9,i get if you dont like it tho
fa09cb53,if i went to uol maybe i would but i didnt 🧌🧌🧌
b9f82b61,child abuse is lowkey overpowered
d2cbae83,So the plan got usurped by another actor somehow somewhere along the line?
3c6ae2a1,without love it cannot be seen
e1688f3c,"awep,se ""T hu bnkb,oJju9df sgv hjk os mskyuok"
0c7d56d4,"I am not bothered by it that much, but Joe's reaction would be PAINFUL"
ae10a8f4,Battler PoV: magic isn't real so all this chuuni bullshit doesn't matter!
683b95f7,i loved the gameplay but redoing the last bit for the true ending was absolutely miserable
0be52b7c,"No, he was still 12
In 1986 Battler is 18 and Sayo is 19"
b8eaf23d,I'm sorry I don;t watch streamers
f06d395c,Maria's VA is so good
fe851805,"Legend of the golden witcher 3
Turn of the golden witcher 3
Banquet of golden witcher 3
etc etc"
ecf3ed35,It’s not gonna happen tho
e1688f3c,anyways here's a toad
73e128e5,they hate gohda for caring about his job
0f04debb,i like it when her eyes get cartoony
8aca22aa,I quit after spending all my sq not getting arcueid lmao
ba999415,"I 100% ignore twitch chat for these streams, this is my chat"
d053e1b9,It's all out of context so it doesn't matter to me much
0f04debb,in the first twilight of episode 2 along with the halloween party there were a couple of ingots
e1688f3c,bro i think that's why yesterday
d053e1b9,Ace attorney fans seething
df4aa97d,Most fire piece of literature of all time
17a6b71b,Would the male uniform have 4 multicolored ties?
1fd2119c,"My weeb, I thought you lived in Japan"
e1688f3c,maybe i should start playing roblox
ff63de9e,but the video is massive spoilers
0fd535f0,"nooooooo
the anime sacrifices too much mystery for cheap horror"
ba52ee3b,'Maria... was beatrice in a wheelchair'
47247786,What if she's just dumb?
2f767d41,Umi3 Why do i feel like joe is gonna lose his shit once he sees the chiesters
eef09ada,I counted and theres been 18 posts about umi over the past day
20bf120f,Maybe the narrator is magic as well? 🙂
ba52ee3b,i was a fool for not thinking that
fe851805,Neon Genesis ENanjolion
70cb8f0d,you can now ask me back what mysterious object is my pfp
fa09cb53,you should request opne night
ae10a8f4,and just sratching her head with her pipe
20bf120f,George is going to unlock his furniture potential due to his love with shannon
e1688f3c,did you change the layout
d053e1b9,It would make sense considering just how common of a word it is
d053e1b9,I'm a zoomer and I STILL use a CRT
e1688f3c,what you mean bro i'm sending this from heaven retard
8f76cfa5,they need a lot of money RIGHT NOW
e1688f3c,the blood has no control over the war
a997b01f,"Sh'e just passionate about parenting, man"
eaddc5d1,FINALLY someone else agrees that What Are These Boobs is the most important scene in Umineko
87df89af,Again I have no real idea so these are very premature speculations
e1688f3c,just got back from teeth surgery stinky aah hael right now
d2cbae83,Their killers were themselves by insane accident!
db13175c,what's the track name that plays here  again?
30a0ff40,C'mon it's half kinzos mansion and he wrote the rules!!
56d90223,Will we ever finish Umineko for Halloween so we can say “Happy Halloween Maria?”😔
f466ee86,"part 2, playing tohou until i understand fumos"
fa09cb53,if they actually check it out though
e1688f3c,at the church rn about to send a prayer on god on heaven
bfdf84c8,Jeremiah has the Anti-Kanon toxin
17ce7674,"I know, but that scene was so uncomfortable"
b4690dc2,words can not describe the pain I felt when a nurse started telling me about bitcoin
015b370b,How far yall rekon Joe will get
a937077f,"I can't believe the umifullers were using ouija board tactics, that is actually a bit remarkable"
162b34e4,delete your message please i dont wanna be snailed
d0cb4aa9,"She is paranoid. But in her shoes, I would be too."
20bf120f,"ok, that reference sounded better in my head"
13a6ed2b,i mean reading one scene to check it out wont take 80 hours smh
e1688f3c,you already sent this smh my head 🗣️
ba52ee3b,umi 3 nihihi whatever could you be talking about
f0578b25,maybe battler's hulking 5'11 frame is another suit
1fd2119c,"""Kore ga, requirem. Da."""
eef09ada,That isn’t controversial right
e1688f3c,finish all the parts of trollage 👍
dfbdeb12,"well it's okay to be inspired, even umineko is inspired by touhou"
fd46192f,and definitely is someone that's close to maria
e1688f3c,she can't run vst plugins properly
fe851805,"Of course, there can only be one person in this den with the capitalized He"
a997b01f,"Makes sense, Beatrice is Battler and Kinzo's imaginary friend after all"
6cd41a0f,In the sides and niches category
8248ef7e,half the mystery would become trying to understand how the fuck we got here
c73b2cb7,vocal version though
96962f09,"Rudolph stocks in the toilet, holy !!!"
e1688f3c,the fox news fandom is dying
fa09cb53,do you have cup head doe
7e5b9ca6,battler is a certified lover boy
fe851805,that was really good
73e128e5,"tokimeki is just a normal ass dating sim, i forget the specific title"
d053e1b9,Once I get a copy of the game next week I'm continuing on my own to get ahead of Joe
17a6b71b,The manga art for Erika in this section is so unhinged I love it
e43ba5b7,"if you can look past the weird shit, it has good stuff"
505a43d8,i dont think its necessarily the truth
fa09cb53,malcom deroys a whole different thing
015b370b,Tho honestly i have seen very few people figure stuff out
f06d395c,Sitting pretty on your throne
e949382e,HES GONNA LOVE ONE PIECE
7e5b9ca6,7 hour fanart stream
ba52ee3b,you read too quickly
7979ec9a,jelly needs to read some Wolfe
02ff68a1,So sayeth the chatter who's been praising a hate symbol for months..............
bb426429,How can we have minecraft umineko RP without nanjo
d9135df8,What's happening chat
29178c9d,it doesn't sound eerie to me at all
94b5b4c9,"I mean, I just dont see this plot point going anywhere, unless there's some bigger intrigue there"
a5dcb22f,"Norrhernlion isnt like Joe, he actually isn't a weeb"
e1688f3c,mine don't have loop 😔
bfdf84c8,This tea party has the potential to be the best one
358aad55,"why doesn't rosa put herself on lithium, is she stupid?"
e1688f3c,quran 6:145 smh my head
d053e1b9,It's very much a cliff notes version
219c8209,I just surprised it's not completely forgotten at this point
b4e1f40d,if we were to force him to read another 07th thing
23cb59d8,I just completed Divinity Original Sin 2 yesterday
a5dedc72,That would be so lame
c3e052ec,I probably would have also
b58b70f8,have fun with 6! its so good
b821c653,And it’s gonna be pricey
e1688f3c,not going to click until tomorrow morning i don't want to deal with fortnite now
b9f82b61,then she could've won the first closed room in ep2 imo
f358d26a,Amakusa caught her after she jumped
5b7aedab,"like mods i am staring directly at you, what the fuck guys"
d053e1b9,Ngl I also cried at this part the first time I watched it
5b7aedab,if that's a revelation i would suggest you just... didn't notice the kids that _weren't like you_
505a43d8,is it? i thoguth joe was shifting his stream times later because of everyone complaining about dls?
02ff68a1,im guessing once they start writing forgeries she figures it out?
87df89af,"Or, rather, not all of them are from the same person's perspective at the very least"
fa09cb53,school ddos incident
5376ff2f,reminding me of the simpsons
b2620544,Not if they weren't dead
5376ff2f,did you know you have the right to visit a disneyland on the moon? the constitution says you do
d053e1b9,I didn't draw this I'm just saying that I'm playing umineko as a break
71084104,Where was Maria's creepy ass smile and song when rosa took her stuffed animal huh?
e1688f3c,and animation for rain and fire and light flashing
725720d2,I mean that was pretty justified for that moment
6d468d99,i hate those waifu of the month gacha types with a bajillion marketable characters
17ce7674,"I do feel that every chapter, the OG sprites look better and also fit more and more"
505a43d8,that was the genji servant room case
d64c58dd,I think you might enjoy watching joe's streams of V3
d053e1b9,This freaking scene was the first time I cried when playing this game
b9f82b61,(the social worker is still in the room btw)
c7120964,Episode 4 made clear that none of them would let anyone mess with their family
37f869c9,yes and i'm expecting your best sport caster voice
1fd2119c,I demand to see them now
87df89af,He can't use red truths for things that aren't true
f358d26a,Cause it's such a badass moment
e1688f3c,minh thay cai me me nay rat buon cuoi
24ea4ff4,"agree

she's just best"
0c7d56d4,First hours of Higu are uhhhh
a4536011,he's beyond desperate to be and feel succesful
fd46192f,i'm too busy thunking
9ffae087,idk how to explain it
daee0717,please do not post those
441da1e5,Does such a mod even exist?
b9f82b61,MORE. UMI. FLASCHBANGS
1982b5a7,one time in season 0 yugioh he murdered someone with a yoyo true story
888037f1,either is a split personality or someone is trans
fa09cb53,just that the deadline is friday 🥶
13a6ed2b,"okay i might have added the drunk detail, but kinzo has been shown to be a heavy drinker"
fa09cb53,they blocking bot cause it saying china genocide 😢
b2620544,"True, but on 3 Eva takes over after the 1st twilight."
eaddc5d1,i wonder if there's a horror game the mouskateers can play
ecece11b,It's just going on a break
0b843864,WHY WOULD NANJO DRESS LIKE THAT????
6b81da02,did she play the PC port?
5b7aedab,dead chandelier reaction
e1688f3c,have you seen my email?
bfdf84c8,"There's 3 Uminekos of it, after all"
409aa8ed,“Magic resistance” just means not being indoctrinated by Kinzo ans his Bs
443663fd,The whole point is that this is allowing spoilers up to stream and if it's beyond that you can tag
b478b463,there is SO much i didnt notice even now holy shit
f06d395c,I dunno what she's even trying there. It's so weird
219c8209,Vocal Goldenslaughterer is just devil trigger
20bf120f,"Umi2 currently is focusing on shannon, right?"
83cb2bb1,it's a high tech lab
b2620544,He is believing in magic again.
a5dedc72,umifull ppl stop cackle reacting to my msgs!!
94b5b4c9,"I can't really wrap my mind around all the murders, who were where during the events etc"
6a9a4ab6,Umi stats are legit better
6b890d58,Knox's 15th: fuck that noise.
fa09cb53,da hell you got a bidet??
8f76cfa5,i almost got spoiled
fa09cb53,if they notice you acting weird they gonna flag you
31a02125,I will say Higu is quicker paced though
505a43d8,a is the exclamation of pain before the ita- cut off
505a43d8,shes a horrible person and a great character
df4aa97d,ACTUAL SH: F NEWS?!?!
db13175c,you can see me in the chat in these videos
23f5bed1,but I do think the way you fight it can be modified
1fd2119c,Can Joe realistically finish Umi 4 by Saturday if he does an extended Higu joke stream today
56d90223,"Same, it makes me feel like a real artist somehow"
d64c58dd,Right? And he does so much
f06d395c,I'm more partial to Natsuhi I dunno. I like long wavy hair...
fe7bc02b,in my magic world i can imagine all ass nee-chans doing that to me
f06d395c,And actually reading 1984 is basically my personal Twin Peaks moment
7e5b9ca6,uu-uu-! cinema 'exists'!
e1688f3c,tell them that the screen is broken
47247786,Local man shocked that witches are evil.
f06d395c,Genji is the one who always makes the drink...
d0cb4aa9,ah my new background
219c8209,I don't think reliable is a word to use here but sure
505a43d8,Jelly would love Im in love the the villainess fsfs
5c3e45cb,color yay yippee. which one is it here
20bf120f,Gourmand taking the scenic route
d053e1b9,So I just kind of knew the rules
fa09cb53,bro fr sometime you should try to get into some genre of music
8e4b9907,That seems difficult. The red alone is vanishingly little information for the whole of Umineko.
ff63de9e,"task force delta
site [REDACTED]
genitals obliterated
all dead"
cbee777f,"Like, the original Ep 3 was scrapped"
e1688f3c,bro if the guy taking your xray is the same as mine
e1688f3c,and suddenly there is a 14 font
20bf120f,That is essentially the reason why I think people are spamming Lament in chat right now 🙂
f466ee86,Didnt the man start yet another series before ending that one? On a shonen jump schedule? Hes insane
e1688f3c,i am furiously beating my head against a wall 1111
bfdf84c8,Because that would be so funny
e1688f3c,aka oni doesn't seem as unhinged as before
d64c58dd,usually the opening for the stage play has spoilers for the episode that stage play is adapting
bfdf84c8,May be her desire for people to understand her through these messages
fa09cb53,yeah yeah exactly bro
b4690dc2,but disco elysium doesn't have a hot blonde trying to kill your entire family so
fa09cb53,also give anime woman some reverb
e1688f3c,real life isis beheading member
56d90223,CHAT I FELL FOR THE BAIT
f06d395c,"I'm assuming it's not ""officially"" from the Bible and not in wider circulation until then"
c3e052ec,The music has been really good too! I loved the song that was playing during the break
d25281cf,ep 4 stocks skyrocketing
fce5d05f,It doesn't really matter though
76bf3cd7,that's an old meme damn
23f5bed1,the more I live on the internet
20bf120f,They mean beatos teacher
fa09cb53,my favourite media group 🥰
b4690dc2,I mean when's the last time you saw a streamer's face plastered on something
505a43d8,"good work mouse, now joe cant shit talk the scene"
30a0ff40,She would absolutely love it
13a6ed2b,yeah it didnt preserve the quotes at all lol
d1712dc0,now I have an elaborate fanart idea which is going to eat up precious umineko time
e1688f3c,school atmosphere type beat
250b0a9b,From the time my theory  Battler is actually Kyrie's son 
e1688f3c,but in the middle of class righit now
fe911216,everything is like umineko if you just think about it hard enough
f358d26a,I just want to see his sprite which the wiki has in the ps3 style so I just assumed he’d show up
e43ba5b7,i would enjoy seeing him and battler talk
fa09cb53,governemt debt wasnt looking good for his administration
13a6ed2b,i would love to use JP VA + EN narration tbh
e1688f3c,will still be working on poland
49b618b9,big steins gate vibes today
e1688f3c,new clock battery leak???
fa09cb53,covid extend im skipping the resit 🥰
b34c2493,"The accident happened 12 years ago Divan, you need to move on..."
637beb8b,Oh! and the maria line  `自分を食べて、何てセリフは十年早ぇぜ。`
20bf120f,We don't disagree then
b4690dc2,P3 FAN SPOTTED GET EM
db13175c,it's the official canon epilogue
e43ba5b7,"```ansi
[2;31mIt seems to work well.[0m
```"
73e128e5,there's a clip around here of mouse doing a cackle
fa09cb53,was talking to bitches...
5dc7b18f,what the fuck does George do in the fighting game? Propose to another minor?
fa09cb53,extend that part a bit give some random drum phrases in there
e1688f3c,you win the spelling hornet
23f5bed1,but I don't get the vibes at all that the story will go there with George
24ea4ff4,we keep winning supposedly
683b95f7,isn't it so great and you're so close to finishing 4
e1688f3c,bro they even got the statue!!!
8248ef7e,Umi 2 you're gonna miss out on the peak introduction of the red?!
29178c9d,dropping the vn 80 hours in
b18daefb,and ronove's here too
7e92c265,It's a weird combination but I really like the grouping of kanon Shanon Krauss Kyrie and nanjo
e1688f3c,cringe news i will get injected with microchips approximately 2 hours from now
d053e1b9,Or am I imagining it
7e5b9ca6,its an etiquette thing
eef09ada,Having to communicate with umifull through reactions reminds me of that one scene in interstellar
a997b01f,dalmek stocks are down
1fd2119c,I feel like I'm so close as well
3a068e31,the funniest part was
f06d395c,This scene is amazing
e1688f3c,dHJvbGxlZCBqYWpqYSB0cm9sbGZhY2UuZGs=
da0c8d98,I’ve had umi dreams when I was actively reading it but I can’t remember details
b4690dc2,but can he prove a witch wasn't controlling his mind when he does it?
fa09cb53,kentucky fried human???
0c247e09,lord u... lord u... rudol... Rudolph
b4690dc2,yeah but how long can you drag that out
eef09ada,It wouldn’t be nearly as funny
d0d252d6,Especially now that it’s 2 streams a week
e1688f3c,that funny moment when your brand new keyboard falls of the stand while you are sleeping 👍
96bf8c05,"NO NO, BUT ACTUALLY I NOTICED YOU SUMMONED 4 BUT I DIDNT SAY ANYTHING"
b8eaf23d,mine was neither so I wouldn't know
441da1e5,Though that does remind me
e1688f3c,too shit bitches had to make it free 😔
048fc8de,more power to the kumasawa fans though I respect it
cbee777f,My legs hurt just from reading that. I remember those pictures
daee0717,"```ansi
[2;31mDespite living in California for five years, I am not a California mouse.[0m
```"
b4690dc2,earthbound is mother 2
e1688f3c,waiting in le zoom meeting
7e5b9ca6,if i could photoshop properly it would be over for you all...
f466ee86,he would end up with beatrice
ba52ee3b,to look at beatrice i'm guessing?
e1688f3c,yes the neighbor's son told me about this
409aa8ed,"and they were buddies!
omg they were buddies..."
8c33dd74,Coru should've added a kicks you in the nards
b58b70f8,erika is such a goated character
fa09cb53,what the hell does that mean
810fde7b,iirc umigold is the english dub right
b58b70f8,dlanor when she gets called upon just to see erika on some bullshit again
56d90223,I like another character named Mammon in a different game so I like mammon by default
02ff68a1,im either poisoning the well of umi theorization or im absolutely delivering
fa09cb53,wtf school reputation crazy cuh
d64c58dd,"there were, don't look into them too deeply because some of them are still big spoilers"
b088e603,"Your art has been INCREDIBLE, thank you for everything you've shared with us"
fa09cb53,but because i already told him what it was
f466ee86,whenver it fully release
da0c8d98,"Me too, although I started with oblivion"
aa8f5f2f,give battler a banana and microwave
37f869c9,And presumebly in on the lie
8e4b9907,C'mon who would seriously think that's a pejorative usage
d0fb1a3c,houseki no kuni is probably good
9e51bfc5,I now understand why Shannon would kill Battler...
e1688f3c,i am in the same position but instead of trollface mask
60a3779e,Why tf is that important enough to be mentioned
f06d395c,She was killed in ep 4
b58b70f8,im too much of a weeb
cbee777f,I'd say 24 eps for 1-3 at least
d08f3d94,umineko when they griddy
f06d395c,I think the pinging and stuff helps
e1849ed8,why does steam always get the worst sprites
505a43d8,lambda and bern also hate george so they cut his lines
70cb8f0d,WHY DOES OFFICIAL TRANSLATION HAVE TO BE WORSE THAN THE FAN ONES
c3e052ec,I was worried I'd be late for the Umineko since it's been an hour since he started streaming
d053e1b9,Like the car company
443663fd,what does it look like in the original art
c73b2cb7,7 is the lowest rated one in the west
07e46c25,AURAFARMER HAS LOGGED ON
d1712dc0,I think I'm particularly impatient with the magic scenes
3161237a,"To be fair to Battler, most people can't even handle 1 round of monopoly."
eef09ada,umi fans occasionally popping into bg3 chat to ask if umi is cancelled is so funny to me
1fd2119c,And you wonder why I thought you lived in Japan
e43ba5b7,No I meant right now
e8769870,"There isn't even a channel with welcome messages, your completely invisible unless you start talking"
e1688f3c,his last livestream was norma
fa09cb53,or atleast buy 2 of them
e1688f3c,how is he alivein space
73e128e5,yeah rambling really is just a use it more and you get better deal
c73b2cb7,it's just a half circle
ae10a8f4,this whole convo just reminds me of this convo lol
fe851805,This one has similar questions to the AP Test one
b4690dc2,like didn't the trump tower car bomb guy get his instructions from grok
20bf120f,Which is in purgatorio
47247786,We need to make sure he doesn't watch any of the optional security camera scenes.
b4690dc2,I've taken to the 🧑‍🍳  emote
754e75ac,I only watched apocrypha
a4536011,I remember being honestly
f06d395c,I bought that along with Umineko and Higurashi
b4690dc2,or make a nanjo distribution site (NDS) with every nanjo tagged
60a3779e,Yeah what I was referencing to. This is official manga
40497259,this message felt like regaining lost Insight
e1688f3c,not real no way inconceivable
fa09cb53,nhung dan choi nguy hiem nhat hanh tinh phan 168 hai huoc va buon cuoi
73e128e5,no wonder they're the goat
e1688f3c,smh globetards be believing in scientism
c73b2cb7,"using the explosions were fun on artificer, especially in five pebbles"
17ce7674,Are the first 2 hours as agonizingly slow as they were in Umi 1and 2?
eef09ada,What would happen if like during episode 6
b569c490,feels like i missed it
e1688f3c,because his grandpa also have the same last name yelnats
24ea4ff4,I was only in Belorussia and Sweden from the european countries
441da1e5,"So Sakutarou could’ve been torn up way before the conference, not right before it"
6a72c052,That make sense huh... but also I didn't see it either
409aa8ed,sometimes maria really got on my nerves when i read umi alone
fa09cb53,go whiteboy go!!!!!!!!!!!
f9605862,I’m so happy for the resurgence of Columbo references. Hoping for a Marx Brothers rediscovery next.
e1688f3c,there is like an image
94b5b4c9,Nothing is the same since snail incident in ZTD
13a6ed2b,im glad you agree i wasnt sure if i was reaching
ba52ee3b,oh yeah i felt it so hard man
e1688f3c,my du=ijjern tojigjt:
a41e37a5,I'm still very much enjoying it
d14f2ac1,"Erika was already enough, and made me postpone watching the VOD several times"
87df89af,I don't know how anyone can say this isn't the best episode so far
637beb8b,so many umineko sleeper agents
219c8209,or if we are talking about straight up solution different mediums apart
d0d252d6,This is the discussion I like to see but never respond to
83cb2bb1,Wait emotionally compromised makes me think
250b0a9b,"He thinks Beatrice got too nice, too fast. Its fair criticism"
d64c58dd,at the pace i'm at I'll definitely be over 200 in total playtime
0e8ba699,nothing personal kid
96962f09,and since hachijo is just featherine then she just knows stuff because of theatergoing power
c73b2cb7,he just sits around and fucks about
e1688f3c,cinco noches en freedy
e1688f3c,he got screamed at by feminists
0c7d56d4,"Holy shit, chatters getting banned left and right"
fa09cb53,mf really edited goku into his argument as if goku would say that
94aea54b,"oh damn, I would've never noticed the fu at the beginning there"
daee0717,"(i said this, literally, in undercourt yesterday)"
73e128e5,he looks like he's constantly mewing
219c8209,"please more greg
or mandalore PLEASE JOE"
02ff68a1,Many such cases. I love the ange stuff.
13a6ed2b,i dont think he'd be a visual novel guy lol
13a6ed2b,i usually just read 2-3 chapters per session
0b843864,No I know I just didn't expect them to make young Genji canonically look identical to him
17ce7674,The Umiden experience
b58b70f8,mammon ange is one of my favorite ships because its a nice riff on the master servant dynamic
81be09b8,This resembles MeatCanyon's old art style.
ba52ee3b,have you not seen my developmenton the reading club
31a02125,that album is so funny
b4e5f498,I just imagine this is roleplaying as a chess piece in an nsfw way
9ffae087,what i care about is what's happening with 10
94aea54b,Steins Gate fell so Umineko could soar
888037f1,its a weird and a very parasocial thing
e1688f3c,new genre of music includes
7e5b9ca6,bro isnt shibanyan records the one with the naked album cover
60863448,so if you have like -1 or +2 to your roll due to some stat
02ff68a1,Im sure the chill shall remain
83aa7c93,i assume its alot of versions of the Mouse Pin in here
a4536011,that's it that's all I got
409aa8ed,respond with the following
fa09cb53,rather fail init bbruv :dpensive:
e1688f3c,just click on the chapter selection and look at chapter 9 😩
e1688f3c,the nfts look like it was gfenerated from a template
505a43d8,really is ace attorney
f06d395c,I mean the murders haven't started... there's still more time for more demons
441da1e5,"Yeah, like there was at least 1 person stabbed with different stakes"
87df89af,"Overall though, I feel like the weight of this ep will really depend on the conclusion"
f06d395c,Ah we're getting into it
e1688f3c,basically i think what happened is that
505a43d8,"Gouge the chest and kill, ahyuuck"
fa09cb53,vin uni is not beating the fed allegations
24ea4ff4,But I also chuckled so its fine
02ff68a1,And my favorite piece of media was tied between persona 4 and danganronpa
5b7aedab,yeah this is just. not the place for that
ff63de9e,And i thought i was a fast reader hoooly
f06d395c,I am positively cackling here
683b95f7,goat if you ignore 80% of his scenes
f06d395c,Wait didn't Maria threaten a puzzle
219c8209,on which chapter joe is?
f06d395c,NOOO NOT THE MARIA SHOPPING CENTER
a997b01f,You can't do our boy Nanjo dirty like that
7e5b9ca6,really excited for joe to get to that part
a937077f,"Krauss, why won’t the microwave work?"
bef31d57,"yeah, she is a newborn, thus not affected by the island myths"
5c345fff,it’s not really software in the sense that steam uses that tab though
505a43d8,yeah the crotch frills
d64c58dd,Nah nanjo’s a real doctor he just forgot
02ff68a1,I love that ryukishi read JoJo part 3 right before writing this scene
fa09cb53,facebook.com/edgyhumourousposts
fa09cb53,why cant they just make a pronoun machine rv
e1688f3c,cringe ass swipe typing
409aa8ed,WHY IS IT LOSING HIM
b58b70f8,the official scans look so much better god damn
3161237a,She would also go on rants about the fnaf lore
87df89af,"Umineko is structurally not all that disimilar to DE, but DE surpasses it by far so far"
d053e1b9,"Man. I can't get this jar open. It's useless.
USELESS??"
b088e603,when hideyoshi is trying to smack the sense back into eva
d25281cf,i have a michigan friend
e1688f3c,R| distressing memes .. . . . . . ‥　‥‥‥
f06d395c,I'm still doubting if all this is real
7979ec9a," check his Tumblr, hr has theories there  full"
653b6fd3,What animal would Beatrice be?
fa09cb53,smh you gaslighter gas light all over the place 😤
1fd2119c,I thought he said Ushiromiya Epic
20bf120f,Asterix and obelix style
fce5d05f,"Repetition request would make more sense if they were like, in a courtroom or something"
441da1e5,Then riddle me this: which stake has proclaimed to have stabbed Hideyoshi just now in EP5?
b4690dc2,god imagine how she would... you know...
f06d395c,I'm here for Joe not just the game
02ff68a1,Question to any present umifullers: how long is episode 8? Relative to other episodes.
409aa8ed,"and therefore, nothing mean will happen to them"
219c8209,IT'S CLEAR SOMETHING IS WRONG WITH HER
db13175c,The real question is can he stop himself
0b843864,Forgot to reply to this but I agree with a lot of what you said here
c73b2cb7,you haven't even seen half the soundtrack
fa09cb53,bitches when they play scramble and they have 1 n 1 i 2 g and 1 a
ba52ee3b,"Already muted it yeah, forgot about hiding stuff tho"
bfdf84c8,Was Bernkastel literally a character in Higurashi? Or is she just similar
94aea54b,I still need to finish the newest Monogatari season…
d053e1b9,I think it's from the little gag bit at the end of this chapter
83cb2bb1,the other says the window is another possibility
0be52b7c,"Actually, I recommend that version"
d053e1b9,I think I'm just going to keep calling him Joe because of muscle memory
bfa4eaa7,there's a bunch of them floating around
29178c9d,"notice how there's not a single man in this scene, ryukishi has done it again"
e1688f3c,irritable bowel syndrome
fce5d05f,He just fastforwards through the entirety of subahibi to see the ending 😭
b9f82b61,is there an Umipeako stream on tuesday btw?
e1688f3c,bro watch this video
7e5b9ca6,umi 6 feat: wrote a bunch of books
653b6fd3,"Infinite gold and an unwillingness to hear the word ""No"" is the real magic of kinzos"
f06d395c,Nor does Kanon killing Rosa and Beatrice killing Maria
20bf120f,Mouseilius (Mouse-Vergilius) guiding the Doe (Joe-Dante) along the Inferno
fa09cb53,your face when you see the list of beligirant in the syrian civil war
e1688f3c,is this the gamepaly????
70cb8f0d,Umistream Loading: [██████████████░░░░░░░░░░] 60%
ba52ee3b,This pfp of mine is really funny but only to me so
29178c9d,and another 3 days later
1fd2119c,I just look up things that might be tangentially related
d053e1b9,I took a very long break from it. I think it was closer to half a day total
219c8209,NOOOOOOOO I ACCIDENTALY REFERANCED WORST CHARACTER
f06d395c,Maybe we are I dunno lol
db13175c,jeremiah i always wondered if you are christian or just a theology nerd
d053e1b9,I wish Joe saw this in umipro
7e6f63ae,I just remember that phrase word for word
f06d395c,Deserved MHA hate from Coru? Based?
fa09cb53,why im i stuck with bitches in group project
e1688f3c,can't you change the background so it is?
17a6b71b,Not to mention both people have appeared together
e1688f3c,you don't know shit about php still
3161237a,"Of course they have to pay property taxes, they live in haunted houses"
a997b01f,I heard we're beating Jelly with sticks here?
d0cb4aa9,clannad and s;g anime better than their VNs fr
ff63de9e,how chatters act when cringe joke
6a72c052,"only in the dlc or so I heard, too annoyed to actually check"
13a6ed2b,he said he's down if joe is down
63518930,has he really not played peacewalker and 5?
24ea4ff4,we've officially taken over
aeda0791,Anyways I think there should be more mystery games with the player character being a woman
fa09cb53,bitches be confirming all my prejudices
0ef04394,THIS IS PISS CHANS TRUTH
d64c58dd,Hows it going umi stream den
73e128e5,joe already said he's gonna rename it back to jads soon
409aa8ed,well fuck me i guess im not sleeping
754e75ac,I see YTTD characters
40497259,are Personas exclusively folklore-based or can we do any kinda famous-ish character or something
048fc8de,They really are the goats
e1688f3c,send game screenshot when you get home
5b7aedab,yeah like actually don't
24ea4ff4,but the ones that are good are really fucking good in terms of gameplay
d64c58dd,"yes, the culprit is beatrice"
fa09cb53,the only thing i dont understand is why is it bad because feminist study it though
ff63de9e,"so basically joe got jellytricked, streamers don't reform ☆"
fa09cb53,deadlines must be tough 🧌
b9f82b61,there is no rational argument for believing in magic though
b9f82b61,ohhh but can you say it in red? have you looked in the alaska shaped catbox and checked?
b58967ce,technically top isn't quite the translation joe uses but it's close
f358d26a,But I also kinda like Erika so that's another pro but then Bern is a sadist so it's also another con
f06d395c,The Scooby Gang are all assembled to rescue Battler
07e46c25,i went to fact check this because i thought you were memeing
87df89af,"I don't really care that much about bg3, it doesn't look super interesting"
0c427976,You can trust any anime adapatation of any VN to be ass (except steins gate ig)
0c247e09,Notice how he didn't mention his son.
f06d395c,The two bottles were already written and sent off before the incident
e1688f3c,japanese people twitter in class discord??
bfa4eaa7,there's nothing to not trust
e1688f3c,mario getting cucked incident
a72309aa,Can't belive he dropped Umineko at Ep 4
e1688f3c,🤣 🤣 🤣 🤣 🤣 🤣 🤣 🤣 🤣 🤣 🤣 🤣 🤣 🤣 🤣 🤣 🤣 🤣 🤣 🤣 🤣
3c6ae2a1,perfect for umineko enjoyers 90+% reading
59aef750,cursed connection i know lol
d64c58dd,she knows if magic is real
fa09cb53,"""i dont think i have the courage to talk to my family again"""
e1688f3c,how is this possible
e96e7c0f,probably not? i don’t think he’s nearly as familiar with joe as greg chun is
02ff68a1,"I don't think that's true, I actually don't think much at the end of ep 4 is true"
fa09cb53,@ig.dankmemer.69694200
daee0717,but in like a loving way right
637beb8b,"lots of adult words being thrown around, back into lurk mode"
d64c58dd,are japanese monocoins worth less or something
1fd2119c,Battler's 18 years old
162b34e4,do you think he looks like Nanjo
5b7aedab,"pout faces sound like ""_buuuuu_"" to me"
d0d252d6,How long were you gone
7e5b9ca6,jessica is literally just marisa
02ff68a1,"any umineko fan, and I swear this to god, would fucking love A Feast for Crows."
b2620544,Like we saw in episode
e1688f3c,so someone has to pay out of their pocket
1fc172f8,This is how they fix their relationship
fa09cb53,your future political ambition: damn gone
e1688f3c,but according to the name
d053e1b9,I choose the fourth option. The ligma option
0ef04394,battler is mostly not that dumb
f9605862,Besides shit like  hemdels raven
bfdf84c8,Its on track to be my favorite
fce5d05f,Sanji was never on fishman island its zoro fan propaganda
a997b01f,This channel looking like the average response toa FOIA request
d053e1b9,Please I can't take any more of ange suffering
e1688f3c,so you know how he can get really touchy
ba52ee3b,is purple guy a slur for smurfs
219c8209,"okay, one mystery less, cool"
60a3779e,So it didn't feel like meta
8f76cfa5,english major locked in
c3e052ec,Stomped that candy so hard it went monochrome
e1688f3c,bro they trying so hard to change genshit to genshin right now 😢
d053e1b9,Umineko is lucky since I universally have tuesdays and saturdays off
d64c58dd,ok maybe I'm misunderstanding
1fd2119c,It'll have to be after the stream though
441da1e5,Or am I hallucinating it?
0be52b7c,Surely 6 hours left of story will be enough to cover it
ff63de9e,"umibros, just like their favorite protagonist, are incompetent"
17a6b71b,Twitch chat is reflexively contrarian? Idk
e43ba5b7,"It does, and I'm about to push you right off"
725720d2,We have a speaker of the house in the US who has his son track his porn consumption
d64c58dd,I am so excited for more joemineko
725720d2,THATS JUST HIGURASHI YOU CANT DO THAT
f06d395c,It was an anime darling and the manga was wildly popular
1fd2119c,JOE AND JELLY ARE HOLDING ONTO A SPIDER'S STRAND RIGHT NOW
6b890d58,I am starting a new game but rushing through
d64c58dd,or rather my point is that they've made it clear they're willing to go in a weirder direction
d0d252d6,"""maybe your just stupid."""
b4690dc2,columbo is always top left on every chart
13a6ed2b,but its a 2:1 and not 16:9 so its a bit different to calculate idk
0395bfca,Yea thats also pretty bad
da0c8d98,"The was a barrier in 2nd twilight? I can't remember that ngl, just on the 7-8th with Shannon"
da0c8d98,And the whole town and characters
6cd41a0f,Umi 5erika is sans undertale in the ep5 op too
94b5b4c9,"He says as a joke ""9/11 was an inside job"", Beatrice is not able to refute it"
409aa8ed,USHIROMIYA ANGEEEEEEEEEEEEE
0603b98f,"this hint is worse than the hint that was just ""i'm not giving a hint"""
e1688f3c,actually you can level up bitches
0fc6bdb1,probably higurashi or limbus company
048fc8de,it's not really what he said at least
c73b2cb7,oh they started posting devlogs again
c5c6f49b,moving the cliffposts
f358d26a,"But at the same time, I do kinda wish the actors in the stage play didn’t wear colored wigs"
c73b2cb7,yeah do NOT accidently xlick ln it
fa09cb53,it got the dragon ball type beat characters tho
fa09cb53,there also a huge thread on /pol/
b58b70f8,this is too long lol
13a6ed2b,this is fan-made right?
51a6abb9,dalmek the master of his craft
83cb2bb1,So is it equal difficulty because both Beatrice and Battler get fucked
409aa8ed,"like holy fuck, Rosa as a mom?"
13a6ed2b,have any specific words you remember for that 2nd one?
31a02125,I fear it’s terminal
7e6f63ae,"but if you pace yourself, more"
250b0a9b,I’m sure it’s going to be called out
e1688f3c,had around 5 hours of sleep
f9605862,"Ok, yeah I thought so too. I was like, this looks good, It can’t be."
fa09cb53,nwords wti h attitude but its bananas wit attitude instead
fa09cb53,probably something cause by ienumorator
db13175c,You forgot about kisama
fd46192f,yeah but kinzo isn't there
60863448,"this was 2008 mind you so 'review' meant like, a text review. not videos."
2d9323cd,pachinko ones definitely feels more like unique anime style
fa09cb53,liberal log bolb :Facebooklaugh:
db13175c,"I think profoundly stating ""there is no meaning to this scene"" is just"
5b7aedab,"see also: it's not law, but it is regulation that applies for certain kinds of releases"
d64c58dd,I don't think this is 100% true
7e5b9ca6,perhaps like a snail
a912f63f,"‘heres a minigame’
‘this is JUST touhou’
‘yup’"
d053e1b9,Just so I know where we are
f06d395c,The pacing was dogshit
13a6ed2b,`7.86 average (rank 415)`
aeda0791,And am currently reading through higanbana
f06d395c,Which is awesome for the show
fa09cb53,different environment 👍
f06d395c,Yeah I think this is stuff that you'd easily miss without an editor
da0c8d98,Oh yeah everything on stream is fair game
e1688f3c,"microeconomic mfs when i invent the ""infinite money generator"""
daee0717,idk anything abt that guy
7829cb39,"3 feels really long tbh but it ends up earning it

maybe ive been reading too slowly though"
5b7aedab,i see no great reason twitch chat shouldn't be emote-only during umistreams
bb426429,Uu-uu! Joe's stream 'exists'!
fa09cb53,trollage forum user 👀
23f5bed1,"with some exceptions, like Nekomaru but he's like a joke"
e1688f3c,will you be participating
250b0a9b,Meta Battler knows Beato has magic however denies that witches exist in the real world
8aca22aa,epic on chandle when
b4690dc2,another recap has hit the streams
1fd2119c,"""Waiter! More Rudolf, please!"""
fa09cb53,when you walk inside of 300 when it is finish
87df89af,You're in your right
b478b463,Yep that's how I found out about them LOL
5dc7b18f,York was the best part of Deadly Premonition
17ce7674,Battler being objectively incompetent is absolutely amazing.
b2620544,I'd hate Hachiyo sayo though
162b34e4,Not only is Jelly there
e1688f3c,track where the image originally came from
b4690dc2,well more than a shitty father he apparently beat the shit out of his kids
5376ff2f,Nah it's great at capturing Maria's essence
0be52b7c,ESPECIALLY rabbit girls
94b5b4c9,"No, just making sure they start from the peak"
621bad4b,"everything beatrice says is like ""holy shit being a witch is so boring, life sucks"""
f06d395c,Oh she definitely does especially if she forgot what her family was like during the conferences
7829cb39,This part was boring but not that bad?
02ff68a1,It was flimsy reasoning until the detective concept was introduced--now its textual.
fa09cb53,i mean the intro is only like 7 seconds and its already fast pace
fa09cb53,hidden camera prank show
bfa4eaa7,at least it's former
8441b39f,The bunnies are weapons
5b7aedab,"ohhh right, piss filter"
fa09cb53,whatever bro shes probably have balls illness 😤
f06d395c,I mean I knew it was coming but it's fun to see it spelled out ngl
73e128e5,he ended at battler failing to state that he's born from asumu in red
e1688f3c,money spending model too
70cb8f0d,I'm so proud of the fact I'm not in it
b2620544,"well, our 2 Umi transitioners have been very open about how bad the Higu SOL was"
17ce7674,How do they sleep at night after they okyed this
20bf120f,"It began as the Horny, and then became less horny over time"
f466ee86,"local streamer joseph anderson calls a brutal murder scene ""an art piece"""
ff63de9e,The seagull that cries
0c3a67d7,I hope jelly is there for the end of 6 its good stuff
ba52ee3b,what is going on in umi fullers cchat wth
e1688f3c,and take a screenshot
b4690dc2,"should dio be saying ""I am this Dio!"" then"
20bf120f,"Which is the worst way to be individual, I think"
8c33dd74,Now I'm getting screwed over by both the writer AND the marketing team!
5c345fff,"lmfao
battler WAS drunk you’re right"
b7287936,Man I think Id like ep 3 a lot more now
bfdf84c8,"Kinzo is kinda a piece of shit, huh"
0be52b7c,unleashed umifull ambassador
7e5b9ca6,"classic umineko fan, cannot read"
9ffae087,programmer socks but they're not done growing
73e128e5,why you gotta slander my goat krauss like that
cb0e9e65,What am i remembering? Does ep 4 go back to this and add red in the final scene?
0fc6bdb1,reminder that kinzo definitely played into unifying the myths by putting up the epitaph+portrait
a997b01f,Önja is my favourite Uminecko character
409aa8ed,or about natsuhi and how precious she is
7979ec9a,no way i missed that photo
56d90223,IM A STREAM ARTIST NOW????
fa09cb53,tits spotted on timeline
9d987774,possibly the biggest downgrade
c73b2cb7,ok it wasn't the worst one phew
f358d26a,Oh wow TIL there’s a version of Umineko where the character’s mouths move when they talk
17ce7674,This is a second century heresy xd
f06d395c,The whole thing is 4 damn hours???
1fc172f8,the mixing??? sounds so different than the uploads i am used to at this point
d64c58dd,I imagine nanjo just showed up on rokkenjima one day and never left
56d90223,Yall hating on a black woman showing up????? I see how it is! /j
1fd2119c,I can't believe people think episode 2 is the WORST one
ae10a8f4,Imo you can watch the anime and the movie
5b5d9821,Also where is Kinzo? He's the one left out of the group red truth
12e5897b,I'm trying to remember where all of them are
fa09cb53,then the analogy for da game would be that le poland is like hell or something
fa09cb53,least indian household
e1688f3c,screenshot code doe 👍👍
0be52b7c,Jessica is so cute bros...
e1688f3c,oh yeah also while making i just realized why you saidd this yesterday
87df89af,Calling it a lie is pretty bad but I guess it's for the sake of the audience
e1688f3c,found this on reddit
e1688f3c,don't know what you talking about bro
7350c9e4,umi 4 full Joe predicted the clockwise simultaneous murders bit lmao
fa09cb53,piss yourself tonite
84589370,WE'RE GOING TO SPACE IN THE FINALE SCREENCAP THIS
e1688f3c,perseus is never seen at solovetsky
1fd2119c,I can make it to the stream an hour or so after he's schedule to start
7f5df344,full sloth bc he forgor 💀 
637beb8b,"Oh for sure, having to join the dickord is annoying"
fe851805,Just popping in to say great cackle
fa09cb53,also somehow drank a whole ass can of apple taste alcohol and still not sleepy
d2cbae83,With just the slightest thread of plausibility to make it funny?
5376ff2f,"```ml
You Are Incompetent
```"
87df89af,I'll have to re-watch because I missed bits but very disappointing
dfbdeb12,That detail fucks me up in particular for some reason
76d9877b,"🌂 I MEAN
🌂 YEAH BUT
🌂 WHY WAS THAT NOT"
d25281cf,i don thave the vod pulled up
e1688f3c,can someoneo please confirm
250b0a9b,"After that magic fight, I hope everyone thinks that : p"
fa09cb53,mf went crazy on the noise 😔
b4690dc2,"yeah like rosa was thoroughly abused by her siblings and her father but she still, yknow"
e40b50a5,Beatrice confirmed on Mario Kart 9 chat
7e6f63ae,It's still not even cropped porn
02ff68a1,nah his eyes just kinda do that
ff63de9e,umineko sleeper agents in this server for YEARS
96c933b5,does it say tenth for battler too or just Jessi
219c8209,"reading more books is the solution, one of :V"
621bad4b,"right, but if they're the killers: why not just work the gouging into the story of their deaths?"
fa09cb53,when u return and facebook opened
fd46192f,only in the last episodes i think
5b7aedab,"old and busted: endless 8
the new hotness: joe in umineko purgatory"
f06d395c,Wait why isn't Ange awake for Mammon
b8eaf23d,yeah and they immediately get too hot
1fd2119c,Your Maria was that 2 liter bottle you knocked over earlier
30a0ff40,It's not a loop...it's a spiral
94b5b4c9,The refusals seem much more interesting than actual red truths
7e5b9ca6,billions must tell that guy it's spoilers
162b34e4,Now imagine Nanjo with one of the one winged eagle
b478b463,oh wait you dont even have nitro
1fd2119c,And that's why her business is failing
73e128e5,ep5 is baller as fuck
c0bf1352,It does seem like the kind of world where gods are cruel to those that don't believe in them
e1688f3c,oh yeah looking at previous messages reminded me that i have to wash of this guy's sneeze
e967d591,"truly, Beatrice 'exists'"
e01533e7,You activated my trap card! Ridiculous envy math!
f06d395c,I think tonight I'll finally finish my theories document
e1688f3c,can't wait for this last person shooter
1fd2119c,Opened umifull on accident
b7287936,think of the actual cliffs
0fc6bdb1,most blue truths make for good hypotheses
f06d395c,Yeah that one is super suspicious
441da1e5,"As in an actual male character gets pregnant, or just background lore for flavor?"
048fc8de,maybe nasu will write another real vn(real cope)
94b5b4c9,Did Virgilia had a stroke?
f06d395c,Intellectual redditor indeed
4bc7d1ba,what if the seaguls crying was in us all along
1dd860ce,i hadn't slept in 2 days while i was reading the answer arcs 😭
d053e1b9,"evatrice red web, beatrick, mansion chase, ange"
d08f3d94,no that’s just a kink nisioisin has
20bf120f,I genuinely haven't seen that scene yet
534a81ea,"We are being trolled gentlemen
We must strike back"
788e42ce,umi3 why? the beginning of episode 3 is great
1fd2119c,"How about this, my super paper is a single piece of paper folded enough times to reach the moon"
87df89af,It's going to do something like '7 was all buillshit here's the alternative'
e1688f3c,grass???what the hael??????
fa09cb53,ayo edmund put the cum item in isaac!!!
87df89af,Yeah this scene is basically so vague any of your headcanons could fit
2485b0b8,I love the opening tho
b9f82b61,ANGEL DOKU MEMEMEMEME
bfa4eaa7,you haven't read it and you won't get why it matters
fa09cb53,change oem to sudan pc 👍 👍 👍 👍
70cb8f0d,so fucking smug with your smug faces
b4690dc2,I think the stakes also have new sprites as of like episode 4
ba52ee3b,and its now like an actual fucking gigantic event and has many spinoffs and games
0b843864,It just makes every mystery make a lot more sense with master key shenanigans
af26db04,spin the banana around...in the microwave...? 🤔 🤔
02ff68a1,I dont think Ryukishi has literally ever missed with an ep end
51a6abb9,how many different chandelier cgs are there in this vn
1fd2119c,Gohda rises for dead angle
d0d252d6,He probably will but I’ve heard he has been having a lot of health issues
e1688f3c,because the original is the original
94b5b4c9,I think we're overdue
d5284187,"Lots of web novels are just normal novels, published serially on the web"
e1688f3c,once done you will know what to do after
e1849ed8,He would flip the fuck out at Light and L playing tennis
949814c4,Redditor Erika Strikes back
daee0717,i made 2 bingo cards for people to fill out for fun
e1688f3c,just to feel the warmth 😔
9eb00d84,wtf do you mean higurashi is good
e1688f3c,your penis is larger
e1688f3c,damn bro how many fucking tok tik logos are there in the the corner
bfa4eaa7,shannon is literally a servant who spends her entire life surrounded by the same dozen people
e1688f3c,we lost pedos and losers
db13175c,people not watching the returnal streams smh
db13175c,Both epitaph and portrait were put up 2 years prior to 1986
5c345fff,even undertale references it
f06d395c,"If not Rosa, at the very least Eva DEFINITELY thinks Kyrie is dumb"
f06d395c,Choices are going to be informed by subjectivity
87df89af,It's hard to tell whether this is peak yet
441da1e5,"Who dies this episode again? Krauss, Rosa, Maria, Shannon, Gohda and Jessica, right?"
30a0ff40,Not sure if doable though
ba52ee3b,for me its a literal just
fa09cb53,what globetards thinks the earth looks like
62c1fbf7,"""Kinzo, you seemed like some savage foreigner but it turns out you're based"""
b4690dc2,joettler became basedler
db13175c,All the ones i've had have been fine
a912f63f,witches arent human its key to the arguments theyve been having
e1688f3c,wtf i s this trollface????
d053e1b9,The english subtitle doesn't have that bit though does it?
b4690dc2,umi1/voidstranger full what're these boobs!
fa09cb53,this kinda like my face when
e1688f3c,where they are showcasing portable chair
250b0a9b,"NL lived  in Koera, he must know some by exposure"
250b0a9b,I knew making these Yakuza edits would be relevent eventually
f06d395c,If he's the one who wrote it
13a6ed2b,natsuhi you cant fucking do that
637beb8b,dont tell me now I have to go watch Riverdale
e1688f3c,not even school one?
14b12b71,HAAAAAAAAPY HALOWEEEEEEEEEEN
fa09cb53,i dont want to turn laptop on vro thats it
b58b70f8,i mostly just saw the chat being really sad at every maria scene ngl
db13175c,i dont want anyone misclicking
e1688f3c,dungerz shitting tomorrow
7e5b9ca6,in a vacuum jerma would be beatrice but in their dynamic ster is
b4690dc2,Yeah the one pace version is actual peak
1fd2119c,KUMASAWA MY GOAAAAAAAAT
fe7bc02b,i think there are like 70 because that's where it stopped for a time
505a43d8,then it all comes full circle and is plot relevant
d0fb1a3c,It has good gameplay 🙂
2a73986c,love maria love maria
fa09cb53,jajaja you will never get the joke
40497259,damn they had a good deal at IKEA
fa09cb53,i get that you mean being harmed is being harmed
0ef04394,why would you not just say it in umifull lamo ???
015b370b,Have a rpg table to play with
9f2e5620,"Yeah, just noticed it, lmfao. Thanks"
d053e1b9,Give it to me instead. I'll give it to an actually good anime
621bad4b,where's dancing pipe
df4aa97d,right after the death of Sakutato
fa09cb53,anything 4 u biden 🥰🥰
13a6ed2b,i got this immediately (i played it)
e1688f3c,damn just went outside for the first time in months
fe851805,Be sure also to not get spoiled by next video recommendations when you do finish one lol
fa7275a3,it depends a lot on how its executed
ba999415,God damn that is terrifying
b4690dc2,"so like, what happened in episode one then? and who the hell is player battler?"
162b34e4,I get annoyed when people come into my office. Just write me an email or this never happened
b4690dc2,I'm asking a legit question
b4690dc2,I think he'd actually like csm too
409aa8ed,"the family: dying horrifically
battlers sister: paw patrol, paw patrol, be there on the double!"
adb72a1d,google search beatrice rule 34 to learn mire
60a3779e,They just pop up at the slightest mention of anything related to umineko
8441b39f,She literally kills Battler
441da1e5,"With how Erika’s faux pases, thank god she didn’t refer to that book by its original name"
6cd41a0f,Must of spent too much time in dragon’s den rip joe
8264f965,mouse and jelly were invested and Greg is a voice actor
0ef04394,you just put all the cups in each other its free
e1688f3c,Print we are aninomous
b4690dc2,I'm desperately trying to think of a worse spoiler combo
5dc7b18f,"It's gotta be Papyrus think about it, he's got all the motive to be the knight"
02ff68a1,i highly doubt it--george doesn't even live on the island
1fd2119c,"Do you have to ""solve"" Higurashi as well, or is it just Umineko"
e1688f3c,when nephew truck is too damn high
7e5b9ca6,p5r full you can still say he dies in p5r they just kind of vaguely imply he doesn't
b9f82b61,do you love the ange part that much
20bf120f,"Now that that mystery is solved, let's move on to the next"
13a6ed2b,jeez you're on a faster pace than me
f06d395c,It feels like [theory] Shannon's involved in the murders somehow for sure...
ae10a8f4,in just narration paragraphs
d64c58dd,it'll be a 10 when I finish it probably
fce5d05f,Cause I live by the sea
6cd41a0f,Yea apparently anime is f-f-f-fake i know horrifying
72661a6c,okay chat i dont like this exact part
0be52b7c,Bern just scratched Battler irl
d2cbae83,Yeah but I guess I just don't mentally classify that as time travel in the same way
1fc172f8,Higurashi is written in the engine PONScripter which Ryukishi chose because he saw Nasu do it iirc
17ce7674,"Also, hey epic, you finished?"
29178c9d,please don't message me a...
8264f965,its like a differnent story not being stuck on that island the whole time
ecece11b,I didn't even think of peeatrice
f06d395c,I did not expect Battler to lose in quite this way
5b7aedab,gale's posting _noticably_ deteriorated after it got fixed
7b01763e,this is why we need even more umi channels. can someone get mouse on this
e1688f3c,can't blow cover though
c3e052ec,Jade was my favorite character because she had a cool dog and a gun
b58b70f8,id love to send the article but its super spoilery
0be52b7c,he will NEVER beat the allegations
bfdf84c8,Ryukishi is monokuma?
eaddc5d1,replace mystery with yuri and i could be a genius too
b4690dc2,umi3  so I think the only way for battler to fully game over is to believe in beatrice indefinitely
eaddc5d1,we REALLY fuckin vibed with eachother
d64c58dd,Cant re-lock the chain from the outside
d64c58dd,yeah that was the joke
e1688f3c,😭 😭 😭 😭 😭 😭 😭 😭 😭 😭 why is
37f869c9,the goats are gossiping
e1688f3c,every school in hanoi doing this bro
31a02125,we doomed insanely hard about start of ep 2 and he liked it more than most umi fans lmao
eaddc5d1,"oh shit
is episode 7 going to be a literal bottle episode"
d053e1b9,I thought mouse was only available again next saturday
e1688f3c,starting tomorrow subscription only 😔
20bf120f,So that is a common theme
24ea4ff4,"Eva also thought rosa is most likely of the siblings to solve it, right?"
a0138967,The themes....are the point.
505a43d8,i feel like its really hard to agree wit that wihout the contxt of the larger story
1fd2119c,I mean RT said basically the exact same thing (without even seeing what it's about)
37f869c9,maybe merit wasnt the right word
f06d395c,I'll miss it when it all ends
f06d395c,"Btw there's really no guarantee that Will's perspective is ""objective"" in any way so far"
d1712dc0,a true ushiromiya right here (rich)
f06d395c,Cause of the white suit? Cause he looks like Kiryu?
20bf120f,"Ok, I have started quite the umi3 discussion apparently 🙂"
8264f965,"same! i like to draw to joe, i should start drawing again..."
d25281cf,I’m not neurodivergent nor 9 nor a Japanese girl nor bullied nor abused but I can empathize
7b564ea9,It'd be like Jessica and Kanon's ghosts in the bedroom
b4690dc2,I guess that's fair then
b2620544,Shannon and Kanon always did
b4690dc2,no it means white and person
fa09cb53,modern day charlie chaplin
20bf120f,just judging from the colours in the background
fa09cb53,you even have a rubber globe
f06d395c,Yeah fair enough assessment
e1688f3c,was never there before
e1688f3c,i don't really mind it
fa09cb53,its over for you bro
637beb8b,Umi full  Battler with cape  
70cb8f0d,"I mean, statistically at least one person should've not been able to"
fa09cb53,you can hear that my voice is epically produced
e1688f3c,funnies on my profile
c73b2cb7,there is a patch that lcoks spoiler oopenings
13a6ed2b,"i like ""no goddamn good at all"" more than ""its useless"""
1fc172f8,ryukishi07 has a wife and kid he had a possibility to do this
5b7aedab,i mean. you're sensitive to whatever you're sensitive to yknow?
7e5b9ca6,because i havent finished umi
6d468d99,huh i thought the stockings were too much
219c8209,Okonogi was cool so far
b4e1f40d,You will regret your words and deeds chatter
94b5b4c9,I love how closer to 999 our theories become
e1688f3c,and looked for the word sex
0eccefda,i would not change a single scene in xenoblade 1s story
ba52ee3b,i would do that but i'm mad i lost 170k on a coin toss
df4aa97d,I belive I was told its also a japanese mystery joke
e1688f3c,thanks for the invitation
e1688f3c,i just got a call from mobifone
f06d395c,To me they've all been better than the last
0b843864,WHO FUCKING SAID IT IN UNDERCOURT I REMEMBER
f06d395c,Definitely not a correct or informed assessment
8f76cfa5,this song is really good
409aa8ed,and theyre never proven wrong for their suspicions
e1688f3c,i don't see the gnaa in there
f06d395c,I am enjoying the FUCK out of this right now. I have no idea where we're going though
e1688f3c,going to feel washed out
bfdf84c8,Is joe reading the umipro translation?
e1688f3c,yeah that's your problem bro
e1688f3c,and the fuck are they going to do with that other guy's information?
fa09cb53,he retracts into a state
d2cbae83,But in was in some ridiculous anime scene? Im not sure
eaddc5d1,But I think it'll be a quiet sort of acknowledgement
fa09cb53,aight just let me set up my freaking laptop
fa09cb53,which one you reacting to
e1688f3c,can i get an autograph!>?????
02ff68a1,because if there's a fail state...
e1688f3c,but cia removed it 😩😤😤
3161237a,So it is like Umineko?
0eccefda,spoiled for the right reasons
ba52ee3b,Youre in the negatives now
e1688f3c,i wished i didn't have to study today
d2cbae83,"It does make me very suspicious of Virgillia, she seems much more neutral than on Battler's side"
7e5b9ca6,wait bro only saw the clip 😭
e1688f3c,watch that video again
df4aa97d,"Chat: It's for 
# ART"
e1688f3c,yeah chromatic abberation
e8ad9e34,wait what about santa clause?
505a43d8,Akiba maid wars is a recent one that i love that i think counts as wierd
f06d395c,What the hell yeah same here too
810fde7b,By default he’s not going to love the child sized 100 year old
d54830ca,"Gamers, do we know how long the chapter has left?"
e1688f3c,new demon confirmed???
fd46192f,"that's not objective though. it's subjective, from your point of view"
d2cbae83,I had heard of North Wind and the Sun somewhere and it tickled the memory so I googled it
f466ee86,~~oh youre talking about joe my bad~~
0f04debb,HE DISAGREES WITH DLANOR??????
d25281cf,"""What are we doing, game"""
ae10a8f4,umi expectations spoilers For me mostly umineko is a 9.5/10 story trapped in like a 7.5/10 novel
d0cb4aa9,"Well, discord is kinda shit on mobile"
c73b2cb7,I doubt they saw it themselves
441da1e5,"Oooooh, that sounds exciting"
e1688f3c,rember buddy: no 9gag
df4aa97d,yeah they're about to be spoiled on Higurashi no Naku Koro ni
d0fb1a3c,I don't think there's actually any weird scenes I can think of in owarimonogatari
f06d395c,By sheer star power hell yes
fa09cb53,tell him to put all the possible pronouns in his profile
5dc7b18f,ok what the fuck did I miss? HUH?
db13175c,my take has always been that the ushiromiya's and sumadera's are involved with yakuza bullshit
7e6f63ae,Live NaN reaction would just be nanjo (he's an object Object)
8248ef7e,politicians are sacrificing children and drinking their blood at Rokkenjima...
e1688f3c,show me the microtransactions bro
eaddc5d1,"BINGO
but i havent engaged with it since middle school, so"
13a6ed2b,please dont discusss stuff like when it gets good or what episodes are good in this channel
3c96715a,"Just like abuser, it constantly tells you to love it, and to have love, brilliant work ryukishi"
ba52ee3b,you all shall turn into the sacrifices chosen by the key
bfdf84c8,Did Joe check their character profile?
e1688f3c,"```































```"
13a6ed2b,"it was half destroyed, it was one of two bodies that could be confirmed actually"
e1688f3c,but listen closely to the lyrics
fa09cb53,best thing in a longtime was playing flash games again
33494d5e,"oh wow, that's gorgeous!"
29178c9d,he's so hooked guys hes gonna read the full chapter
ff63de9e,"i wouldn't know, i only read some of them adn they were all hits"
d1879277,Three morbillion hours of uptime
bfa4eaa7,i kinda miss the old way of things
7979ec9a,one day it will save your life and you will change your mind
13a6ed2b,battler is my reddit atheist king
bb426429,I desperately want to post the better version of this but its technically umi4 spoilers
f06d395c,It's nice that Joe feels he's gotten into a good groove with reading
d5284187,People are trying to protect Joe
31a02125,and post release updates just tip that scale even more
fa09cb53,you fake ass bastard lier
fa09cb53,atlas earth class is… 3rd year…
e1688f3c,second day sunworld day hot as hael and too many people
1fd2119c,Can you link that on stream chat and pin it
c73b2cb7,it isn't more complex than that and I don't understand why people are so dissmissive about this
f358d26a,I love the shit herself face
e329c772,youre honestly missing out wout the music ngl
b58b70f8,its one of the best things avout it
e1688f3c,going to mess around with it about
653b6fd3,"Fuck the family treasure, just fake memory lose and trick your rival into dating you"
d053e1b9,I might have to mod the p3 sprites in
56d90223,She’s gorgeous…and he exists
73e128e5,new live reaction in the works
5c109dad,I kind was afraid of this... I knew he would think this
e8ad9e34,without full spoilers
d1bdff86,This is BULLSHIT btw
37f869c9,"yeah, it really took forever, and way too many characters"
b4690dc2,I'm waiting for you to get to the line
fa09cb53,player 08 expansion pack
1fc172f8,i knew flagellants existed but never heard of them being a genuine movement. this is frying me
db13175c,i've seen like 5 hour long discussions about that character being some of the worst parts of fata
f06d395c,I wanna say Suzaku is George
e1688f3c,limitations of pixel art 😔
e1688f3c,ayo that ain't no naked black man
fa09cb53,cant use 3g to watch video !! l8er
e1688f3c,thanks for the fungus
fa09cb53,like his ass would have plastic knife melee or bar of soap to slide around etc
31108803,Maybe gold is a truth you reach after understanding the story completely like battler did
e1688f3c,but the reason why people seemed so surprised
327e4623,i cant believe ryukishi actually wrote a story for a higanbana fan event though
1fd2119c,Oh wow that's pretty bad then
bfa4eaa7,"why wouldn't you want to teach highschoolers, aside from them being highschoolers"
621bad4b,he has spent decades doing nothing but harvest aura
e1688f3c,on the giving end of the goal rn
24ea4ff4,I hated what I saw of monogatari
810fde7b,"The rulebook the witches had was kinda outdated tbh, I would just upgrade to 5th edition"
fe851805,"When Shannon tries her best: aww you're sweet
When George tries his best: hello human resources?"
f06d395c,All right it's terribly late for me. Good night everyone
f06d395c,Killer don't need no doors
e1688f3c,i d=sebt to you first
df4aa97d,pulling out my glowy Hirigana keyboard to kin Umineko characters
e1688f3c,not just and cat bro
fa09cb53,woe plague be upon the ignorant
b4690dc2,to read what one piece?
ba52ee3b,"by chanjo do you mean chan-jo, chandelier nanjo or chad nanjo?"
87df89af,As in 1:1 displays of how whatever happened on Rokkenjima happened
e1688f3c,this is a major loss for the brotherhood of steel
7f5df344,well it depends on the country i suppose
0b843864,I barely would’ve remembered it but it was on the AP test when I read the questions
fa7275a3,Because that's the only way to get through that much reading by himself
fa09cb53,mod kneeled to the chosen one
ff63de9e,ange is basically the moon if you think about it hard enough
fd46192f,I have just convinced a friend to try reading umineko
20bf120f,If it's in like 1944... oh boy
e1688f3c,"Meeting ID: 820 6140 4345
Passcode: R5qiv6"
f06d395c,It feels like her design is an explicit fuck you to how formal everyone else is
d053e1b9,I look away for two minutes
20bf120f,Where the mc just begins to backflip the police to death
0be52b7c,Man im so hyped for DS2
db13175c,Katakana vs Kanji yeah
4e2a80fc,professor layton type twist
24ea4ff4,I actually like the atmosphere more than NW too bad the writing is dogshit
e1688f3c,real shit bro more contingency content
87df89af,Ryukishi knew I was gonna read this and made my goat persona
e1688f3c,"522 818 96
522 818 96
522 818 96
522 818 96"
0395bfca,"so why did beatrice break the facade at the last second before battler signed, is she stupid?"
17a6b71b,Having a bored ape nft is required to date Jessica
e1688f3c,You have been Assaded!
87df89af,What's this fucking banger playing
fce5d05f,He's tolerable in part 1
f06d395c,So far I have ZERO guesses for the killer
0f04debb,smh i will forever mourn questions arc beatrice
f06d395c,Must... fight... urge to.... ego search....
bef31d57,"well shit, cant wait for all the people who said 6 is their favorite to vanish after joe read it lol"
0e8ba699,kanon and a goat are having an energy sword only 1v1
f06d395c,So 5-6 times that is about 30-35 hours
d25281cf,yeah. I'm Drive. -Drive from Drive
3c6ae2a1,the effects are animated in umipro and they feel less bad
5376ff2f,I can see Shannotrice
d64c58dd,which of these 3 is monochrome clock
fa09cb53,they are too large !!!!
e1688f3c,drama alert nation???
0eccefda,god i fucking love ronove
048fc8de,Azure has more text than Umineko I think
fd46192f,i'm gonna go straight to reading myself
02ff68a1,sometimes between the last family conference and this one
fa09cb53,im le epic homer simpson!!!
e1688f3c,how did you get this image
e1688f3c,spiritual girlfriend???
d053e1b9,Okay phew that's fine
653b6fd3,I wonder which of the siblings Kinzo loves the most
d64c58dd,Umi full I should read people’s usernames more often
d0d252d6,It has spoilers for all 4 episodes tho
20bf120f,"The 2 other witches only happened after that, no?"
b58b70f8,if i see art that hurts i need everybody to see it
f358d26a,Rosa haters keep seething
ba52ee3b,i'll cockblock myself
29178c9d,im so glad joe is late
e1688f3c,i thought you supported democrats?
e1688f3c,the wisest people can fit the most meaning into the least amount of words
83cb2bb1,WTF SHE'S HERE TOO GET OUTTTTTT
d053e1b9,Well hey it worked out for them for this part
505a43d8,shoppin kinda rad when you aren't broke tho
e1688f3c,something about the thumbnail jsut amkes it even more scary
505a43d8,i am a bonafide longform fiction enjoyer and that sounds lie hell
d053e1b9,First the les and now this
8441b39f,Took me 15 minutes to complete a thought huh
637beb8b,just unlock the next episode and you'll gain superpowers
70cb8f0d,"oh god
ok, I can do that"
ba52ee3b,the problem is how the culprit got in
0dde8c4c,that being said GISELLLLEEEEE!!!!
fa7275a3,It's just that so much happens that a lot of people forget
e1688f3c,and then he start theorizing if this is fake or real
d64c58dd,Theres like ONE more cliff
b8eaf23d,so a few years prior to everyone becoming rich
02ff68a1,Because that's how we find out the message bottles are fictional
e329c772,BRING US TODAY'S STREAM
ba52ee3b,actually no nvm i feel like this scene's pacing is pretty good actually i like it
e1688f3c,decide to browse reddit and wait
e992b791,"I guess kinzo was also practicing his ""energy blade"""
fa09cb53,the latter probably 😔
ba52ee3b,THERE IS NO FUCKING WAY
bfa4eaa7,have you seen the umineko tumblr community?
d37288cb,"well yeah, and what umineko has to say about it"
6a72c052,"I've been told 1/10 of this once just to hurt me, it still sting"
f06d395c,Yeah everything about George's dialog in that whole sequence was cringe as fuck
1fd2119c,"Some would say, Ride on Time"
e1688f3c,when you finishing doe
e1688f3c,what the hael tthat??
fa09cb53,straigtest ghost in bangkok
bfdf84c8,Yeah that was the best part for me. The way the entire screen gets soaked in red
fa09cb53,well yeah but it supposed to work with melee too
fa09cb53,north chicago vs south chicago
b478b463,This is a site used by people really into VNs. Normies don't know about it
29178c9d,this poll is razor thin
505a43d8,approval of the senate 🔥 🔥 🔥
888037f1,"can i dm you, because i think it would deviate from this chat purpose way to much ?"
0ef04394,"hence, all parts of the story are equally important"
31a02125,not just says a slur but defines a new one wow
ba999415,"Cooking while work is quiet. 
How Old is Battler? Is he by any chance 19 years old? umi theory"
8441b39f,She is fighting back
e1688f3c,they won't be able to fund their social developments
be8b0fcf,I put 10k into levitate
267ef0d6,yeah that steps over a line that i don't think any amount of good writing would save
8441b39f,Oh you guys are talking about music
f06d395c,It's one of the best works of fiction I've experienced
930f6b07,"It's 3 am, it's time to sleep"
f06d395c,Easy enough Sakutarou is already dead who cares
fe851805,Lol weebs are already trying to make inroads and make Joe read the synopsis for higurashi
e1688f3c,papaya and cantaloupe  the best ones
5b7aedab,the silver lining is it _did_ give us the voice cast
77ee69dd,"The opposite iirc, they were too good for a little girl to make them"
b9f82b61,close. it's filling up with butterflies
d053e1b9,It's like the audio version of this
266ad4d0,"love them so much, wonderful addition"
f06d395c,Fuck I'm SO tired oof. Gn everyone
76d9877b,🌂 yeah but with the hand being someone else's!
6a72c052,Kitchen apron is a style huh
b2620544,if you know the sayo trick
7e5b9ca6,umi5 isn't it dlanor
0f04debb,or shit like erika doing forensics using kinzo's study
db13175c,you can enjoy literary analysis without a degree (look at me)
b9f82b61,because we don't know
fa09cb53,yeah bro you can blame vo lam truyen ky partly for that shit
fa09cb53,distopian world where people get arrested for buying a cupcake...
e1688f3c,kinda cringe becuase there is  no
e1688f3c,ayoo i'm about to meet buv ceo
56d90223,No but i can in like an hour
fa09cb53,me having recurring dream about object rigidbody or whatever
87df89af,They're all reflective of her own experiences anyway
d25281cf,top 10 forr me maybe top 77
b58b70f8,im gonna hold off ep 8 just to piss the umifullers off
d64c58dd,mouse is posting to umifull den on her phone as joe is streaming next to her
575d8667,"His heart is clearly in the right place, even if he's messed up and flawed as we all are."
3635ecbf,That's if we believe in the descriptions... but what can we believe..
eaddc5d1,Beatrick reveal is cool
0e8ba699,I had seen battler and the portrait of beatrice before but nothing else
6d468d99,actually no one is the better girl
b478b463,Wait it is? I've always seen the thumbnail but never clicked on it lol
9031449f,"i like Indiana Jones being added to the stream meta, good call on Joe's part"
17ce7674,its almost like Battler being 18 apparently?
53a6e340,the singular element
bfa4eaa7,my george hate is 10% the age gap and 90% his personality
d25281cf,but that's beato face isn't it
db13175c,not sure how to End This Conversation because I Get It
e1688f3c,platinum rating runs perfectly
b478b463,reminds me of geocities
d0d252d6,If you wanna check it out just look up my YouTube channel
94b5b4c9,"OK JUST JOINED THE STREAM ON THIS LINE, WTF WAS THAT"
eef09ada,my weeb its been 15 hours
e96e7c0f,"Krauss becomes Klaus

BUT

maria becomes Malia"
441da1e5,"This is very useful, thanks"
754e75ac,I haven't caught up on Umi streams
ff63de9e,its not a cliff because it happens during an h scene
d0d252d6,thanks for the title idea
e1688f3c,but i don't remember what it is anymore
ff63de9e,limbus isn't even that niche too
e1688f3c,also what does this mean
d25281cf,EvaNatsu stays winning
29178c9d,it's really interesting
96bf8c05,"""that fanart video""?"
e1688f3c,divine punishment of the highest degree for committing the 8th hidden sin
d64c58dd,The way maria says sakutaro NEVER ONCE sounds like she’s probouncing the U
ba52ee3b,I LOST THAT COIN TOSS?
f358d26a,"Maybe it’s been revealed so sorry if so, I’m just asking"
ecece11b,That's just how I pronounced it
a937077f,Honestly the manga panels for Umineko look so damn good
84589370,Joe just caught himself in a logic error
d053e1b9,At this point we'll be lucky to have umineko again by next leap year
0fc6bdb1,guys I'm scared the goats said one of my takes
5b7aedab,"the plural is ""beatoi"""
d053e1b9,HEEEEREEE WEE GOOOOOOO
f06d395c,It's all fun to listen to
f06d395c,1000-1500 dollars should be ok lol
9976f035,those are really bad
2485b0b8,"same with parts here
Umi 6 isnt my least fav ep but least fav answer arc 
HOWEVER
I love cheese"
40497259,Hempel's Raven sounds like a wrestling move
daee0717,the parts i played of it were fun tho
bfdf84c8,I think it's just that not every witch hunter is categorically evil.
f06d395c,"Depending on how much you like general slice of life, Higu 1 is plain really good"
b8eaf23d,its this many cause its bg3
fa09cb53,yeah but also promise you a greater return as long as youre on board with them
0eccefda,In red Beatrice says hawk tuah is funny what’s the counter play deniers
d0cb4aa9,there is no way that works
d64c58dd,Yeah the engine used in the steam version is super jank
c0bf1352,Time to rewatch all the streams
02ff68a1,Okay so no Sayo = Hachijo?
31108803,Someone is tired of closed room mysteries
a912f63f,only complete faith in yuri will protect you
fa7275a3,he had a couple of lines
87df89af,Still bad writing imho
73e128e5,tomorrow is gonna be so peak i'm so ready
fa09cb53,bro literally we stayed indoor the whole 2nd day since shit hot as hell
bfdf84c8,"I mean, Christie's most famous novels are practically all motive"
219c8209,"yeah but all of this discussion about truth, magic and yada doesn't really connect to L&B"
eaddc5d1,Praying on my hands and knees with all my heart that George is at fault for all of this
fa09cb53,peoples pizza shop 👀
fa09cb53,"the klan is real!!!,,"
d25281cf,"I like to timestamp stuff on youtube sometimes, not extensively but fun moments"
94b5b4c9,clueless twitch chatters
250b0a9b,I asked a umifull question and then deleted it
056f5f8d,i approve them i will eat them
83cb2bb1,Oh shoot I forgot Vergilia
fa09cb53,and shit ton of procedure
b4690dc2,"I don’t even remember shimoneta being that weird, just kind of horny"
13a6ed2b,"no, they're using WH unless something changes over the break"
bfa4eaa7,"of course it's a lie, george could never talk to a woman he isn't blood related to"
94b5b4c9,That's my prediction
e1688f3c,can't see shit right now
409aa8ed,(40 dollar gift card)
ba52ee3b,I SAID HE WOULD DO THAT
87df89af,Nah they need to fit the vibe
810fde7b,Umifull jer will be very vindicated when episode 5 happens
d0cb4aa9,so he's just doing his version of the weird baseball game from futurama
a997b01f,Did we get that on fanart yet?
1fd2119c,"Come to think of it, I've never seen the OG Virgilia sprites"
5376ff2f,I read to like middle of Umi 3 in the manga and the moment i saw that line I just sighed
f06d395c,Who... who's pushing to main
d0d252d6,Understandable yeah I’m probably just too nice to call something shit
048fc8de,I love umineko so far(I've read it twice)
0f04debb,it's a bit later i think
02ff68a1,I will say it does look like I won't be able to read the ??? before stream
ff63de9e,why is he trying to read it 😭
0b843864,"Quick check, who shot Hideyoshi in EP7? Was it Rudolf or Kyrie?"
d1712dc0,"19, didn't you watch the stream?"
e1688f3c,nah man come on man come on
048fc8de,really? I assume you mean UBW archer v shirou?
441da1e5,"I wonder, why doesn’t the translation ever translate ‘brother’ and ‘sister’?"
c3e052ec,Just think of it as a 70% discount
85e13898,too busy fucking your mom
fce5d05f,It's like 110 volumes and each volume takes less than an hour
7e5b9ca6,that'll be 4 thousand dollars
219c8209,"In eyes of Joe, you can earn weeb shit with good story"
f06d395c,FUCK YOU RYUKISHI YOU BEAUTIFUL MAN
13a6ed2b,does boob grabbing run in the family
bfa4eaa7,we need more umineko beatmaps for rift of the necrodancer
db13175c,i want to say  it is sooo entertaining to see people's reaction to the scene from yesterday lmao
fa09cb53,mid score please mid score please mid score please
7e5b9ca6,it wasnt even explicitly persona related
1dd860ce,Can make you feel sad angry and happy
266ad4d0,"episode 5 also has some of the best music, honestly outstanding pieces"
e1688f3c,woah bro it's just like real life
20bf120f,need to listen to smth real quick
64d27f02,then you should be good
250b0a9b,Dalmek really soft launched his joke here before posting it in twitch chat
e1688f3c,control panel superiority!222
ba52ee3b,which might be possible
19845065,omg like Azula posing as the Kyoshi Warriors and eventually took over the Earth Kingdom
71084104,"Characters are gay all over the place and its never treated like a weird thing, it just is"
eaddc5d1,Why am I getti- oh I was gonna make a joke about the sound effects but then it was on purpose
24ea4ff4,I personally think there's too much gameplay
eaddc5d1,I can't wait to see how the Twin- YOU STOLE MY FUCKING JOKE
5b7aedab,# WHO THE FUCK IS JOE?
505a43d8,13? eh i lost track of time
ff63de9e,since battler Ws are so rare
f06d395c,"So in this episode, Beatrice has the magic power to help Maria"
ba52ee3b,thats... strangely specific and yet has happened quite a number of times
13a6ed2b,now that i've read 1-4 im considering watching it for shits and giggles
219c8209,I have a theory about epitaph but it's probably super wrong
76f65394,What if there were vegetables and meat in one door and after opening the door the vegetables go bad
fd46192f,not because she believes it is true
b2620544,is that before or after the jelly multiplier
20bf120f,But when Umifullers tell me that I read wrong I suppose that I have read wrong 🙂
b58b70f8,youre gonna get spoiled
60a3779e,Joe streams apparently
20bf120f,I am going to cherish this compliment till the end of my days
7e92c265,HEEE SHAAAAL APPEAARRD
87df89af,"For all we know Sayo could have just written a fun fictional novel, with none of it based on reality"
30a0ff40,"You been using copilot? I hesitate to try it, scared I'll forget all the syntax 😭"
51a6abb9,i only know some touhou music
fce5d05f,"I don't know who that guy is either, should I?"
f06d395c,Hey Hannah are you all caught up?
eaddc5d1,hero shooter character concept
b58b70f8,but current system works ig
e1688f3c,i'd say the turning point to funny
fa09cb53,mf lookin like a preacher
5c345fff,ace attorney is mild
7e5b9ca6,man do i really put kinzo at fortune
56d90223,"Guys I 
Have a question"
02ff68a1,I WANT EVERYONE TO RECOGNIZE I READ THIS AT MIDNIGHT
87df89af,Am I going to have to do another PFP change
ae10a8f4,And just general layman understand kinda misses a lot
b58b70f8,i saw somebody on twitter say lambdabern was not gay when this shit happens in the story
fa09cb53,when its taco tuesday
20bf120f,"That reminds me, I think I've gotten spoiled by a youtube thumbnail for an umineko ost mix"
daee0717,I’m out to brunch w my mom and yet felt compelled to check george den
fa09cb53,yeah see  this and say im obama 😤
d0fb1a3c,I love being bullied by good writing
b478b463,I love how you reposted it but discord mobile gives no fucks so it looks untagged to me lol
b088e603,Man the shinkansen hasn't changed much huh
b9f82b61,well then Bern would've said it instead
e1688f3c,suddenly having this urge to start working on obama again
621bad4b,he says too many to count on one hand
0c247e09,Poor bern has to go through these scenes
94aea54b,all the collabs have been excellent
b35e50e8,I actually really like virgilia og sprite
7f5df344,there was a reddit post
1dde7edb,god dammit i was plagarizing this meme on accident
e1849ed8,"I own both but I've only played through DE so far(multiple times, the game's peak you already know)"
6a9a4ab6,HE'S WARMING UP TO IT
02ff68a1,me trying to figure out wtf happen at the end of ep 3 then
bfa4eaa7,that's battler's character
bef31d57,Nanjo is much more imporatant lol
84589370,She just fucking melted??
5b7aedab,repressed femme alter
31b3f300,Mouse its fine. You don't  have to defend yourself. Its pride month
b4690dc2,also that's more of a scotch tape
505a43d8,"ikik, i jsut like being here for the streams live, also gives me optimal time for fanart-ing"
6cd41a0f,Unfortunately yes but there really isnt a lot like at all just skip through them
ae10a8f4,nope the closest is a cg of her tantrum
b18daefb,"```ansi
[2;31mCREAM STREAM[0m
```"
e1688f3c,that's hot a man who knows the value of mone
0395bfca,Alot of joes criticisms are very reactionary right now it feels
409aa8ed,"question, based on where joseph is in ep 2, how long before we get to batora and beatorIIICHE again?"
30a0ff40,Holy shit will there be a Nanjo Pov story
0b843864,I'm memeing you're good 🙂
162b34e4,if it was years and years Kanon would be like 5
6a72c052,Next to a guy in a wheelchair ?
df4aa97d,"yes, where does it say kinzo is in the mansion?"
fa09cb53,stock market rely on supply and demand
db13175c,I mean this friend of mine is equally as insane as Jelly when it comes to media analysis
f06d395c,I'm feeling like Rudolf knew that the ritual was about to go down
32d19816,I'm just chilling here because we're back into the HBO's Succession drama.
fa09cb53,handsome young man !! 🥰
76bf3cd7,actually does the presense of ronove in the thumb spoil things?
ff63de9e,~~it should be noted that the bunnies are right there in the steam page~~
e1688f3c,and detailsd and shit
fa09cb53,but if you lose you get nothing
9031449f,he looks like he's licking his fingy
505a43d8,"but more than anything, im jsut annoyed bcause it feels so unecessary"
621bad4b,geoms sounds too much like joms
056f5f8d,i dislike shonen fight writing
e1688f3c,this is something he would normally do
219c8209,"not vengance, not joy, not money"
a4ed1eac,Wow Jessica sucks huh
d0d252d6,You can do what Joe did in the leap day stream
13a6ed2b,oh wow this is a great comparison
5b5d9821,"I haven't, I'm thinking should I to see what they change with the story"
17ce7674,"Well, did you finish umi 8"
fa09cb53,nah brother you too desprate simulation fail...
621bad4b,the problem is that ss13 already has space wizards so magic is already real
b088e603,Man this hits harder than I thought it would
fa09cb53,it looks dry now but is still fucking scary
219c8209,YES YES THIS WAS ALSO AMAZING
b58b70f8,"but if you wanna risk it, it exists"
409aa8ed,ELON NO DONT START THE EPITATH
df4aa97d,Epic has requested a gif
fa09cb53,like if you win epic you get plus skill
e1688f3c,mom's basement music make an reappearance at horrorcore section
219c8209,arrrr I hate killer so much
20bf120f,So there has to be some loophole to the red
f0578b25,man rudolf has it way too good
fe851805,Aren't Christie's works in public domain now
73e128e5,it doesn't edit. it just translates some terms differently
fa09cb53,your ass must be destroyed
b4690dc2,well battler is there and not 12
fd46192f,"i got some ideas, but i need to figure out where the ""hometown"" is"
d2cbae83,So it is hard for me to say how much those even matter
e1688f3c,can i bring an abacus into the exam
f12c8aac,Agree anime's still good. Just upsetting that a second season would be so much better
7b564ea9,"Watch, E3 he'll be where shannon was in E2"
fa09cb53,went to school yesterday to submit my shit and end up not doing shit the whole day 😔
e1688f3c,and does  not support transparency
0be52b7c,Maybe we're just reading too much into it and the man just likes Leotards
fa09cb53,keemstar go woke!!!!
e1688f3c,and then next week2 more exams and i'm all finished!!!
7e5b9ca6,"but its the fans saying ""oh this part SUCKS and EVERYONE HATES IT"" that adds an additional layer"
24ea4ff4,deen animation style isn't good enough to pull it off consistently
e1688f3c,no more cringe ti basic 🤮
c73b2cb7,"true, peak came out in 2019"
d64c58dd,But witches dont exist
d053e1b9,I just hope it happens at a time when I can actually watch it
83cb2bb1,Does she just always carry them around
c221bc92,I have no love for these ps3 sprites 😔
f06d395c,Why would theorising be cringy lol don't worry about it
20bf120f,The first layer is inferno right? Umi 1 is inferno
441da1e5,Oh don’t you Umifull me
d25281cf,he was talking to beato for that one
0b843864,"No she didn't this is new info, I rewatched the Kuwadorian Beato stuff yesterday funny enough"
ff63de9e,well after ep 2 he will play ep 3
63518930,yea I dont get this tbh
250b0a9b,I disagree that theories should be spoiler walled but ok
02ff68a1,"Your honor, in my client's defense, have you seen Mammon's design?"
deb8f4c6,but if talking about fave tracks up to where we are in EP2
d64c58dd,Appears in every game
637beb8b,My recommendation would be to avoid doing so until you are done with Umi as a whole
02ff68a1,i've been having alot of fun with this
8e4b9907,Also don't google Umineko in general lol
d64c58dd,they use it consistently phrased like that
ba52ee3b,almost clicked this on accident
fce5d05f,Oh new location? It's a cafe
f358d26a,I mean it kinda makes sense with the Beatrick and with evatrice
f0578b25,THE VASE WAS VERY BEAUTIFUL
6d468d99,gou sotsu art style is cute but gets a little goofy sometimes imo
7e5b9ca6,umi5 cris collinsworth: that locked room looked a little beatrice-y
358aad55,i hope other people aren't using gimp like me
00d5165a,Maria reloading animation 🔥
7e5b9ca6,damn my leif is actually pretty good i think
1982b5a7,"Probably not going to finish umineko, so alas"
b58b70f8,enjoy MyGO! its one of my favorite shows
e1688f3c,where you murder your wife
e1688f3c,only from 8am to 10am
5376ff2f,now you have to take a picture of it
3c96715a,"Damn, i'm sorry Epic"
b4690dc2,"""I won't let anyone but me hit maria!"""
b58967ce,i can't screenshot the profile for spoilers but nanjos' account is from 2023
13a6ed2b,umipro also uses honorifics
e1688f3c,i created a document with extremely large resolution and
d1879277,"Episode 4 gives us Mammon screentime , how could you not like it?"
b7287936,so many gohdas in stream den 🔥
87df89af,What the fuck was that
e1688f3c,:do: :you: :want: :to: ▶️ 🚀 :league:
29178c9d,im so excited for next stream magic battle
24ea4ff4,In a stageplay maybe
409aa8ed,this also means all women are lesbians
0f04debb,it's natsuhi's interpretation of that event
fa09cb53,what i did yesterday (rea
e1688f3c,trying to fix his shit ass nnternet right now
e1688f3c,5 in the morning hot zamn
87df89af,"But Battler is a pretty complex character, so it's a relatively high bar"
13a6ed2b,i think its meant to come off that way even in the written japanese
b4690dc2,the gang's all here it looks like
d0d252d6,I hope these sound clips from these streams aren't taken out of context
fa09cb53,there are some faces :troll:
c3e052ec,Eva stocks have been removed from the market
fa09cb53,also one more thing about this
fa09cb53,danh sap mat loz nha no thang ngu dan !!!
048fc8de,I could see it fitting in umi even tbh
d053e1b9,Inquiring dadapons have questions
c73b2cb7,couldn't have been THAT bad
00d5165a,therefore is an all timer
b088e603,We found the bad actor gettem
fd46192f,this is where i realized what deep blue jeer meant
f06d395c,Btw does anyone know when Joe said the Umi streams were starting in Jan after the leap day stream?
d25281cf,Umineko is very respectful of lgbtq+ people from what I remember
fa09cb53,you have to download the agif plugin bro or else even if you export as gif it will be one frame
fa09cb53,read the article above bro!!!!!
048fc8de,(in terms of gore I mean)
df4aa97d,all I see my point validated
37f869c9,sorry if i forgot anything
23cb59d8,I think it was also said that the murder was done by a human. I don't remember though.
b478b463,chat goes nuts over everything tho - source i am chat
d64c58dd,yeah cuz witches don't exist
13a6ed2b,oh my god raincoat virgilia
6b81da02,I made a visual novel and I thought having my artist draw like.... 8 of them was a lot of them lol
fa09cb53,national geographic channel season 20
fa09cb53,i love xxxarabtacion!!!
d0d252d6,why are people stirring the pot
19845065,Jelly says INTERNATIONAL WOMEN'S MONTH IS NOT OVER!!
b8eaf23d,well i say that for joe specifically since umi is probably one of my top things period
bfa4eaa7,i still get confused though
29178c9d,moving from moncton to moncton
f06d395c,I did watch it again after watching it in college and it's kind of a mixed bag
e1849ed8,"""The risk/reward for my child is INSANE"""
bfa4eaa7,"umi full if anyone ""solves"" the epitaph I'm accusing them of cheating it"
ecece11b,honestly don't remember that ever being directly stated?
f06d395c,I wasn't feeling this stream at the start... I have completely come around... sasuga Ryukishi-san
7e5b9ca6,i umi on her neko till she no naku koro ni
f358d26a,I know but I’m referring to things like “I’ll end this now” meanwhile there’s still x episodes left
b34c2493,how bad is the higurashi anime compared to the VN with those scenes?
f12c8aac,edit in spoiler tags plz
29178c9d,we should have made joe play the fighting game first
13a6ed2b,umi fake spoilers  holy shit.. gohda is the endless witch... 
eef09ada,The art in those is so much better
409aa8ed,ever since then no one in the twillight fanfic arena supported fanfics like this
fa09cb53,bratty nobel prize judges
0be52b7c,Apparently it gets pretty funny later because the protag becomes unhinged af
5b7aedab,yeah both suck to be blunt
f06d395c,"Then at some point, maybe triggered the murders or they just happened to occur on that day"
d053e1b9,I hate how they're kind of right
b9f82b61,that makes room for a 19th person
219c8209,oh shit I got dnd right on stream time
8aca22aa,It'll be a stream meme when it goes beyond Umineko
3635ecbf,IT'S MEANT TO BE THAT WAY!!!!!!!!!
db13175c,man i want pizza so bad
0f04debb,what's your truth anyhow :0
f06d395c,Yeah I'll do a reread far into the future
d25281cf,so women have to SHOW themselves to earn your respect? mhmm
ba52ee3b,should've put it under my bed
3161237a,You should at least watch the last 40 minutes or so
60a3779e,How so? I thought that was Saturday stream
d64c58dd,Did he sew a sakutaro
d64c58dd,Homestuck stream gonna be lucky if we even SEE Sburb
c3e052ec,YOU MADE THE SANDWICH
fa09cb53,you can see how it is basically the same thing
d0d252d6,glad to see this channel back
e1688f3c,you going to shit at the final one
83aa7c93,oh Battler's fingering again
0395bfca,Untagged spoilers bro
ba52ee3b,i instantly clicked it on reflex bud
d0cb4aa9,Of course I've never touched limbus
888037f1,is very easy for a fandom to take common criticism but a new one not so much
c73b2cb7,"hehe, maybe I should write a ruina analysis then"
f06d395c,Nah Suzaku is as much of a centrist as George is
db13175c,Iirc it was posted in twitch chat
31a02125,congratulations on the tutorial
219c8209,"Actually don't, I don't really want to fight over it"
fa09cb53,smh watch funny clip
df4aa97d,OOOOOOOOOOOOHHH okay that makes sense
fa09cb53,isacc in peter griffin costume 😨😨😨😨
fa09cb53,too late!!! incantations spell!!!!
bfa4eaa7,the only way I'm reading higu is if someone drags me through it with them
94b5b4c9,jelly hates the whole answers arc?
f06d395c,I mean we definitely need Greg to come in and go OHHH EVAAA one last time
94b5b4c9,AND SHE DOESN'T WANT TO SAY IT
d1712dc0,every time expect 2 I think
e1688f3c,holy shit so fucking sleepy bro 😔
fa09cb53,no retar ass its the total value of all goods and services produced in an economy/domesticall 😤 😤 😤
0fc6bdb1,"hear me out, umineko but the goats are depicted as star wars storm troopers"
7e5b9ca6,literally the first thing i do when i join large discords is mute the vent channel
94b5b4c9,"Yeah, so these two statements don't exclue _locking_ with master key :)"
fa09cb53,therefore it cant be transmitted within your body
048fc8de,"umi 2 red truth is such a good mechanic, going to have Joe more locked in than ever before"
20bf120f,Gaze upon Georms and despair
20bf120f,"Ok, and it also says ""near her collarbone"""
73e128e5,what point are you at
e1688f3c,you mean he was studying in ig2 when we were in ig1??
e1849ed8,such a based choice I actually couldn't believe it
94aea54b,It would be funny if all the umi readers slowly transition into Misericorde readers in here
12e5897b,Think it's called a cicada
1fd2119c,"It's referring to you, so yes"
b8eaf23d,Had to tell joe to not read it specifically
621bad4b,"kanon's is never found in episode 2, though"
fa09cb53,aaron lad destroys his mate with powerful thrashing
8264f965,Ange your universe has collapsed!!
b4690dc2,kinzo and beato especially kill it
fa09cb53,_email vinuniversity_
7e5b9ca6,but i have a mikes hard in the fridge im drinking during the stream tmrw
0f04debb,iirc the artist behind the portraits is the one behind the console sprites
6c6ab8c5,Her face does not match her speech
d0fb1a3c,The lyrics for OP 1 are so good
fa09cb53,you ate hi m????? HAAHHAAHAHAHAHAHAHAHAAHAH
5b7aedab,wtf am i doing i don't even play tcgs
b58b70f8,im a relatively new joe viewer
df4aa97d,We really need to change the locks on that holding facility
13a6ed2b,people being weird as fuck
fa09cb53,wtf monster spawn rate will higher 😱
d053e1b9,Or you can change it to something that's not much more useful
87df89af,People can exhibit more than one sin
d25281cf,tbh i feel like its all ~~useless~~ moot wrt to the epitaph
87df89af,"I don't know why so many people want Joe to play Fate, it's such a bad idea"
f06d395c,Feelis like it's gonna go for 3 more hours lol
29178c9d,i bet nanjo still believes in santa
ba52ee3b,for some reason when i saw you i thought i accidentally clicked on the umi full chat
fa09cb53,wait nvm that both igg 🤦
fd46192f,just gotta watch avarisi's supercut of the first stream to get past the intro
13a6ed2b,its electron im 99% sure
02ff68a1,Or a reflective exercise
17a6b71b,Sure were a ton when I was there
fd46192f,yeah i think he talked to eric
fce5d05f,Umi full  so did kumasawa look like virgillia when she was young? Because if so
da0c8d98,They’re both trash but I hate the lol random of lambda more than the nothing of Bern
fa09cb53,something is fucked wit the premiere
754e75ac,this just popped up on my recommended
e8ad9e34,i thought bits were supposed to be funny
b8eaf23d,Its very funny i specifically said this is not reverse psychology I meant it
0395bfca,Thematically it makes sense given that ronovoe mentioned its a game with no love
5c3e45cb,"without love it cannot be seen? wow, beatrice, parasocial much?"
b9f82b61,i did not see this coming at all
1fd2119c,How can I lose the game if I've already lost it like 50 times before :(
b8eaf23d,it worked out anyway since we got a decent amount of people to stream it whilst joe was gone
e1688f3c,joseph maternal figure tu juego
725720d2,"Nope, only onikakushi"
162b34e4,Can you sit through 4 hours of Umineko stream 1 again
e1688f3c,don't steal bro i trust you
e1688f3c,holy crap this is getting.. .. crazy!!
e1688f3c,you learn shit you don'
d25281cf,On social media I mean
fa09cb53,but make reference to /x/ and something awful which really breaks my immersion
1dde7edb,the number of nanjos on this island = 18 < X < 19
e1688f3c,eminem got his cock on the chopping block
fa09cb53,u unda the mine control!!!
b9f82b61,then they would have to resolve 7 episodes worth of murders in 1 episode. no way that would end well
db13175c,Also whoever kept dming joe about bern and lambda i hate u
b478b463,Umi full  did Yasu start wearing the eagle after kinzo died or before? 
7f542ba6,"yeah, umifullers, learn to sit back; not everything needs a reaction etc"
fa09cb53,yeah but i have to hold it down to grapple
b7287936,Ive only heard about misericorde from umiden
441da1e5,Which it can't be if we trust Dlanor
048fc8de,An yeah I saw that stuff really unfortunate we gotta be better than that
eef09ada,Ive gotten spoiled multiple times by unmarked messages and fanart
e1688f3c,i remember bitches playing some
73e128e5,fucked up making this is a pick one instead of tag all that apply
b478b463,Not a spoiler idk why discord tagged lo
e1688f3c,funeral/mortuary humor
1fd2119c,Ahaha... 😅 about that 🤭
fa09cb53,Started a call that lasted 0 minutes.
b8eaf23d,if i was in a contract under beatrice I would be snide too
d64c58dd,Just not a lot of subtext for jelly’s narrative analysis brain
94b5b4c9,but wtf are the twin towers?
20bf120f,"Ok, eva and yoshi were most certainly killed by a stake launcher"
888037f1,i have outsourced all my hate for elden ring to its fanbase
34ab5fad,so... actually no that's still shannon huh
fa09cb53,guy on security for some reason
b621b1a2,not very feminist of you evatrice
fa09cb53,archive org server kind of weird idk but idm recommfor downloading from there
e1688f3c,i was thinking 3d more because it would allow for more interactions with the environment
db13175c,lethal company would be fun to see
ecece11b,When does an umineko end? This is truly the question of our time
162b34e4,Thank you mousetrice
ae10a8f4,"Manga has some pro and cons, but it's a viable alternative if you bounced off the vn format"
13a6ed2b,i know kinzo references his crucifixion in ep 1
5b7aedab,EVA evolved into EVA-BEATRICE!
fa09cb53,unless theres microchips in them!!!!!
b478b463,Normie ass poll results tbh
eef09ada,Wait I should just do a poll
e1688f3c,analog horror causes cancer!!
56d90223,“Kinda” is a understatement he’s like “if god won’t do it I will”
81be09b8,That's such a cool shot in the opening. Shame that opening has so many spoilers in it.
0f04debb,thank you for your service 🙏
1fd2119c,I'll just have to read the entire rest of the story today to find out
8441b39f,The couple seconds lost with battler confused was what made the ending work
23f5bed1,and how they're bad and they have bad higurashi stuff?
725720d2,DO NOT SLANDER MY GOAT KEIICHI LIKE THAT
f06d395c,So about a few hundred thousand dollars. And with PPP that's a hefty chunk of change
e1688f3c,and then switch when necessary
20bf120f,"""The children mustn't see. Seal the room immediately"""
b4690dc2,They could get her key just once and make an impression copy
d0d252d6,(Yes I already finished it)
fa09cb53,yeah bro he got into the deadly weapons convention
eaddc5d1,for me this is almost any classical piece after watching princess tutu
87df89af,Well the text seems to corroborate this idea that she's a divine being
07e46c25,mouse cackle on the soundboard
621bad4b,i can't even remember seeing kinzo at all this episode other than the scene where he exploded
fce5d05f,Still haven't played portable
30a0ff40,Yellow and green The finest veggies Cyseal's ever seen
441da1e5,"I gotta ask, how does Beatrice's creepy faces compare in he OG and pachinko sprites?"
bfa4eaa7,"""you all"" as in the umifullers who are currently speaking in this channel at the time they said it"
e1688f3c,they won't have a source of income anymore
e1688f3c,cockroach juices everywhere and shit godd ddamn
d0cb4aa9,oh god someone is reading umineko stay calm
02ff68a1,it's more so just bringing back up alot of stuff that was originally mentioned several books ago.
5b7aedab,"cw abuse ""how many times can a small child be smashed with a chair without dying?"""
8f76cfa5,might have surpassed the ep3 trio stream
fa09cb53,Started a call that lasted 0 minutes.
fe7bc02b,when did adults ask for water? was it late into the night?
b4690dc2,leap day was cream or gv simply for his hubris
d64c58dd,I think nanjo memes are one of the best things to come out of joe's streams
ba52ee3b,thou wouldn't hath seen it
0c247e09,RONOVE WITH A STEEL CHAIR
e1688f3c,now you can get off that shit ass laptop!!!!
60863448,Higurashi was just always more popular
e1688f3c,so i'd have to say first one
e1688f3c,devastating for nintendo
441da1e5,"Just finished 7, started 8"
f06d395c,Did the questions arc have one?
e1688f3c,just girly things 🥰🥰🥰
db13175c,i could genuinely do a small write up about all the characters w full story context
68aa81ad,"umi 3 i don't hate then is just think they drag a bit, THE NEXT ONE is fun, but this is kinda ass"
e1688f3c,widzthardthy knoweth nil bounds
96bf8c05,Aint noone got time for that
f06d395c,Going by the chat responses and Joe's own comments
f06d395c,Can I ask Joe to read this in a Mickey Mouse voice
e1688f3c,ain't no way this shit is
f06d395c,This has to be THE most active a collective group has been about Umineko since release right
df4aa97d,Reading umi 3 - 4 by stageplay conventions alone 🔥
d1712dc0,"6 in 1986, 6 in 1998"
fce5d05f,And persona 4 is an AWFUL mystery
24ea4ff4,human leather hats 😍
7e5b9ca6,frieren more like fartren
8264f965,so she wasnt the miscarriage?
0ef04394,well played ryukishi
d64c58dd,well I do a mentions tag I mean
7e5b9ca6,at the least they go back on the boat and to the police station
637beb8b,we know how shit it is without paying
f06d395c,Feels a bit weird to lump both those things together
5376ff2f,Just riffing over here
34ab5fad,I need the Forget Umineko injection
daee0717,haha yeah she’s so gross for sure
d053e1b9,Where does the peam meme come from
87df89af,I'd be curious what the exact Japanese terms are for a lot of this
ba52ee3b,he's the equivalent of markiplier like
7e5b9ca6,well its technically spoilers so its fine
af26db04,"i am actually speechless in front of this phrasing, i have to kneel, ggwp"
b4690dc2,where you draw the line is arbitrary
bfa4eaa7,he'll keep reading and figure it out
73e128e5,umifull spoilers has literally everything untagged
048fc8de,"yeah it's rough, luckily uh when you're from the US everything is cheap at least in Japan lmao"
7350c9e4,"Actually, it goes over it lmao"
e1688f3c,doom like the old one?
d053e1b9,"With AI, bullying is EXPONENTIALLY worse"
fa09cb53,tell him he would be an absolute legend and will get bitches
bfdf84c8,The tea party represents what the news said about the incident
02ff68a1,"Like, white horse, her anger at battler, etc."
94b5b4c9,"If you gaslight, you're obligated to use green text"
eaddc5d1,Mouse is gonna be on tomorrow tho
0395bfca,lambda implied that beatorice torturing rosa was in order to get battler back on his feet
fa09cb53,the beginning premise is for king bach to catches the criminal and help the woman
e1688f3c,you've already won at the underground railroad thing
d053e1b9,WTF AM I DOING USING A WEB TOOL I HAVE GIMP INSTALLED
20bf120f,"Jelly and Hoe have too many good ideas, they think of the things before I can 😦"
048fc8de,fr this happened with early ep 2 and I think it will happen even more here
d053e1b9,"Nice try, being in THIS server"
fa09cb53,vinuni league of legend autochess gameplay (insane work ethics)
e01533e7,I find it hard to believe that it is more likely than certainty
f06d395c,What else are you reading
ecece11b,Sorry I was lying I couldn't actually think of anything
dfbdeb12,makes sense why she was disentisized to her mother's death in ep 1 lmao
b58b70f8,i wonder if she'll sing world is yours
b4690dc2,think fighting game option select
5376ff2f,"look into nanjo's pure, unassuming eyes. get lost in them. he would never do something like this"
8248ef7e,this but unironically
250b0a9b,"I agree, I get reflexively mad whenever the writing says ""In other words"""
888037f1,and the murders didn't happen/wasn't comited by her
bfdf84c8,Does she have a pirate hat in the original version of Umineko?
ff63de9e,THE PEAAAAAKCLIFFFFF
29178c9d,oh good scene coming up
aeda0791,Think the manga is good
bfa4eaa7,but I don't consider myself trans in any meaningful way
b478b463,this is one of my fav songs in umineko
c3e052ec,"the pfp image was made by a friend
but I added the funny glowing eyes so it's like 2% me"
f06d395c,Yeah she started off being kinda normal and then became all evil and shit
b4690dc2,I like her original spirtes
b2620544,my weeb he gets it all wrong
fce5d05f,Why are you bringing up blue lock in umineko stream chat of all places 😭
13a6ed2b,mispronounced descartes smh
b9f82b61,"ah, that makes sense"
0dde8c4c,Senritsu with vocals is godly
b4690dc2,I bet you liked long ring long land
13a6ed2b,the PS3 dev doesnt exist anymore
f06d395c,Possible. I'm not ruling it out
441da1e5,First letter is more of an M than an L
8aca22aa,Joe said he's finishing ep4 a week from today
b7ad7f9c,if you look past the child abuse she's pretty hot yeah
b088e603,"You have good humor, you're not alone"
f06d395c,I think the schedule originally was to end by July
eaddc5d1,chatter im so sorry i have to snail you
0fc6bdb1,remember beato turned maria into soup
e1688f3c,so that 4chan members can
17ce7674,"I dont think Battler ever made the detective proclamation, right?"
29178c9d,i can already imagine heated debates about certain things that would be improper to mention here
87df89af,"I'm talking in magical terms, I don't believe in the 'there's a real explanation' shit"
5dc7b18f,is he in the fighting game?
fa09cb53,yeah bro its the crazy image
76bf3cd7,I've only read 10% of the comments so I don't mind
f06d395c,For one the animation was the most inconsistent in any anime I've ever seen
70cb8f0d,"it's what the ""I prefer bikinis"" option was for 😭"
13a6ed2b,"you know why, chatter"
0be52b7c,"Good question, I actually dont know if all this time we've been seeing kinzo's ghost"
20bf120f,Because that picture doesn't... look all that great
0395bfca,"the cuck coffin might still be the funniest/most surprising thing joe said, genuinely did a spittake"
60863448,shit on the anime designs all you want but just remember: at least theyre not the pachinko designs
db13175c,what like Maximillian or something
f06d395c,Texhnolyze is depressing
db13175c,people are being really bad faith in here sadly
1fd2119c,The rare serious and somber tsumari
bfdf84c8,Krauss is too much of a himbo to shoot someone
fa09cb53,remove all their faces for epic lols :umad:
b4690dc2,gto actually is pretty good is the issue
bfa4eaa7,i play with my friends and have fun most of the time :)
7b564ea9,">be me
>ushiromiya george
Fuck you, story's over, you're stuck as George for all eternity"
b4690dc2,I just don't feel like changing my nickname
fd46192f,body parts were found
e1688f3c,not corporate ladder doe this just neighborhood ladder 😔
754e75ac,good thing he paces himself
87df89af,"In any case, attacking the genre that people feel a connection to results in the same effect"
c73b2cb7,when are we getting all the jelly sakutaro chad fanart?
441da1e5,"My favourite pin was ""Hello, this is the lockpicking Lawyer"" that was an entire paragraph"
17ce7674,I just come back to hear dead angle huh?
db13175c,"Umineko + Higurashi  You can say this about Umineko too, that's just how mystery stories are "
14b12b71,THEY DID IT FOR THE EGG CHAIR OKAY
fa09cb53,this is how walter becomes heisenberg
e1688f3c,guess no grape surgery
ba52ee3b,but there would be no reason as to how would one even know all of this
653b6fd3,But it's a minor gripe
29178c9d,"joe did only read about 3-4 hours total, i think that's fair for an opening"
d64c58dd,I know that umi3 rosa and maria die soon but idk if that's the NEXT next scene
505a43d8,"she name dropped ""teacher"" right after so not really tbh"
7e6f63ae,Otherwise it'd just conclusively not cover any non-corpses
e1688f3c,lower part of the toilet
62c1fbf7,"listen, Hellsing already got people with a fascist blonde cat boy. This is just icing on the cake"
fa09cb53,bags shit is good tho!!!
fa09cb53,looks like some kind of cambodian genocide victim picture
219c8209,How can we pressure Joe into cosplaying battler with webcam?
eaddc5d1,I knew it would be peak
5b5d9821,Even has him teleporting behind someone and everything
17a6b71b,Eva really did go full conspiracy theorist
d2cbae83,How has this not been relevant
8f76cfa5,IT WAS DIFFICULT TO PUT THE PIECES TOGETHER
df4aa97d,true cinema can't be ignored
fa09cb53,da lord rises mechanically!!
b8eaf23d,"i think he'll say ""I wish that was me"" tbh"
fa09cb53,"oh ok then cock busted out start  doing the ""business"""
8248ef7e,"Umi full it's actually an umineko reference, we have DID"
1fc172f8,I think Mouse was referring to this post
ba52ee3b,okay guys we need to bring back umi 1 as a spoiler tag
e1688f3c,i'm saying it shouldn't be as crazy since the hood isn't unified
e1688f3c,glory be to qllag 🙏🙏🙏
b088e603,3 I think has some too actually
0fc6bdb1,ok so where is the chapter 3 eva style 4 hour section over-explaining her victimhood?
f06d395c,Took up the whole screen
fa09cb53,comp is like accompying the music
e1688f3c,you still working on the funny
f06d395c,I dunno in episode 2 it felt so over the top and insane I feel it was someone else
40497259,I'm not. there's math going on in the bg of my brain
f358d26a,Or the sounds of the insectoid shibito especially the spiders and their screeching siren
505a43d8,yeah the music bumped up when we movedd from the golden room to velvet room
f06d395c,Not anywhere near all of the ones on the board but a decent chunk of them
8c33dd74,"for some reason my first thought was ""Why is she a centaur"""
6cd41a0f,Yes tbf the entire??? Of 2 requires higu knowledge in general its just a insane tonal whiplash
94b5b4c9,"I also like boobs, he's just like me fr"
fa09cb53,no more ice cream :Angry:
ba52ee3b,don't ask me how this happened
b9f82b61,well acktzallly the first expedition was expedition 0🤓🤓
0b843864,EP3 really was just Kyrie solving everything instantly huh damn she’s good
db13175c,General community consensus has 2 and 1 the lowest
3161237a,George using the Mario Bros music
29178c9d,yeah but kumasawa turned into virgilia that one time
24ea4ff4,I do like stacking artifacts
13a6ed2b,"i really liked root double, it is pretty insane"
f06d395c,I feel we stopped right at the precipice of something big
f06d395c,IMO Umineko took way longer to establish a hook
e1688f3c,no that's where you are
13a6ed2b,yeah thats way too hater for me
5b7aedab,he'll have slurs off at least
048fc8de,this is crazy I did not know about this lmaoo
fa09cb53,admin admining you rn
76d9877b,🌂 evidently if your theory resembles numerology too much you don't get any COOKING reacts
f466ee86,can we do some artwork based on that
fa09cb53,he got shot by la gangs 😔
eaddc5d1,"ive told them the same thing, yeah"
409aa8ed,"""hot dudes""
no ojiisans"
fa09cb53,yeah tryna do it on phone rn
bfdf84c8,Episodes 1-8 are the tutorial so we can fully understand and appreciate all the george content
b4690dc2,you ever read brogulls
e1688f3c,five nights fucking??????
73e128e5,ik umipro uses slightly more sprites though
219c8209,George doesn't hold any power nor respect from sayo
7e92c265,I dropped tgaa1 on case 5 idk why really
250b0a9b,"Don’t say what, but I watched it and the only spoiler I noticed was red truths"
b4690dc2,It’s a single master key I believe
048fc8de,this is obviously ryukishi foreshadowing his death
e1688f3c,dumb ass pussy bitch
d053e1b9,I'll update it after my next reading session
eaddc5d1,"No actually, I maybe covered it as a literary movement for like, a semester total max"
eaddc5d1,I let out a full-blown involuntary hauuu~
20bf120f,"yeah, not really fair"
7e92c265,"I don't remember them saying ""in other words"" that much in umipro"
fa09cb53,this thing barely have any weight to it
49b618b9,Where is the spoiler chat
5b7aedab,get a mod to add a `@roblox-baby` role just for epic
505a43d8,"yeah ofc, idk if i'll be able to catch much live anymore tho"
b8c9a0b4,parts of ep4 already have for me but thats likely for very personal reasons
20bf120f,You can also believe the Kinzo in a dress theory
f06d395c,Well Umineko doesn't have Angel Mort
70cb8f0d,"I'd like to watch ""from my cuck-coffin"" ™️   without a mic but I can't currently 😢"
c73b2cb7,We need to hold a ritual for that
f06d395c,Oh I completely forgot we had the blue truth introduced stream before last
fe851805,Isn't one piece concluding soon?
87df89af,Sayo did not author this episode then?
0f04debb,bro should've lived to see r/niceguys
c3e052ec,If I'm asexual am I a 5 or a 1
fa09cb53,blue spy in the base! 🤣 ☝️
7ebc065d,i can find a timestamp from the vod if youd like
fd46192f,satin room is wherever catatonic beato is
daee0717,i think i know the answer but im not sure so lemme kick it to umi full
621bad4b,like that's the question
e1688f3c,because i do not know how before a few days ago
fa09cb53,black pink or beloved mother land
a4536011,it got old relatively quick considering that the streams are not even
70cb8f0d,he is the only one confirmed in tips as dead so yeah
71084104,"Seriously tho, I fucking despise rosa for what she has done to maria, but I still dont like maria"
5dc7b18f,Umibros we are back in normal schedule right?
70cb8f0d,Mouse will you show Joe your favourite Nanjo reactions? can we have like a tournament?
30a0ff40,don't worry battler didnt see it
fa09cb53,isnt it what the saw is doing here
5dc7b18f,"so uhhh when I said, I didn't realize I'd be proved wrong this soon"
5c109dad,"please popular streamer, revive the ciconia hype"
e1688f3c,due to the expectations that has been set in the title
e1688f3c,like feminism going to start an army and invade the world
e1849ed8,They used the term katakana but didn't replace cursive with kanji?????
7e5b9ca6,*smh midstaw man in 2027
73e128e5,boycotting silent hill if it doesn't have 5 battlers in it
219c8209,He tastes like stool
ba52ee3b,"""NO THIS GUY IS NAMED DANTE.... NO NOT AGAIN THIS'LL BE RUINED IF I READ THE DIVINE COMEDY NOW"""
20bf120f,"Since Jessica would have this key on her at most times, right?"
d0cb4aa9,Thats why i mentioned the media coverage
62c1fbf7,Will is Battler but hot
d0d252d6,"I’m excited for the stream, you will enjoy the part you are gonna be reading"
8aca22aa,you need a doctor to pronounce deaths
3635ecbf,I think we just need someone to cosplay as Beatrice and joe would fold instantly
5c3e45cb,wait until you hear about being 5'11
e1688f3c,why the fuck do i have so many arrows
8aca22aa,this is also a silly conversation because joe could not possibly get past the first angel mort scene
5b5d9821,Golden Deer if IS aren't cowards
20bf120f,"Yeah, we really shouldn't talk about Krauss and Rudolf being secret lovers in umi 6"
b8eaf23d,ill wait a few more years
c102de5b,Yooooooo Minecraft Dungeons????
ff63de9e,i dont think mine would give a shit
b478b463,There's a chance Ill be busy tho so dw if Im not here
fa09cb53,yes bro you can tell my their facial expressions
f06d395c,Maybe that user is seeing more tweets
c73b2cb7,they got free steam giftcard though
e1688f3c,bored in class so i overlapped 3 books
250b0a9b,and Battler's biological mom could have really really strong red hair genes
b58b70f8,"""aw that scene was so cute"""
02ff68a1,can't believe the story kinda humanized kinzo a bit.
e1688f3c,anyways bro you penis right now
d8b37c35,you think i know a person who has touched umineko before ?
0be52b7c,Full metal daemon: Muramasa
77ee69dd,"Prolly ""mystic forest"" too"
bfdf84c8,"5 might be the best paced episode, so it has that going for it for sure"
13a6ed2b,something sounds wrong about that
f06d395c,I liked it too but the lack of Keiichi hurts me (Higu 9)
7829cb39,I don’t know if it is actually spoilers it just makes my brain think
d64c58dd,no way it's a cream stream for sure
d64c58dd,I wanna play rosa so bad but man the butter you gotta churn with her
683b95f7,i just wanted to play mahjong soul
0e8ba699,localized entirely within umineko den?
8aca22aa,yes he was he was under marias bed
31a02125,it is included in the Higurashi Rei on steam
505a43d8,"yeah im not saying we know for sure, but jsut that that goes both ways"
ba52ee3b,i'm literally battler btw
1fd2119c,Is that even a meme format?
51a6abb9,hundreds of hours of kinzo wolfing down dominos
b9f82b61,joe is mad he didn't get to show off his lesbian street cred
7e5b9ca6,"yes, even the bad ones"
fa09cb53,fuck you then tuck you in for bedtime
2f767d41,their sprites arent as badly drawn as some other ones oddly enough
d64c58dd,I just remembered something that's gonna happen next stream umi3
e1688f3c,goijgn to mi madre aout
fce5d05f,Egghead and elbaf have been unreal
e1688f3c,bitches can still get you
f06d395c,I'm just the rubber duck
ba52ee3b,what was the schedule suggestion
29178c9d,ryukishi just loves women
810fde7b,We should have warnings that this is the non spoiler channel in regular intervals
fa09cb53,you be like!!!! 😂 👆👆👆
e1688f3c,stanley yelnats 😂😂😂😂😂
441da1e5,"Please just write a book, save your readers eyes!"
31a02125,it's just a funny meme spread around for umi
d5284187,i'm glad we're in the middle of the blanket streamer era
5b5d9821,It's Twilight 3 with Bryce Dallas Howard recast as someone from the previous movies
a11b1797,1 stream away from episode 6 lol
17ce7674,he was quite baffled when told no xd
1a0cc9d8,"That's the right thing to do chief, no peer pressure"
e96e7c0f,he has like.. less outfits than the average character how did he win
d053e1b9,This looks like AI I'm afraid
31a02125,no just playing safe
b4690dc2,I mean if you came from the states...
6a72c052,"I'll either catch vod or play it, idk yet. Definitely will check out the 2 stream with guests"
b2620544,"But my weeb, someone wrote the story. Not lambda."
e1688f3c,november3rd 2077 bro mark the date! 1
1fd2119c,"When Redux cried, there were no streams"
048fc8de,Me neither I’m on a trip until Monday and won’t be able to watch :(
f06d395c,I'm so ready for more bullshit
fa09cb53,damn thats great steps
1fd2119c,Can't bring yourself to say it in red? Can you? WHY IS THAT YOU MAY ASK?
8f76cfa5,ok so murder is fucked up because beatrice is a woman?? let people enjoy things??
fa09cb53,thats it cuz dont wanna stand up rn
fa09cb53,powerful statement on society bro
fa09cb53,first time walkin into a bookstore in years
fa09cb53,real food ???? no fucking way
8e4a44e5,"joe was on ""lock her up until tomorrow"" train since parlor scene"
87df89af,'I finally put the puzzle pieces together that were right in front of my nose this entire time'
3c6ae2a1,Joe is gluten free too??? I feel so seen
17ce7674,"Yeah, and it's their worst part"
fa09cb53,still the point i was going to make is that
c73b2cb7,or is it only cat and mouse?
5c345fff,accuracy rating 0.00%
b8eaf23d,Thay one needs it all
e1688f3c,i finally finished cleaning up the bruh thing 😩😩
5c345fff,"oh man that’s a lot
ty"
24ea4ff4,it works a bit less for umineko since there is no such emphasis on contrast there
0b843864,FFS IT WAS A CORU POST ALL ALONG
e1688f3c,if each timeline is seperate with the exception of the player's memories
e329c772,I think you just called jelly a prince-
17a6b71b,Natsuhi really became a third wheel to her own imaginary Kinzo. So sad
a0138967,NO ROSA THEY FIND OUT YOU ABUSE YOUR CHILD]
29178c9d,we're in shannon shield scene
60a3779e,Battler gets replaced by Doom Guy
0be52b7c,This is fantastic man
505a43d8,"i was a little late, we haven't moved right?"
930f6b07,"That's nonsense. A console is a computer, what's the need for the C?"
bfdf84c8,Nanjo in the Oceangate submarine
fa09cb53,then this shit is still lame and boring
441da1e5,What was the deal then? Just un-coordinated spamming from umifullers being annoying?
f06d395c,I don't think we're as good unless it's super obvious
e1688f3c,wtf real cryptid spotted
ff63de9e,NORTH WIND AND THE SUNNNNN AHHH
f06d395c,I think I should be able to try and solve this some time later
96bf8c05,r/plumbing unironically the funniest subreddit
0c247e09,If he did it would be easy to make a list and add times but he didn't
5b7aedab,"first season is... tiresome, but it's a great experience overall"
653b6fd3,Damn; I can't believe my good opinion of Rudolf was instantly crushed like that
24ea4ff4,but nobody can know which is which
94aea54b,I need to go back and watch that show. Only saw the first 6-8 eps I think. Enjoyed it quite a bit
e1688f3c,was going to make melody but no idea how to do that in this time signature
9ad17933,Umineko is literature
ecece11b,It's like a more direct port of the PS3 version
df4aa97d,"""Hi my names Greenie-Battler Ushiromiya. Pretty strange right? you try saying it. It's just 求理新 闘人."""
13a6ed2b,"goodnight umiden, i feel like im gonna fall asleep on my keyboard rn"
ff63de9e,ok but maria is like sub 20 IQ and no one is convincing me otherwise
f06d395c,And whether she really is a separate witch entity
c221bc92,oh shit is joe finishing episode 3 today?
b4690dc2,Even rosa hates herself
e1688f3c,damn chinese sounds aggressive
b4690dc2,I'd say it's family if it's a standard familyjo
13a6ed2b,"WAS THE ""MOUSE WONT BE HERE FOR THIS STREAM"" A FUCKING TRICK"
fa09cb53,me after having fun then realizing it wasnt funny...
a912f63f,just casually jumped layers
e1688f3c,will he be surgically inserted into a peach??
549f4fe0,"sees that mouse is joining

MY PROPHECY"
7e6f63ae,"Oh you didn't know? Maria's rabbits wield little guns, it's just not been mentioned yet 🙂"
20bf120f,Is this up to the current stream?
fa09cb53,he either young as fuck or autistic
e1688f3c,this will be irrigation in 2016
fa09cb53,if jeffrey epstein was president
da0c8d98,Tbh I only remember 45
13a6ed2b,yeah they should really have a website or smth
daee0717,ok well since you still didn’t delete spoilers i’ve done it for you
e1688f3c,one small and one normal sized
29178c9d,umi 4'er tagging umi full
fa09cb53,too late going home now
d25281cf,Half the chat was complaining about twin towers
e1688f3c,the industry plant degenerates
e1688f3c,then f(x) = k will have 3 possible solutions
fe851805,Why do I fucking giggle every time evatrice does her giggle
e1688f3c,ok seeking back to where i was now
02ff68a1,"Currently on my knees praying I dont become a ""joe just doesnt get it"" umifuller one day 🙏"
e1688f3c,the hael is megahack
8248ef7e,"a lot, I doubt the majority of viewers have experienced it"
fd46192f,"ah yes ""my daughter plays with toys"" what shame"
653b6fd3,Another sane person nods
e1688f3c,probably because of market bubble
7e5b9ca6,but you wanna know whats better than stupefaction
fa09cb53,🪟 bill gates dick sucker
eae8991a,"Witch constitution: be evil or be denied
Witch bill of rights:
1. witch
2. Witch
3. Girls rule"
e1688f3c,i've been here since 1 30
e1688f3c,didn't do anything in the morning because i was watching catherine 👍
73e128e5,"that's also a choice, using 07th you can have british jessica if you want"
e1688f3c,damn i'm trying to work on some dumbass shit right now but still have assignments not completed
0e8ba699,I would assume next tuesday since saturday is jelly stream
5b7aedab,not really a spoiler but slightly more specific if you feel you need it: CW: Sexual assault
7e5b9ca6,umi2 what is this?? RED TEXT?!? guh.
e1688f3c,not switching to unreal
e1688f3c,see bruv i am smart innit
250b0a9b,He'd have that penis one from the first p5 boss fight
b2620544,So.... read it at your own risk
60863448,"the deen anime, actually"
40497259,feel free to substitute Beatrice's dress for something else
441da1e5,Yeah alchemists are those that follow the principle of equivalent exchange
1fc172f8,"""economically literate"" doing a lot of lifting here"
e1688f3c,this takes me back to my childhood bro
f06d395c,What is this mysterious object in your pfp
fa09cb53,high school mfs was fighting
e1688f3c,EMINELIMINATION.EXE V2.1
505a43d8,Featherine collecting all the chan-deliers
1fd2119c,I miss Nanjo so much chat...
fa09cb53,oh ok yuo safe den : )
02ff68a1,I cant follow this red and gold truth convos very well anymore
5c345fff,the golden witch Cathar-ine is surely real!
b4690dc2,"in other words, tsumari is the sort of word that would be taught in a classroom"
e1688f3c,you get the 3d penis
8c33dd74,and not for the first time
ae10a8f4,and she continually flips
13a6ed2b,xeph you better thank dalmek
8441b39f,I thought it was a word play
5c3e45cb,so we can really talk about umipeako
da0c8d98,Oh yeah the fighting game
83aa7c93,Yeah but still clicking in and all
d053e1b9,I knew that you could fast forward but I didn't know you could skip episodes
8e4a44e5,"i liked s;g when i read it, but its been a while"
ba52ee3b,speaking like krauss here
f06d395c,Too much stuff piled one on top of the other at the same time
ba52ee3b,fate unlimited blade works
8e4b9907,"Yeah, that really doesn't work"
76bf3cd7,ok there's some other umi vods with 300+
c3e052ec,"Well LoR is one of my favorite games of all time
But it also sucks ass"
fa09cb53,lego star wars princess leia dancing!
e1688f3c,april trolling compilation
725720d2,Folded under zero pressure
68aa81ad,I ALT TABBED FOR A SECOND AND THERE'S GHOSTS NOW?
505a43d8,he said he's gonna read for like 2.5 hours or something
fa09cb53,the writer writing in the adoptive part so later they can have incest
f06d395c,Yeah it's very good. Just not as good that's all
20bf120f,"The end of episode 1, when everything shatters at last, right?"
d37288cb,manga reading stream would be hilarious
e1688f3c,don't match the tuition fee
13a6ed2b,rewrite of umineko where every line rhymes
e1688f3c,then the unity incident the other day happened
db13175c,same. one of the first shows i watched was highschool dxd
29178c9d,everything is a feminist metaphor
ae10a8f4,"""NO I KILLED YOU, YOU CAN'T BE HERE."""
13a6ed2b,more exact count  1h40m according to the playlist 
30a0ff40,wait what beatrice lost???
0ef04394,god its gonna be so painful having to leave my setup for a week and not read umineko
d053e1b9,He should play Katamari instead
5dc7b18f,"Omega Beatrice: NO YOU WERE SUPPOSED TO OBEY ME
The seven glowing Battlers:"
e1688f3c,and brother has all been trolled\
17a6b71b,The boobs are an optical illusion
73e128e5,ztd the whole offscreen antics really was just nanjo foreshadowing huh
17ce7674,And the beard lovers
162b34e4,you're thinking of 999
b18daefb,oh.... bunny...........
c73b2cb7,was the thumbnail red?
e1688f3c,the final doom is nigh
5b7aedab,yeah it's only 20 typical novels instead of 24
e1688f3c,why are bitches mad anyways though
e1688f3c,me and you are mother last night
14b12b71,I wish the steam version was actually good. It's incredibly cursed
9031449f,"it kinda is, but it's more of a ""do you want X to be the killer"" than ""X is the killer"""
fa09cb53,bro what the heck you are furry?? why are there two wolves inside of you 🤮
5b7aedab,let's have gohda pick up some meth
0eccefda,because then people will get mad at him for his constant use of pedophilic incest?
13a6ed2b,"it can be translated as ""in summary"" yeah"
7979ec9a,coru being called out
8248ef7e,so is Jelly at all familiar with Umineko for the guest appearence?
eaddc5d1,If Eva was a fake Beatrice then that lines up pretty well still
20bf120f,A layer above that is Purgatorio
d0d252d6,Cause he’s sad all the time
fa09cb53,i have accidentally clicked the revert change button on the original image
b8097e51,enemies to lovers ugh kill me
17ce7674,"ah yes, where oh where could we be in the stream"
b8c9a0b4,so how about them umi nekoes
5b7aedab,rodney you need to learn proper appreciation for _artistry_
94b5b4c9,I'm forever grateful for being a mod without access to umifull 🙏
dfbdeb12,And she only saw an aftermath
da0c8d98,Nodja already made an edit of the stream from 5 hours ago? Or Saturday’s one
29178c9d,maybe liking eva/hideyo is an umi further thing
71084104,Just dont explain anything
7e6ebcab,red truth isnt even true cuz rudolf opened the door
b4690dc2,it's so sad how there hasn't been more in that niche
219c8209,KYRIE STOCKS IN THE SKY HOLLY SHIT
83cb2bb1,Kanon and Shannon are fighting the stakes
b9f82b61,you turn him upside down and shake him
d64c58dd,Have you seen the opening
1dde7edb,it sounds way too mushy and weird to be vocaloid
94b5b4c9,"damn it, you were faster :/"
13a6ed2b,"i mean its not hard, its just a different presentation style called NVL"
a11b1797,The biggest mind boggler was Virgilia turning out to be evil. That really really caught me off guard
e1688f3c,sorry bro but i got suddenly lazy
637beb8b,chat what should I bet 80k coins on
e1688f3c,just finished le exam
31a02125,it'll go on sale next week
e43ba5b7,a blatant umineko reference
f06d395c,I think I'd give it some time
7e16319d,actually 2 other games
fd46192f,"well same, but this is where it really hit me"
b9f82b61,erica? not an ushiromiya
6d468d99,he thought the flashbacks before that were different timelines or something 😭
8248ef7e,blood pressure rising for every second that Joe isn't clicking on a new portrait:
0b843864,It's pretty funny lol
e1688f3c,wordington encounter
20bf120f,"ok, that's not quite true"
bfa4eaa7,i just wish we had better words than these
17a6b71b,It's so fucking over
70cb8f0d,Wait until you hear about english
bfa4eaa7,amily and unger: ermina
fa7275a3,"What's there to argue about, we all love Bern"
b9f82b61,everyone shut up a woman in a suit has arrived
eaddc5d1,Did i miss anything?
e1849ed8,Why is Ronove mewing
db13175c,for me what matters most in any story is character writing
b2620544,Why didn't shannon just text Battler? Is she stupid?
f06d395c,What was Bernkastel?
b58b70f8,what do umi stream onlies think of ep 4 so far?
e1688f3c,have you went onto this website before?
5b7aedab,is there a BLAME CORU gif?
621bad4b,assuming that we're following the Gouge Order
e1688f3c,in 10 minutes though going to get milk and take a shit
94b5b4c9,I don't think too many people are still stuck on the magic vs reality thing
f06d395c,mouse wasn't talking too much so I'm not sure but Jelly and Joe were so tired at the end
d2cbae83,Any Kanon = Shannon defenders left standing?
e1688f3c,but there is women and children there😢😢
0be52b7c,Who was the guy who went to the actual mansion? That's cool l
7e5b9ca6,you wouldn't last a second in my world
250b0a9b,Mouse was right for banning all mentions of Homestuck in her chat
da0c8d98,But I'm not looking for any umi stuff at all outside here
63518930,does that imply those were there in umi 1 and 2 and Natsuhi/Rosa just hid them? or
24ea4ff4,"о, так вы по милфам? база"
fa09cb53,how am i a crip if i hypothetically voted for obama 😤
409aa8ed,people die if they are killed? uwu?
441da1e5,Umi full chat is right there
2d9323cd,"the whole ""not my turn"" metaphor"
6cd41a0f,Auto spoiler its safe tho
fa09cb53,so this mf is born filipino and study at the gaming class
d1712dc0,"Wish there was more Christian magic, that's cool"
b4690dc2,eh I dunno if that's true
1fd2119c,Stop stream from being peak for me <33
b4690dc2,we need to just lie in the spoilers sometimes
c11040f9,Umi-stream-chat: when they cry… bit of a weird name for a game but I trust Ryukishi’s vision
e1688f3c,holy craptington crap..... . . . . . . . . .
e43ba5b7,regardless of the context
0b843864,Umineko has potential to be the new best stream series of all time on the tier list
e1688f3c,but this won't have much of an effect until 2077
5b7aedab,this scene never gets easy to read
e1688f3c,tell him to start a kickstarter
b4690dc2,"64.9 days of anime on mal, drop your numbers and be judged"
02ff68a1,and then a second readthrough with everyone permanently voicing one character to make a whole dub
db13175c,There are documents with all the reds on them
70cb8f0d,went on a little journey here
b4690dc2,he needs some kind of explanation and she was cutting off his general routes with red
0eccefda,I’m gonna go get some Costco pizza why did they get rid of the churros
df4aa97d,:ErikaSmirk: he doesn't know
e1688f3c,i'm watching videos on it right now
d64c58dd,HOW COULD A DOG DO IT?
250b0a9b, I bet Bern is good at scissors  Tea Party 3 I think
0ef04394,jesus christ farming reacts really has never been easier
bfdf84c8,So Erika is anti-copyright?
20bf120f,"I can't say it here, because I was spoiled"
fa09cb53,"i already know you dislike ""useless"" subjects"
e1688f3c,lionalex stationary computable workstation suggestion
aeda0791,Ciconia will get them if it’s ever finished 😭
b4e5f498,They can't wait for more
60a3779e,And I'm 95% sure he'll love it quite a lot
e1688f3c,sara and sayouri games
ecf3ed35,Also joe is george Yay
f06d395c,Or she told him she broke it
13a6ed2b,someone post the boymoder image
e1688f3c,you sure you don't mean animal hut??
d053e1b9,OH YEAH I knew it sounded familiar
fa09cb53,hmm today i will google period
f06d395c,Wonder if there's any significance in Japanese
e1688f3c,satire documentary bro
e1688f3c,take screenshot of the drum editior
eef09ada,I liked episode 1 after the first half and before the teaparty
e1688f3c,check uot my gamigo setup right now
e1688f3c,not even seperate rooms 😩
b58b70f8,OKAY TBF THEYRE ALL RICH PEOPLE
fa09cb53,we can hear it through the conference (real)
db13175c,that's not why its being paused 😭
fa09cb53,i just dont remember what town or route it was
bfdf84c8,Cause Kanon has a real name as well
d64c58dd,I bet on junpei on that one persona stream
94b5b4c9,"and you use ""ore"" if you're a shonen protagonist"
e1688f3c,whole dungerz facebook friend circle going to discover the different dungerz demonic edits
89d41233,"No, 3.the one where the adults later break a window to find the bodies"
fa09cb53,top ten animemes memes
fa09cb53,waiting flr bus rn dont know if it gonna even come
409aa8ed,krauss abs dont do anything
ba52ee3b,because it feels like that
8264f965,i felt like it was all just elaborating on things we know
8264f965,thats actually a cool theory
ecf3ed35,I mean look what the joettler said above me
1fd2119c,"Joe percieves time different, like a dog"
7e6ebcab,why doeos everyone hate episode 1 the fuck?
f06d395c,This handily upsets P5 right now
ae10a8f4,Battler doesn't seem like a harem dude with the beach scne
810fde7b,"George has harnessed the greatest power, the george nuke"
441da1e5,"Erika is just misunderstood smh, Battler is the evil one"
219c8209,"She tries, but fails, all neighbors know this, all her family knows this"
fce5d05f,is this still little busters
b9f82b61,can you imagine if he played through the game with these sprites lmao
f9605862,Are you in the south?
250b0a9b,Joe pretending to care
5c345fff,the higher the climb the bigger the cliff!
d053e1b9,"tsumari, it's about tsumari and mary sue"
e1688f3c,let's have a different example
e8ad9e34,the stopping point for today is two towers
e1688f3c,ಶಿಶ್ನ ಬ್ರೂ ರೂಕ್ಸ್ ಆಟಗಳು
fa09cb53,can only produce one sound at a time
fa09cb53,with an ugly ass watermark on top
f06d395c,Nanjo truly is the Prometheus of fiction
0be52b7c,He says it like a joke but damn it is problematic
621bad4b,yeah that's the one i was thinking of
0be52b7c,"well, i'd argue she already paid the price, she jumped off the building expecting to die"
c73b2cb7,another week without the umineko friday fanart
250b0a9b,There like 25 characters at this point and its only going to grow more confusing
0dde8c4c,"""it's plot relevant later"""
a0138967,"again, unironically based"
e1688f3c,planning to polish this game
505a43d8,beato is always cute ❤️
e1688f3c,ayo wtf real shit bro
87df89af,I am talking about Umineko
683b95f7,give all umifull people unadulterated banning powers
e1688f3c,this will be real in 2077
ecf3ed35,We’re more likely getting a ghost trick 2 than AA7 tbh
f06d395c,henrywayat's getting good mileage of their recent VN spree lmao
e1688f3c,but if the test mark shit down like this
ba52ee3b,HES GOATED AND CONTINUES TO BE SO OKAY
b34c2493,One week is enough to see all the horrors
30a0ff40,but i'm 95% a believer rn
048fc8de,yeah idk why they made it hospital white
c221bc92,wait switch to umipro and keep the same translation? it’s the worst of both worlds!!
d053e1b9,I like knowing that there is an end in sight instead of being bound to forever buy a million mangas
0be52b7c,"Hey chat, here's for a good umi stream"
1dd860ce,yeah just a question
f06d395c,The only real parallel I have for him is Holmes
87df89af,I thought the goats were a fun addition to that tbh
fd46192f,the writer must have at least
b58b70f8,it truly is pride month
e87f292e,ryukishis next work is cigarette 1984
0be52b7c,dlanor made an addendum to that rule because it was ass in ep5 and breaks the mystery
d64c58dd,I don't like that battler gif it feels seizure-ey
83aa7c93,Something something cycle of abuse
e1688f3c,ayo post this on the ask programming subreddit and ask them what's the difference
ba52ee3b,I REFUSE kissing toes
eef09ada,"That was the thing that annoyed me the most, but its happened since"
ea843b1e,Joe about to follow the exact same path as battler and give up when presented with such overt magic
e1688f3c,for my dentist appointment
d64c58dd,were you reading each line aloud
db13175c,that's a fair complaint yeah
87df89af,Which anno domini line?
24ea4ff4,"but yeah, maria's a great character"
e1688f3c,with special toppings!!!
e1688f3c,man was struggling with object oriented programming
c221bc92,i hope i love it as much as others
1fd2119c,He glorped his borton to hardd 😭
f06d395c,As in yes not everything a culprit says has to be a lie
fa09cb53,also I have advanced autopilot in the yahoo messenger so I type like a normal human !!!
219c8209,I remember something like this but not sure
db13175c,i know people are working on Concerto but that's an umipro edit not a steam one
048fc8de,Umi full crazy that the hardest image ever barely shows up in the vn
fa09cb53,asked to do the bald thing
6cd41a0f,Your goated for this never stop cooking
f06d395c,That is pretty decent. Been using that one for a bit
c73b2cb7,at least spearmaster could fight tha enemy spam
cb0e9e65,Surely the feminist literature wouldn’t allow 2 moms to be beaten on a row
e1688f3c,afterwards my parents took everyone into a huge shopping mall
b4e5f498,Can't wait for (Umi full) red text to become legal
e1688f3c,are the other bitches still working?
68aa81ad,"everytime battler is sexist i say in my head ""battler don't have internet"""
fa09cb53,no thanks bro ill buy competitor they more trust worthy than you lying bitch ass dog!!!
56d90223,Jelly you would love and hate Danganronpa in the best and worst way possible
b2620544,I think she used the red to say that she re killed them
ba52ee3b,WAIT WILL I MISS OUT ON READERXBATTLER BECAUSE I CLICKED ON THAT TICK
31108803,...we will get a final victory right?
38ccd930,"Episode 4, was kind of insane now that I remember it lmao"
ecece11b,a vocal version of a song already heard has the capacity to be a surprise
5c345fff,"you can always replay fights for more books, it is that obligatory repetition in the weeb game tho"
0c247e09,So bern wins if there's a 1% chance and lambda makes the chance 0%?
409aa8ed,"nope, a linkedin training"
c3e052ec,I'm going to wait until someone else makes an argument so I can play devil's advocate
60863448,is umineko the first thing to ever refer to it as hempel's raven
73e128e5,jelly joenut podcast now requiring 25 hours of umineko streams to understand the first episode
e1688f3c,this is confirmed real
8e4b9907,Way too much of an in-joke but it'd be fuckin hilarious
0be52b7c,"man ep6 ending was peak, it brought me back and it's my 2nd favorite episode now"
6b81da02,But a VA WOULD have an audience who follows them
24ea4ff4,Iirc its the later ones that are expensive
e1688f3c,m ma den gan t alo 113 bay gio dcm
e1688f3c,holy fucking shit bro no fucking way
0eccefda,and then evaporated from a spiderweb
31b3f300,No normal human would talk about this kinda of shit
24ea4ff4,you don't have to play all in order for the most part tho
83aa7c93,I don't think George would notice a stuffed Bra btw either
fd46192f,she killed like 5 people tho
f06d395c,But I'm finding this Shannon/Kanon theory to be kind of cheap. I hope that isn't the case
7e5b9ca6,witch toilets are more on topic that one piece
f06d395c,Yeah that's what I mean. He's not seeing everything we're seeing
0ef04394,fuck he's north wind and sunning us
e1688f3c,i basically have mot of april off but have to study for final tests 😔
b4690dc2,"based, but also unbased"
ff63de9e,she was 6 during rokkenjima
bfa4eaa7,"""Maria is 23x"" is my favorite crackpot meme theory"
e1688f3c,ending 21 real version
fa09cb53,kill yourself grahhhhhh!!!!!
1ccf6c00," therefore I'd also consider that gaap is nanjo, no explanation needed"
0b843864,Oh that’s weird because I was wondering why some of the twilights were left out
f06d395c,Make an extremely funny scene and immediately but still almost seamlessly switch the tone up
5b7aedab,yeah like... pretty much how it works irl whenever it actually happens
d25281cf,the characters and the tips menu both confirm maria is 9
73e128e5,it's like their first big proof of their time travel shit working
fa09cb53,pictures (for my homies not me)
5b5d9821,Yes that part was always a myth to attack both Alex and the creators
fa09cb53,being out the blender
8441b39f,Yeah I like that there were cool dudes too
1fd2119c,Or I'm remembering incorrectly
409aa8ed,im sorry but naoto and battler COULD solve the kira case
441da1e5,Was Twitch chat really that bad?
b9f82b61,he even has an ultimate attack
d053e1b9,"To bernkastel, fighting was like a battle itself"
bfa4eaa7,Killed millions of people btw
d2cbae83,I just cracked and had to check what it was
f06d395c,Not sure why I was thinking there'd only be one
a5dcb22f,We need more gatcha slop
fce5d05f,That's honestly me every time he shows up
daee0717,(this message will repeat)
653b6fd3,It isn't bad manners not to call check; it's just cheating
056f5f8d,you may just spoil others by default
0fc6bdb1,this makes krauss even funnier
e1688f3c,i'm calling the teacher
13a6ed2b,"jessica and george are both aura farming
but only jessica is pulling it off"
e1688f3c,[backwards exclamation mark]jajaja!
f06d395c,I wonder how it'll feel on a reread
32d19816,Well written was thrown out a while ago.
b58b70f8,time to continue ep 8
fa09cb53,this when you call the number in the new local 58 video
37f869c9,could it not mean to literally kill someone? are we sure that it even has to mean something else?
29178c9d,does her headache medicine have anti magic properties
e1688f3c,let me take a screenshot
eaddc5d1,"its used to just be ""ask joe for the role"""
7b056647,we've never had someone this big read umi before
b8c9a0b4,did they at all manage to recreate her dress for the live action play
51a6abb9,damn forgot to eat dinner because these two keep hogging the kitchen
fce5d05f,umineko is a different kind of enjoyment
fa09cb53,guy at class was walking around doing this on the computers
17a6b71b,"The baby is Nanjo, he landed on the sekimeiya!!"
e1688f3c,tu mentira no soy bruh 😠
7e16319d,are there people who cant see this is parodying anime?
fa09cb53,if only i have some semen
70cb8f0d,hannah can you also time them out for additional 5 minutes to the week
20bf120f,"But it has been phrased as ""the police is going to arrive tomorrow"" which is kinda ambigous"
13a6ed2b, uchikoshi you mean? 
e1688f3c,video consist of guy
7e6f63ae,it definitely depends on if you find the faffing around fun
5b7aedab,i mean i don't think a victory in their notional game is really a desirable thing for beato
1fc172f8,They're doinf some balatro shit right now
1dd860ce,is that dream breakdown or something
d25281cf,cuz god damn there aer some bangers
5376ff2f,I never took the Kinzo WWII story at face value
f06d395c,I'm sure mouse was too
b088e603,AND JOE SAID HE LIKES DISJOINTED NON LINEAR STORYTELLING SO ITS A DOUBLE HIT
d64c58dd,"um sir the official term is ""umineko sandwich"""
30a0ff40,I'd love it if they gave a special furniture piece to every character lmao
bfa4eaa7,no that's remilia isn't it
75a04ee5,their design goes hard
1fd2119c,Do you remember why?
0b843864,Wait but if Eva dies what does that mean?
162b34e4,He saw the splits. He knew his time was coming
12e5897b,The 4 from the unfinished anime
94b5b4c9,"it's a blasphemy, but I'm starting to think George is not that great"
1fd2119c,Live Kinzo Trollface Reaction?
e1688f3c,was to build up the ending
fe7bc02b,"BG3 gameplay is just dnd, which is far from niche"
68aa81ad,"umi full i dunno kyrie with a gun in a red background, i saw it for a split second"
63518930,"rather than the ""well it has a skill tree so its an RPG"" classification that gets used lol"
8441b39f,Please giant mechas please giant mechas please giant mechas
bef31d57,"the defendant claimed that she's the culprit her sefl, what a twist"
7e5b9ca6,yeah devil does work
e1688f3c,yo no habla el gato idioma
71084104,Its not nearly hot enough if he just submits
cb0e9e65,I think i would’ve stopped reading attack on titan early if i knew better. Wish i did
ba52ee3b,feels like a theme yeah
162b34e4,"Bit message that said ""thank you for the Umineko streams and whatever this is"""
bfa4eaa7,"chat seems pretty calm, it's just moving fast"
87df89af,"We've got two Battlers now, it's a nightmare"
bfa4eaa7,I couldn't stop reading
ff63de9e,well maybe not if ep 3 is anything to go by
653b6fd3,Its all coming together
db13175c,i think twitch chat and discord  chat are pretty disconnected
fa09cb53,honestly so much of it is just like just use common sense bro type beat…
02ff68a1,the moment I'm umifull I have to get angry at people
2d9323cd,him counting deaths and some speculating?(I was afk for few secs so not sure for speculation part)
73e128e5,umi5 probably shouldn't make it obvious that the pfp is a spoiler
da0c8d98,"Chat I feel betrayed, a character VA just said tsumari but the text only says ""So,"""
e1688f3c,wonder what the ending will be like
94b5b4c9,Maybe my brain too smol
daee0717,when someone says “i’ll never understand anyone else’s perspective” it’s gg
441da1e5,"Repeat in red: ""All the red truths that concern Battler have all meant the exact same person!"""
505a43d8,"listening to umi ost: what are these, grooves?"
b7287936,"normie adjacent........,,,,,,,,,,,,,"
f06d395c,He's not dropping it it's a joke
0c3a67d7,I meant after its over lol
00d5165a,I clicked it and I can kinda figure it out
38ccd930,Ryukishi appearing in the story like how David Cage appears on his games would kill me
02ff68a1,"It could be both. ""Sprout of love"" could be battler and ""root of love"" might be something deeper."
e1688f3c,this is getting political
5b7aedab,stellan skarsgard as genji
c3e052ec,someone please post the ryukishi sprites
b4690dc2,honestly the most criminal part of episode 4 is that we still haven't seen a second blue statement
441da1e5,"No need to look, Hannah just pinged me again with a scene in EP 3 that mentioned gas stoves"
7e5b9ca6,though i think the early ones serve their function
e1688f3c,damn why they have so many dislikes
1fc172f8,i'd rather have two short ones than one long one
e1688f3c,which one did you get?
96bf8c05,"""The only problem with chess is that the other player is always up to somthin"""
2485b0b8,There are playlists with songs that appear only for ep1 or ep2 etc.
d64c58dd,no way that ends up on stream 1
f06d395c,Shit I completely zoned out of the last 2-3 minutes
fa09cb53,shit goes way back bro
d053e1b9,RYUKISHI YOU'VE DONE IT AGAIN
83cb2bb1,Natsuhi had huge stocks in Ep1 and in every episode after that she’s gotten worse
0c3a67d7,Lambda could accept the red truth if Battler had any basis for it but he doesnt so she cant
fa09cb53,ik bro she hot ass fuck !!!
e1688f3c,man their 1800 line is fucked
53a6e340,why google and risk spoilers
e1688f3c,"what the hael you aare ho chi minhj""???"
56d90223,Not every traumatized person is gay..however- /j but I understand what you’re saying
e1688f3c,when life give you lemons
e1688f3c,they going to complain
d0d252d6,do yall think jessica is like the rachel amber of her school
7979ec9a,frieren problematic media
13a6ed2b,"Re  kanon = shannon  theory
 does battler actually never see kanon and shannon together? "
f06d395c,Was Genji alive in episode 1?
f06d395c,Yeah I think ep 1 had no magic...
d5284187,Those are black pawns
bfdf84c8,I think the high pitched sound is calming
0eccefda,Anyways joes name is Hideyoshi for sure
162b34e4,this will never be me
d64c58dd,they're trolling you
83aa7c93,"Nah, its not a Joe playthrough if we don't have a topic to constantly bring up and fight about"
0f04debb,on the side of mystery yes
b4690dc2,I wish beatrice would pull something o-
fa09cb53,damn he just like me fr
1fd2119c,I've only made it past the prologue of Episode 3
d0fb1a3c,(It's the guy that got banned from this discord a few weeks ago for sending pirating sites)
d053e1b9,I need to get reading
505a43d8,i think 2 will be the most significant re-view experience for me
fa09cb53,yo mama so disable when i see her standing still and i asked her what she doing she says she was
b9f82b61,"also he hates the mystery already anyway, confirmation bias"
b4690dc2,I think it’s loosely based on book 3 or something of Earthsea
e1688f3c,does not having the full 88 keys fine doe
ecf3ed35,So is joe finishing episode 4 today?
e1688f3c,friday next week i think
3c96715a,"Thank you Epic, thank you Jill, thank you Clive"
f06d395c,Aside from episode 1
d2cbae83,So in other words witch hunt objectively superior due to 5 more tsumari?
219c8209,"GAME SUSPENDED??????????
WTF"
76bf3cd7,he doesn't show up in ep1
7829cb39,Wouldn’t you suspect them in this position
ff63de9e,"holy shit they're good, how did they like it? full"
fa09cb53,relearn the art of drones
e1688f3c,but didn't know what instruments to use bro :epbns
d8b37c35,figuring stuff out is the fun of the game
76d9877b,"🌂 like, the discord UI is kinda bad, i can't really have two channels open at once"
56d90223,Maybe the tea party scenes we see are the guilty conscience of the murders?
e1688f3c,mf other guy made map and the whole outside part is empty
fa09cb53,probably through social media fr bitches dox themselves all the timr
87df89af,I watched but hated UBW and haven't yet read the VN
637beb8b,there is a joke short story with another scene
e1688f3c,buy 10 minecrat cpoesir giht now bro
76f65394,His reaction for  Rosas  one will be great lol
f06d395c,The window was locked from the inside
ab7f097f,"I think it's necessary, the current one piece anime is unwatchable"
1dd860ce,so i think but it's a slight suggestion
37f869c9,god this ~~game~~ must've been so difficult to translate
5c345fff,#never stop gambling
e967d591,"thanks a lot, I love it and I hate it"
c73b2cb7,or link to the message
d25281cf,absolute cream stream
d25281cf,"fata isn't long, under 30 hours for me"
fce5d05f,Most new readers not gonna notice
fa09cb53,bro got polzet glaza looking at you
7e5b9ca6,seeing who gets more pull
e1688f3c,five nights at freddy's
ab7f097f,I read it all in about 110 hours
13a6ed2b,i feel so bad for laughing every time i see a ryukishi sprite
888037f1,its by far the most interesting story that i have seen in ages
13a6ed2b,"jokes on you, they all agree with that"
fa09cb53,i would say add a fade in
7b564ea9,"It's part of the process, you must learn to hate the nice guy"
c73b2cb7,you can unlock episode 2
e1688f3c,if i get nice ielts score
f06d395c,No I mean I had the thought towards the end of ep 6
e1688f3c,wtf you browsing animemes or some shit
7e5b9ca6,and umi 5 die the death
c73b2cb7,umi 5 did thetntm accidently make Date into exactly what Erika is lmao
acc72aa2,no you dont understand
e329c772,work for 8h->5h of umineko->shower->sleep
ecece11b,This is a touhou character
94b5b4c9,"Obviously, George would never investigate any body (or fake investigating it)"
d053e1b9,I thought it was just amazon canada that was having shipping issues
b58b70f8,"so i found their scenes romantic, even if george was boring lol"
fa09cb53,more like underemployment 😔
637beb8b,get blackout curtains
bfa4eaa7,they're going to rein us in one of these days
5dc7b18f,my goat Battler......
df4aa97d,The chances of bread falling Jelly side down
62c1fbf7,"Paranormasight is really good, yea"
162b34e4,a good character design can be recognized by the outline
9976f035,oh yeah it fits him 100000%
94aea54b,Jelly was definitely a theatre kid
5b7aedab,"""rent free"" cmon now"
e1688f3c,2 sulfur 3 charcoal = 1 gunpowder
f06d395c,I think it was up on YouTube and it was subbed
6b890d58,WE ARE STARTING AGAIN FROM THE BEGINNING AFTER EPISODE 4
c73b2cb7,ctrl f autmoatically puts it in
b8c9a0b4,thats what metaphor was for me as well
20bf120f,In this particular story
1fd2119c,Chaddler has me smitten
8441b39f,Yes that's where the Ushiromiya dunkeys live
ae10a8f4,"it works, and most people are hapy with the compromise, compared to before"
505a43d8,sunbae is the korean senpai
e1688f3c,get to the next page
d64c58dd,oh god I can’t even imagine chat trying to argue that hempel’s raven makes sense
e1688f3c,"Fox News presents...
Your face when you see chicken chopped and decapitated."
fa09cb53,tupac is crip4lyfe!!!!!!!!!!!
d053e1b9,But they're both basically the same person anyways
af26db04,"all the whimsy, all the playfulness, gone"
0ef04394,dont worry umi chat I'LL be staying
b478b463,This is stream chat btw guys
00d5165a,Longest piece of literature ever written is fanfiction
8441b39f,There is 0 humans on the island. Everyone is a fucking donkey
d053e1b9,"""Is that a corpse behind you"""
8aca22aa,I mean the issue here is that people want different umichata for different purposes
d0d252d6,he saw it so you can just say it
d64c58dd,What energy do we think hbomberguy will bring to streams
1fd2119c,Woke Liberal Left injecting their mind virus into my videogames
5b7aedab,where are you in umi?
02ff68a1,"DE protag voice: ""I hear good detectives take opiates... Are you, a good detective, Joe?"""
1fd2119c,Moral of the story: Kinzo fucked. HARD
fa09cb53,they already shilling!!!!
fa09cb53,i think just select all of the image then drag it in bro
fa09cb53,ayo theres a femboy maid in the computer lab
56d90223,I like her character design
0fc6bdb1,"its an open question, im not assuming if there will or wont be one"
60863448,the first four episodes are the 'questions arc' and the last four are the 'answers arc'
162b34e4,yeah Jessica and Kanon die at like 6am compared to 6pm for Hideyoshi and Eva
fa09cb53,overall facts have been check
0fc6bdb1,thats what I'm thinking
fe911216,"Except he actually is arguing about/discussing the story, no?"
e1688f3c,got some shit to do over the summer
fa09cb53,this is too scary bro i will shit
b18daefb,assigned sub by discord
b088e603,Got the court stenographer out here
e1688f3c,recipe is in the comments
441da1e5,My guess is that whoever calls her out on her lie gets to wound her status as a witch directly
bfa4eaa7,same & same with everyone I've gotten to read it
fa09cb53,haha game that guy in igcse cant beat
73e128e5,"but every other chat, everything pretty much needs to be tagged"
0fc6bdb1,the fact that the story has been self aware before makes dumb stuff even more dumb
deb8f4c6,this is stream chat and he didn't reach the red yet EP2
e1688f3c,the plot is complicated retard
c3e052ec,Just a few more and he can call in an airstrike
87df89af,I hope this section moves on it's been so slow
73e128e5,"the og sun deer, even"
e1688f3c,it cuts to another scene'
6a9a4ab6,I can't see much making him crash out now
fa09cb53,we need the chess thughunters no w!!!!
d5284187,Joe is gonna be such a huge umineko fan that he's gonna watch the anime
13a6ed2b,"she looks like she's about to say ""nya"" ironically"
219c8209,I'm gonna order pizza on saturday
fa09cb53,"""you arent gonna pick that up jim?"""
d64c58dd,and that they're the ceramic rabbits
fd46192f,foound a crayon and had to take it for a test ride
b4690dc2,I mean umineko is no homestuck
c73b2cb7,god forbid guys have long hair.
b8eaf23d,thanks to jads marbles lmao
754e75ac,"ok, I think I will be watching the vods a bit"
d08f3d94,that’s like three layers of copium so i can’t help but respect it
f06d395c,I commented on that scene being good so V3 was asking why
94b5b4c9,"If he won't appear, then Sakutarou is our Ose at home"
87df89af,We're playing Higurashi now
20bf120f,Maybe 9 years after all 🙂
f06d395c,I don't... understand...
f06d395c,Natsuhi... the call is coming from inside the house
e1688f3c,guilty ! ! ! ! ! !11111
f06d395c,Drops it not like an S;G drop but just stops playing
fa09cb53,yeah bro picture that with a kodak
b4690dc2,"gouge the  足 and kill, remove the radicals of 足 from something umi?"
e1688f3c,there's a function called
fa09cb53,Started a call that lasted 0 minutes.
fa09cb53,jajajajajajajajajaJAJ
0eccefda,Honestly I don’t wanna think about that
87df89af,"When was that established? I'm not objecting btw, I just want to know"
d053e1b9,If it's on windows that might be worth setting up
e1688f3c,actually bro sorry i was wrong
683b95f7,thank god we learned for the better
fa09cb53,bro can i see it in the game perspective
1fd2119c,Umi 3 Is middle left Rosa?
b58b70f8,but there are lotsa english speaking corpo people
17a6b71b,Nooo Joe is gonna haaaate that
e1688f3c,apparently why bitches invested their life savings into this coin is because
02ff68a1,"complementary to Lion, the ideal Sayo."
07e46c25,and hideyoshi and rudolf hanging out on the boat while smoking
e1688f3c,got lecture at the same time
23f5bed1,I remember watching this video once about manga translations
e1688f3c,was at penis practice earlier
a14d6655,lip movement is too creepy
70cb8f0d,did he anti-plagiaraze his own fucking name what is this
e1688f3c,also main thing though
b478b463,Discord activity is weird sometimes
31a02125,turning point of Fata/middle act had me in such a chokehold
eaddc5d1,I watched all of Endless Eight last week and it was good the entire way through
e1688f3c,ayo i got 2 infinity stones
d053e1b9,THEY PARTICIPATED IN THAT?
219c8209,I mean it's pretty obvious since ep2 what Beatrice wants to fuck battler
5b7aedab,ani you're the best lmao you're never negative about this vn
fa09cb53,have to stay home tomorrow
20bf120f,When the line has been cut?
73e128e5,but it does have raw ass panels
17ce7674,"Also, Mouses voice acting in that scene is a highlight"
fa09cb53,then it is randomly picking nfts to remember
d64c58dd,Im gonna take clips from this and make battler paige and ange pat
fce5d05f,What the fuck does 'that's so diddy' mean 🥀 💔
bef31d57,This iss tooooo meta
02ff68a1,One might say it's without love
0fc6bdb1,I remember having this fight like 2 hours ago
d25281cf,I don’t know any other way of reading this except “it’s your fault for being abused”
eaddc5d1,if kinzo doesnt turn into a dragon then ryukishi is a hack and a fraud
87df89af,So much better than the endless slog that is Battler
d25281cf,"yeah gaa1 is still really good imo, but 2 blows it out of the water"
d0d252d6,But spoilers for all of umineko
02ff68a1,I would never add this rule--it should be discussed in all possible places
20bf120f,"Why is there so much focus on maria, right after beatrice talks of a tragedy 🙂"
f358d26a,Has Joe locked in the fighting game yet
5b7aedab,shhhh shhh let him experience this
fa09cb53,that was badly phrased sorry 😔
7e5b9ca6,wow! i can't understand this at all
ba52ee3b,day 1 he would have that case figured out
02ff68a1,I really just find her funny
b2620544,The only reliable PoV in Umineko is Sakutarou. Because he has diplomatic immunity. Uryu~
ff63de9e,me already half a year into anki and just now realizing vocab is useless if i dont know grammar
f06d395c,It took so fucking long but we're finally here
07e46c25,damn sakutaro is working towards a degree? he really is a goat
c73b2cb7,then Dai started doing music for Higurashi
e43ba5b7,nadeko goes from having the weakest arc in bake to having the best arc in 2nd season
7e5b9ca6,waiting for a lot of that
d14f2ac1,IF THIS CHAT CAN BE RELIED ON
07e46c25,"battler like ""im gonna be honest idk wtf that was"""
6cd41a0f,Umiden mock this guy for being right
8c2d3d2b,"oh so he's a weeb, perfect"
fa09cb53,too busy checking his emails and m…
23f5bed1,some games are difficult to make trailers for
f06d395c,It's all cousins all the way down
a997b01f,I'm more interested in piercing their h-
9e51bfc5,And then help her deliver her child with Kinzo?
eaddc5d1,i agree! no shade intended on my part
1fd2119c,"Ping him in DD, he'll have to aknowledge it then"
b4690dc2,imagine the blunt rotation
e1688f3c,i wasn't going to participate in the first place but since i was invited
e1688f3c,mfw first entry is fucking
aeda0791,How many references to Touhou can they fit into one collaborative work?
07e46c25,ive heard higurashi is far more popular than umineko in japan at least
db13175c,So everything is Fist of the North Star
ba52ee3b,so what now rosa gonna scold beatrice for giving your child candy as well
8c2d3d2b,I haven't actually watched twin peaks but I've been meaning to
0395bfca,That being said the pendulum could easily swing with a single red truth
24ea4ff4,Who wouldnt read a vn
250b0a9b,Nanjo edits cant be confined to just one game
653b6fd3,She does remind me of the MC from worm so far
df4aa97d,thats how the killer got away
40497259,"finally, we can have lore-accurate Maria voice"
f06d395c,I agree with him that stuff can be cut. But this is the best episode so far for me
30a0ff40,Natsuhi would stomp all the family
17ce7674,A moment completely ruined by the translation
f06d395c,Why was AI 2 that bad
53a6e340,finally… joe knows he’s stupid…
6cd41a0f,The issue is that you knew
1fd2119c,So it costs nothing to make that joke
ba52ee3b,the audio was this btw lmfao
eae8991a,He’s already proven himself
b4690dc2,I said it in my head like gen yew AINE too
bfa4eaa7,he's going to realize this even harder the further he gets
e1688f3c,or is it just this one page
6cd41a0f,Jelly How are you finding umineko so far in general?
f358d26a,Kinda resembles her manga version
f06d395c,I love stuff like this
162b34e4,Should I do that if I'm only on ep 3
73e128e5,joe has a shadow persona now
85416f74,"Yeah it sounds like they pay well, but that 60+ hour per week life does not seem worth"
d053e1b9,"""Who cares about people's feelings, all I want to do is figure out a fun mystery"""
e1688f3c,you can add effects like
505a43d8,but going to a sculpture park later today
fa09cb53,sorr y vro is on the list 😔
505a43d8,thats your biggest gripe?? that?
e1688f3c,besides that it is A book
59aef750,have a good one jello
5b7aedab,CHAT WHEN IS THE ESCARPMENT?
409aa8ed,its up to ep 2 where he left off
0fc6bdb1,they barely work with the music
0fc6bdb1,Ange is literally me lmao
0f04debb,bern: erika lock the fuck in
bfdf84c8,Oh the scroll effect is cool
8e4b9907,Isn't that just the obvious read of the scene
fce5d05f,Read club is the one from last feb
71084104,I was hoping to get in stream fart but no such luck
d64c58dd,it's now safe to watch the ps3 first opening!
ff63de9e,the adaptation is more different than bad
f06d395c,I HAVE TO LIVE WITH THIS FOR THREE DAYS
d1712dc0,"I'm sure he learned about it, but I'm imaging as it coming as an unintended surprise"
7e5b9ca6,ive barely played ep7 but it seems to have a lot of bangers
a41e37a5,and that's not even getting into how well contrsucted this story is either
d0d252d6,close friends i think
7e5b9ca6,i never thought about that
ff63de9e,"it happened in umineko, then they had it in monogatari too, and now its in 999"
fa09cb53,map so well made it doesnt have mobgriefing off 😔
d25281cf,You can tag reblogs with whatever you want it’s like a little diary
e1688f3c,this shit is crazy bro
85e13898,is_fortnite_ovverated.jpeg
725720d2,What if umineko was like DE and instead of battler it was battler addicted to ketamine
b58b70f8,"THAT SHOULDVE BEEN ME, NOT ROSA"
409aa8ed,me when my family doesnt come back from  milk
07e46c25,i have yet to consider the fighting game
fa09cb53,shit aint even on my top 5
eef09ada,The goats were easily the worst non pedo shit so far but it hasn’t been bad outside of that
5dc7b18f,KYRIE DONT DIE PLEASE
e1688f3c,when the maternal figure of one of your parental figure is acting distrustful
e1688f3c,and didn't understand the negative meaning of it
5376ff2f,so she's a blonde lady who happened to have a hoard of gold on hand?
13a6ed2b,Yeah its an in progress mod/extension of umipro
b4690dc2,run conjugates to ran
d64c58dd,"it's not a circle, it's a peak"
e1688f3c,"Markiplier Password Be Like, 2022 Octan Racer, RoboJellyTek"
fa09cb53,trolled by classic consumer trick
bfdf84c8,Oh yeah the end of the rap battle
441da1e5,Forgot to set the time smh
b58b70f8,i joined just yesterday
fa09cb53,nah its angelfire shit 😤
fa09cb53,fucking real earthquake audio
e1688f3c,ok maybe it w asobvious
fa09cb53,can you stream from there 👀
b58b70f8,rosa umineko when it comes to child abuse
b4690dc2,I paired him with crow
0f04debb,it reminded me of why i like umineko so much tbh
b4690dc2,I will manufacture a reason for more
53a6e340,ok move wa2 above house of leaves
d053e1b9,We aren't allowed to do that anymore
87df89af,"We control our own worlds, our own truths"
d64c58dd,There are a couple in episode 1
f06d395c,The streams were great
409aa8ed,what did he miss im so confused
d25281cf,"battler! battler! ski-bi-di, ski-bi-di! haha, ahahaha!"
13a6ed2b,"new fanmade version made in renpy, gonna allow you choose any sprite set which no other version has"
17ce7674,but this book is loooon
df4aa97d,oh sorry. my bad for jumping in to the fray w/o context
e1688f3c,i bought it before it ended so i still have the permanent license
60863448,not even getting close next stream LMAOOOOO
e1688f3c,this is huge holy crappington
fa09cb53,wtf your ass must be sore ass shit
d25281cf,"You are gonna want to be there Saturday, Vladdy."
219c8209,OST SOUNDS BETTER for some reason when YT and streams
b58b70f8,atleast i can say that im glad stream onlies have met featherine now
e1688f3c,space pipes !! !  ! ! ! :angeer
b2620544,Love my Wikipedia Possum
eaddc5d1,"if you see them inconsistently over those 8 years, i think its far less dubious"
7f542ba6,...I like the escape scene
0ef04394,she can just carry several dozen outside of the room and slowly inch them to the top
e1688f3c,but with background msucio
d053e1b9,What are the cliff notes
b088e603,Sekimeiya training arc has done wonders
f06d395c,I am sort of rethinking my earlier theory. Maybe I was a little too hasty with that
20bf120f,Essentially all characters are fully clothed at all times.
d64c58dd,kinzo's supposed to be at the table too
29178c9d,that is an interesting pfp
e1688f3c,will try to have it ready by tomorrow
e1688f3c,can't talk though i left headphones at the room
ae10a8f4,"You need the right amount of stubbornness, charisma and pathetic ness"
d053e1b9,Yeah I just saw a witch with sideboob
b4690dc2,I'm still so proud of my hs^2/umi4 spoiler tag
ae10a8f4,Uu-uu it's to ressurect the witch
f06d395c,"Yes cause you're ""listening"" with your ear holes isn't that obvious smh my head"
0fc6bdb1,its great when we're not sneering at the characters for doing it
b4690dc2,it's probably not a bad way to learn the game too
d64c58dd,where is that xkcd comic about competing standards
1fd2119c,"You're the Snail of Jads, of course you're going to get snailed"
8264f965,HOLY SHIT HIS MIND IS BROKEN
e1688f3c,bts concert on the top floor of a parking garage???
13a6ed2b,(i am being required to say this or else the umifullers will jump me)
b9f82b61,because she's Ryushiki's special little baby
83cb2bb1,I guess I'll have to set that up
e1688f3c,i guess it doesn't look that bad
29178c9d,will nanjo finally make it to the golden land
a5dedc72,why would it obscure his body in the furnace then in ch 3 hmmmmm
fa09cb53,i dont wanna fight no mo...
5c109dad,GEORGE HATERS IN SHAMBLES
73e128e5,he's literally battler
ff63de9e,should have done a roundhouse kick maybe
3c96715a,DId chat managed to tell him that's this is Yusuke VA?
60863448,obv I imagine theres more battler/beato art in general
e8769870,"You can do it without a reference, but you need 5 years experience as the silver witch first."
13a6ed2b,i wonder if i can finish umi before joe finishes ep 4
250b0a9b," I’m guessing they just reused art for that part, since it’s the same as her cage  Umi 3"
bfa4eaa7,which I think they're going to do
29178c9d,7th mod has so many typos
20bf120f,And her nephews and nieces play along
7e5b9ca6,of course you would say that
fa09cb53,but i basically have another month of summer now 😎
94b5b4c9,Also Episode 5 and 6 try to address people who abandoned trying to solve the Ep 1-4
c0bf1352,umi 3 full SHE DOESNT KNOW
b8eaf23d,i could have got my marble
e8769870,Arknights' primary flaw is that they have not yet released rangers alter
fa09cb53,"said he got questioned by ""the authority"" because they thought he cheated in an iq test"
b088e603,Which is apparently pretty common in Japan which still blows my mind
f0578b25,beq? they're both white and green
24ea4ff4,"yes, iirc it also has the longes vn script ever"
b4690dc2,even months before the murders
fa09cb53,fucking doctor pulled out another syringe after the drilling and mf keep using it to poke my teeth
0e8ba699,ah fuck here we go again
7c7377ab,yeah its just jewlery I think????
daee0717,renaming this chat to #george-discourse
f06d395c,Ah Beelzebub and Leviathan gotcha
e1688f3c,t like associating myself with that title though
fa09cb53,i only have bruh trading cards 😔
72661a6c,please tell me krauss has a loser flag mechanic in golden fantasia
02ff68a1,Oh god has battler become a representation of Kinzo and Kinzo was Beatrice's real father somehow?
1fd2119c,Who's Toe? All I know is Epic
1ccf6c00,I was wondering how they'd handle her dress
fa09cb53,ios vs android battle of the century
7e5b9ca6,of course you know about chess
f06d395c,Dammit it only picks up the first word I forgot lol
b58967ce,sounds exhausting for him LOL
60d00a91,"I understand some people may find that viewpoint boring, but I do have my reasons for holding it."
788e42ce,limbus company escaping jenshin den containment
1dd860ce,all the music is actually battler just singing it himself
07e46c25,no way we have nanjo reaction spoilers now
e1688f3c,wordington christian
162b34e4,We need new readers!
20bf120f,I think marrying her at 16 was actually legal at the time
d053e1b9,I know nothing about deltarune sorry
fa09cb53,this will be pentium 4 516mb ram in 1997
20bf120f,Maybe it's just a german thing
d64c58dd,have I reached this yet? I'd rather keep myself blind to music in umi
e1688f3c,and built a brick wall
b2620544,"uh I missed that, what was that about?"
7e5b9ca6,i havent watched that so i cannot comment on that
e1688f3c,alright going to get freddy
e1688f3c,hmm what happen in italy??/
d25281cf,umi next stream I think the Braun tube explanation is gonna bring chat/joe back on track
7e5b9ca6,he's basically the guest entertainer
d053e1b9,I wonder if 白人 is in my anki deck
1fd2119c,Shoutouts to the ctrl key
0be52b7c,"Yes, beato probably spend years reading"
db13175c,there are two little busters fans
fa09cb53,bets its just dirt inside
5dc7b18f,it's surprised me greatly
f06d395c,Nah I think I'd say it is his best work
e1688f3c,epic promotional material
df4aa97d,"I really loved Higurashi, But i ended up dropping it at about half of ep 6 to finish college"
b9f82b61,is lab grown meat vegetarian? like does that count
e1688f3c,triples your framerate
5c109dad,he can get the information after he finishes the episode
e1688f3c,interchangable with slightly different terminoloy
ba52ee3b,Joe is crashing out in his mindj
0eccefda,What are you referring too
d37288cb,but yeah P moon fans are on the more annoying side ye
56d90223,HOW IS THAT BREAKING THE ICE???😭 😭 😭
505a43d8,yeah to ime im not commenting on the himeno thing
20bf120f,"We don't have a middle school in my country, that's why I am asking"
ba52ee3b,IT DOESN'T MEAN THAT AT ALL
0603b98f,since very early on i've been thinking there must be multiple unrelated plans going off at once
7e5b9ca6,boy all this food talk is making me hungry
20bf120f,George is just that hot
94aea54b,it's better in the manga. shame the vn rushed this part
62c1fbf7,"yea, Kei Natsumi has great art. It was not translated well"
250b0a9b,Who else would it be for? Kinzo?
94b5b4c9,"Yeah, I mean the author is someone who sees themselves as Beatrice"
29178c9d,so really long stream?
f06d395c,Goddammit we're really ending on this huh
db13175c,(not to mention the lack of budget at the time)
d0d252d6,Stream spoilers are allowed
d25281cf,this was when Hideyoshi brought up giving candy to maria in the start of ep 2
da0c8d98,Click it and find out 🙂
e01533e7,Damn it would really suck if Kinzo were dead or something amirite?
02ff68a1,Because honestly I don't know if Sayo surviving is really what I feel the story is leading to
c73b2cb7,He just don't like MW2 😢
eef09ada,Fuck my service is going out
7e6f63ae,there's always Elevatorstuck I guess
94b5b4c9,I enjoyed most of it
f06d395c,"Though maybe you are using that word as a catch-all much the same way we use ""vibes"""
8f76cfa5," the only thing i disagree on is that, if she's doing it for sadism, why even follow the epitath"
fa09cb53,i;t by stephen hawking;
621bad4b,we've already seen 2 portraits
eef09ada,Whats 13032 divided by 24
d0d252d6,||So close to Cory in the house to appear|
b9f82b61,i feel like you're losing your mind too
f06d395c,And his loyal servants would execute it
29178c9d,I've seen it like 10 times today
0fc6bdb1,she demonstrates that she is capable of doing this when the phone call happens
24ea4ff4,anyway I started blasting
daee0717,that’s already longer than expedition 33
b4690dc2,maybe by association with the first
250b0a9b,I guess that shifts the question to: is a closet a different room
d25281cf,"i hope to God joe looks at OG Sprite Erika's shit eating grin face in ep 5, if just for a minute"
3a068e31,cause thats fucking insane
d2cbae83,Am I just being crazy that is more blue but I'd probably still call it purple lol
87df89af,Remember that we've never actually seen 'reality' yet
31a02125,i mean you'd be living on a very humble wage but you get paid to get a phd
3eedca15,Umineko by Christopher Nolan is not too far off
b58b70f8,im gonna finish umineko and yall will be forced to see my commentaru
810fde7b,does manga panels count for the third one
24ea4ff4,manga art is pretty great
0be52b7c,They could be put in an incubator if the baby is prematurely delivered
37f869c9,Soon Joe will understand this reference
1dd860ce,busy thinking how he will cook the calf steak
07e46c25,wasnt sure about this one until the last sentence. impeccable work
bfdf84c8,Omg if old Battler looks like Kinzo
505a43d8,"idk why i hav it, i dind't buy it, it was probably given to me when i was 16 or smething"
fa7275a3,Uu-uu Beatrice doesn't 'exist'
1fd2119c,"BATTLER, YOUR SERVANT IS CRACKED AT SLIDING"
f466ee86,it just sounds annoying to me
f06d395c,Oh yeah another 5-ish hours
13a6ed2b,are you thinking of Leion who was mentioned in episode 5?
db13175c,and all the qol from umipro
f06d395c,Ange wanting to leave the room broke my heart
e1688f3c,hmm but nukes have a large explosion radius you may possibly also die
cbee777f,"Yeah, and so are Virgilia's I believe"
8aca22aa,p3 den was talking about the fire emblem eugenics quite a bit last week
20bf120f,"So, the typhoon is either shorter, it happened earlier, or umi1 logic doesn't work here 🙂"
07e46c25,how do you know that's not what nanjo's been doing every episode
e1688f3c,ok uncropped homework
eef09ada,you gotta watch the vod
f06d395c,Not sure actually. I played on the default difficulty
17ce7674,"Magic? no, dont be silly, they just used a fishing rod"
b478b463,But it's been a while
fa09cb53,i think aka oni wins
7e5b9ca6,umi3 yall just hate this scene cuz you were trying to take it seriously it's so much fun to shit on
ab7f097f,I mean yeah but it still feels weird to read lmao
e1688f3c,awesome 👍 new one to the collection
1fd2119c,"This was the 3rd stream, right?"
e1688f3c,going to sound better
fa09cb53,bruh so robin hood did ban it
6cd41a0f,Thats true it would be funny yeah
ae10a8f4,but it reads so well imo
e1688f3c,breaking news magic johnson unretired from rocket keage
aa8f5f2f,Ok this one is amazing knowing the context
e1688f3c,sorry bro i failed to capture the anime
fa09cb53,nah you more like “suck suck scukscuks uk suck”
fa09cb53,please watch the video
a912f63f,I cant believe shes poly and bi 😔
1a0cc9d8,HOW DOES CORU WRITE BANGER AFTER BANGER
637beb8b,"this might be the worst thing I've read in my life...

and I've read Umineko."
51a6abb9,we're playing cs now
6cd41a0f,Umi 2 hating lambda is crazy
505a43d8,"this is why epic likes erika so much, because she's owned"
f06d395c,Can you imagine if after what happened last stream that they actually don't talk to each other lmao
441da1e5,What about Rosa? She seemed to solve it just a bit later than Eva
bfdf84c8,That's probably the best individual stream in the whole series
94aea54b,you're watching blind right?
e1688f3c,"joe 😄 ❤️ biden <3 🥰 
DARK ⛈️ 😈 BRANDON 🔫"
fa09cb53,academic career fucked over a source!!!
fa09cb53,he ran up a wall and do backflip
fa09cb53,cant believe youre using it for chau len ba
d053e1b9,ZTD was the best one by far
f06d395c,Is Isaiah his kid? If so that's cute
20bf120f,I have fulfilled your desire
6cb1e58a,Two English majors trying to solve a logic problem with SEMANTICS. This is lit
b18daefb,did epic get owned again
29178c9d,umineko becomes mainstream overnight
fd46192f,beato wants to play forever doesn't she? so she's just having fun
2f767d41,like theres manga and anime that came out only a couple of years ago
d25281cf,PS3 OP is really damn good
fa09cb53,put it in your bathroom
e1688f3c,hamood habibi hamood habibi hamood habibi hamood habibi hamood habibi hamood habibi
da0c8d98,"I'm reading ahead, does it sound like I have patience 😉"
0fc6bdb1,can get the jeremiah spark notes on shinto?
20bf120f,And beatrice is an italian name...
f06d395c,She does literally own a cat lol
e1688f3c,are you watching right now
e1688f3c,i just found my old website
fa09cb53,aight basically this semester game engine creation is just programming class
23f5bed1,and specially Kyrie out there for 20 years fighting because it HAS to be him god damn it
51a6abb9,that would not have gone well with the maria mitosis theory
e1688f3c,"```css
test penis

test penis
test penis
test penis
test penis
```"
e1688f3c,like the original mosa lisa
60a3779e,Receipt should have been fine
ff63de9e,01110101 01110101 00101101
e1688f3c,yeah i saw the censored thing but still
e1688f3c,it was a terminal disease 😔
73e128e5,yeah not even close to redditor
f06d395c,Ideally it shouldn't show him at all
e967d591,"yeah, Apothecary Diaries is one of best shows I wateched in last 5 years"
d053e1b9,I WISH I WAS HER I WISH I WAS HER
b478b463,She kinda is an oomfie boomfie tbh
87df89af,"We reached a turning point that the VN was aiming for, so now I'm just wondering 'what's left'"
fa09cb53,nah probably bc the delay code used to display thge window disables keyboard soem how
34ab6ea0,Haven't been abused nearly enough.
20bf120f,"Ok, I finished watching the vod"
b4690dc2,so I think it was created as a rule to make pawn aggression more intuitive
02ff68a1,"wooooow, so VNs can be succinct?"
73e128e5,gaap would probably call him a prude in the latest trends of devils
5b7aedab,god this _fucking music_
b9f82b61,so he's a colonial trophy?
810fde7b,Who the hell is epic
5b7aedab,"## I have no husband, and I must scream"
f06d395c,I'm looking forward to seeing it!
17ce7674,They will figure it out eventually
b4690dc2,the masses have spoken
9eb00d84,like they have the chapel but who officiates
02ff68a1,"But it was so funny though, easily worth it."
17ce7674,"but yeah, I dont think that influences the first 4 chapters"
49b618b9,this story really went: 'this is my special logical move'
9031449f,"jessica lives on the island, no?"
f06d395c,Mac software is hideously bad recently
fa09cb53,trollface.dk free download NOW!!!
0dde8c4c,"Persona fans can't even fight back, we're kicking them while they're down"
409aa8ed,when makeup has existed since egyptian times
a997b01f,owning kids is fun because of how easy it is
ba52ee3b,"umi2 the first REAL interaction between meta beato and battler besides ""lets start the game"""
b58b70f8,she literally looks like rika lmao
3eedca15,I’m scared to google umineko YouTube out of fear for spoilers
1982b5a7,he never looked at it
3161237a,"Let me get it back on topic
George"
d053e1b9,"It needs a lot of tweaking, I just wanted to get the poses right"
f06d395c,We didn't have 2 for Persona 3 did we
13a6ed2b,"i'm a 🙅 ⚙️ 🍆 🦇  (denial, grinder, horny, bat) according to my previous result on the compass"
b58b70f8,divisive media can be peaker than actual peak so im excited
e1688f3c,this image goes hard
d25281cf,Headache mode but you still gotta present to the class
aa8f5f2f,I think so but I haven't checked it
db13175c,I think it was late Endwalker
fa09cb53,i am going to shit my self
b9f82b61,we are... watching. from the chair
e1688f3c,you mean people doing joe joe reference?
ba52ee3b,and joe theorized a LOT
fa09cb53,im going on my pc rn
56d90223,They don’t deserve the hate (I just got here)
ba52ee3b,the whole point of a story is to enjoy it and think about it you're doing swell
754e75ac,someone needs to analyze this so we know what lines would be best said for Greg
8441b39f,Maybe hot take guys but
8441b39f,She can spin me all she wants
e1688f3c,r/chemtrail pilots awesome
fa09cb53,bros out here stroking under expectations
fa8d08e9,the true jelly joenut experience
6a9a4ab6,It was an entire bag full
94b5b4c9,And start of Expedition 33
e1688f3c,you will feel my wrath bell
bfdf84c8,The atmosphere is giving me bad vibes here
87df89af,"Well in Dante this is where he's closest to God and uncovers the divine's true, Trinitarian, nature"
3a068e31,nothing really that big should really happen tomorrow just watch the vod
fa09cb53,we just recorded the left hand first
deb8f4c6,"damn, I did miss that I guess, my mistake then"
8441b39f,Almost feels like they are related
ba52ee3b,bro there were 1 > X > 1 people in this stream and somehow the number wasn't 1
db13175c,twitch chat is being annoying as fuck today yeah
0eccefda,so that means they did it out of order
b4690dc2,if anyone came in they'd hide under the bed
621bad4b,uuuuuuuuuuuuuuuuuuuuuuuuh
b088e603,look just because you're in love doesn't mean you should be killing people
e1688f3c,i assume you have 4 cues cores so allow 2
fa09cb53,and then you get hit with insane black pill of macroeconomics and brainwashing….
b9f82b61,"sorry i missed it, what was the answer?"
fa09cb53,just turn off da light what can mf do!!!!
d64c58dd,she kinda did respond to it
fa09cb53,chinese people liberation army tanks during tiennamen event june 4th 1989
3c6ae2a1,like all this depth exists in the game but it's inaccessible without gamefaqs open
250b0a9b,I wonder what marble Vaush is going to redeem
9976f035,from the bottom of my heart
fd46192f,this is making me want to go back through ep 1-4 and actually solve the murders properly
5376ff2f,ooh just found a whole 5 hour french movie about the french revolution on youtube
eaddc5d1,He has an internal monologue about how much he loves having that kind of control over him emotions
1fd2119c,Yeah that should be fine
c0672680,ep4 full goat math next stream!? 
e1688f3c,yeah bro exactly what i was going for
409aa8ed,JACK IN -- KRAUSS X GHOHDA
810fde7b,Tf is this supposed to be
fa09cb53,bus really got games
e1688f3c,this the esp32 camera hooked up to my computer
94b5b4c9,another ruined phrase
fa09cb53,mr crips was hang for being bri ish 😔
d54830ca,Luckily I've bet so I dont have to make a decision
725720d2,That’s always a handy information to have
29178c9d,it's kinzo in a kanon costume
e1688f3c,when the bills stops paying itself and you just gotta
7f5df344,battler would totally be a reddit atheist
29178c9d,"umi 81 though, top 20 episode"
b8eaf23d,time to sit back and observe
87df89af,"Battler would probably be a based Arian, theologically speaking"
fa09cb53,hidden knowledge revealed
5b7aedab,i wanna apologize to mouse i wasn't familiar with your game
8441b39f,He can even make a dragon
73e128e5,">pfp is a gif of praising beatrice
>hates the magic denier"
db13175c,Incredible stream though
e8769870,~~Just play some Kevin MacLeod~~
56d90223,SHES MURDERING OTHER WOMAN TOO
b478b463,i literally studied to that on the background a few times haha
e1688f3c,my mom wanted me to get 8.5
a11b1797,"oh man this was actually so great lol, ill join the server for funsies"
d64c58dd,if you haven't played higu then don't
409aa8ed,they both get cancelled but rudolf somehow makes it onto a tv show
0eccefda,MOUSE YOU HAVE THE POWER TO MAKE CHAT NEVER RUIN ANOTHER GAME AGAIN
f358d26a,I just come in to say some shit
0f04debb,i mean i also learned that they are called butt fangs
409aa8ed,im about to get to the part where they see the shed
fa09cb53,it kinda like one of those video where the note falls down onto the piano abd it be playing
048fc8de,"literally just ""writer I don't like but people do like"" in practice I think"
d053e1b9,Is the manga any good
5b7aedab,[Look back on the path]
b8eaf23d,okay now how to relate one piece to umineko to fit the channel
e1688f3c,confirmed 100% of all farmers listen to this
250b0a9b,The beauty of reading a coru pin and not knowing he wrote it till the end
53a6e340,wtf i believed your ass
a937077f,Have you seen that chin?
e1688f3c,you going to post this?
fa09cb53,tell her you saw god for a moment
60a3779e,I'll keep that in mind
d053e1b9,Featherine aurora actually goes pretty hard as a name
d1712dc0,"And soooo many of them had room for the alternate explanation, I'm actually mad."
b088e603,We still have no idea what's happening there
d053e1b9,At this pace I bet umi 7 has a blushy crushy beach episode in hawaii
fce5d05f,Not even one pace I reckon
d053e1b9,Wow it even supports emulators
409aa8ed,"its like, a biblical thing, if you say someone lived a long time, its a form of honor and respect"
409aa8ed,"make nfts, sell your soul"
eaddc5d1,And that IF you're including the dubiously reliable perspective of drunk Battler
078a32ed,I wrote this  song : )
162b34e4,anne frenchfry shows up???
d053e1b9,They said something about a silver pill I think
fa09cb53,where they found a shit ton of dead body in one of those
fa09cb53,haha if the company last for more than 20 years then i might be set for life  ;
dfbdeb12,the best part is that joe yawned a lot during the whole sequence
fa09cb53,mf when god sever the human language and knock down le towers (9 11 referece)
daee0717,ill let him speak for himself on that one
e1688f3c,so did the test get submitted?
e1688f3c,what's a ponzi scheme?
56d90223,That’s a you problem
a4536011,Just theorizing on who the baby could be and one of his options was jessica
e1688f3c,ain't no way this couldn't possibly be ? ? ? ? ? ? ?
b4690dc2,complexity is really what matters
6cd41a0f,I think at worst it will take 5 weeks but again we’ll see how it turns out im excited tho
5b7aedab,i'm fully losing my shit
0be52b7c,"Well, for me, it just doesn't add anything of value, but to each their own"
adb72a1d,"can we get ""five nanjos reaction"" and its just. 5 of him"
73e128e5,"""so, battler, if it wasn't magic, who was the culprit?"" ""a dog ate my family"""
d25281cf,Wat if she was called Ange because she’s looking for an Angle to solve this case O_o
e1688f3c,:rolling on the floor laughing:
6b890d58,it's a good question of who the narrator is when thinking about who writes each game.
f06d395c,It's bullshit but makes sense
b2620544,But 2 onwards had stake ass nee chans
13a6ed2b,repressed lesbian natsuhi and bisexual jessica headcanon
b9f82b61,literally from a lab😭
c3e052ec,"RYUKISHI STOP
TOO MANY COOKS"
f466ee86,to be fair most people in the offical umi server probably finished it like 6 years ago
56d90223,Someone tell me when they start reading gonna get something to eat
94b5b4c9,LESS THAN 18 CHATTER
f06d395c,I just don't want a comparison on stream
e1688f3c,i'm trying to figure out how to get out of this situation right now
d053e1b9,It depends on the resolution
ff63de9e,"the only complaint to be had here is ""i dont like anime tropes and fanservice"""
b9f82b61,man i loved episode 4
d64c58dd,ok we've veered out of spoiler talk
bfdf84c8,The worst moment in the entire VN is still the Hempel's Raven explanation
da0c8d98,For umi 31 hours yeah
fa09cb53,is the weed stealing moon ….
ba52ee3b,it comes free with your existence
24ea4ff4,probably more than one
fa09cb53,because bitches hot in summer 😤😤
e1688f3c,it is supposed to be
13a6ed2b,Now i just imagine kinzo as the dracula flow guy
b088e603,somebody with artistic skills please
16651f76,"same , still do whenever i rewatch it"
fa09cb53,chat gpt turn this guy into fanta
048fc8de,Literally 1984 censorship maybe Reagan is umipro
b8eaf23d,he played the fighting game
70cb8f0d,idk personally I'd rather watch Northern Lion play Super Auto Pets
73e128e5,it's also much harder if you don't know jp
7e5b9ca6,theres a touhou reference in a late chapter of umi that i was so pissed off when i read
eef09ada,I don’t like solslop
29178c9d,the curves of the purgatory girls represents the curves of the circles of hell
fa09cb53,plus also kiets parents rich
e1688f3c,ayo field trip schedule just dropped
fce5d05f,It's a lot shorter than umi
b4690dc2,thankfully the zeitgeist seems to have passed
219c8209,"Makes more sense, you don't expect aunt to shoot you"
1fc172f8,hope the farmer's wife's hair-hat gets fanart
02ff68a1,He did look strikingly like battler.
f06d395c,I realised it a day or so ago
fa09cb53,damn bro was watching the tube
048fc8de,zts is great but in general I'm a dai enjoyer the most
7f5df344,y'all i think george needs better apologists 😭
250b0a9b,"Lemons already did, he had all the characters locked and loaded"
d64c58dd,"I know some people prefer ""it's useless"" to ""no goddamn good at all"""
056f5f8d,"it could happen that someone is on say, episode 4"
df4aa97d,kekekeke (no wonder the room smells bad)
f06d395c,I mean I'm agreeing with you Hannah
53a6e340,metaphorically here is maria gay
7e5b9ca6,is gonna be rangers alter
13a6ed2b,idk if 5/5 censorship actually cuts out all the objectionable shit
d0cb4aa9,Not by blood. But they’re sisters-in-law.
e1688f3c,think you got the wrong person bro
1fd2119c,"""DADDY'S HOME, OHHH EVAA"""
96962f09,it's catboxes all the way down isn't it...
8441b39f,"What is a worm

A miserable little pile of secrets"
621bad4b,"18 extra people, a whole second murder mystery going on over there"
bfdf84c8,I do think it would be naive to say that the designs in Umineko were only done for artistic purposes
e1688f3c,isaac reference in something
60863448,wallahi she is the greediest lesbian of all time
83cb2bb1,Still don’t trust him because of what Battler says at the start
e1688f3c,taking a shit taking taking a shit
e1688f3c,they did the string connection on the pinboard
94aea54b,"Anya and Maria would be good friends, me thinks"
24ea4ff4,"it arrives squarely at ""oblivion with guns"""
fa09cb53,tell him hes not worth it and he should quit forever
fa09cb53,smh the crimes be on your record!!!
f06d395c,The mobile app is ass
bfa4eaa7,(i already knew so idc)
34ab6ea0,Granted I am also completely blind and just watching Joe's play through
f06d395c,Cause that'd be spoilers no?
31a02125,the nico nico comments are a bit ridiculous but that's part of the meme
fa09cb53,bto republican gaming???
e1688f3c,it supposed to be like this >
a997b01f,yes but it could also not happen.
0fc6bdb1,MULTIPLE ERIKAS IVE DREAMED OF THIS DAY
db13175c,so you end up with scenes where it's just music + monologuing + blurred picture backgrounds + sfx
fd46192f,so with that shower. i wonder if he had planned a bunch of home alone style traps for erika
ff63de9e,epic jumpstarting his streaming career in jads
be8b0fcf,Umineko fans gettiing the blame from higurashi fanss 😔
5c345fff,it’s an umineko-lengthed day
13a6ed2b,i wanna re-read but mann im lazy
fd46192f,so i'd love to hear more of Joe's thoughts and theories of everything
fa09cb53,anyways they talking about crypto on the television bye!!
e992b791,Does it really bother ppl when the writing is repeating lines? I personally dont mind it.
da0c8d98,My opinion is that my opinion is wrong
63518930,mgs4 will be very entertaining lmao
e1688f3c,i think these went up in price fr
6cd41a0f,No its rika from higurashi
ba52ee3b,literally he doesn't even know who i am besides the one guy chat said got owned once
9d987774,"the author's intent exists in the text
the author doesn't"
eef09ada,there were some people who were serious and got a fair amount of upvotes
478c0a65,One Piece tuesdays and saturdays are gonna be so peak.
30a0ff40,"So in ep2 the key was Rosa, who would be the ep1 key?"
8441b39f,Can I be your right hand then?
e1688f3c,if everything inside in to the power of 2 😩
e1688f3c,or continuation of argument
c73b2cb7,he got someone else to color them
e1688f3c,not just drag and drop
ae10a8f4,can't wait for a full list years later
fa09cb53,i like democrats with lemon flavour 🤤
b478b463,Which Mario galaxy is this from?
7b01763e,yeah that sounds about right
fa09cb53,you have to do a quest to unlock that area bro
810fde7b,This is certainly a tuesday stream
219c8209,That fucking sucks man
db13175c,WH and UP have the same prose
888037f1,i don't know what to think in regards to the culprit
505a43d8,"no, like, after fanart"
daee0717,there look someone gave you one anyway
ae10a8f4,Mari~~o~~a to battler in episode 1
31b3f300,So natsuhi definitely pushed the servant and imaginatining all of this to cope
e949382e,I like battler with black hair a lot
56d90223,"Same, I tried to find one that’s hella weird but also I like"
20bf120f,By the time of the occupation she was definitely dead
94b5b4c9,I really doubt she wrote more than two bottle episodes
e1688f3c,steve jobs is back??
fa09cb53,also passed by some mosque
adb72a1d,mouse would never allow this. too many spoilers
e1688f3c,this entry is too disturbing to describe with words so i am going to show the imagery instead
fa09cb53,but you have to hide yourr dead wife corpse
fa09cb53,crazy ahh intro + crazy ahh bgm bro
bfa4eaa7,how does a key use a key?
cb0e9e65,Or never have your mom abuse you but knows that she doesn’t care about you at all
e1688f3c,now i gotta assign everything manually
7829cb39,can't believe he's single tho
e1688f3c,but in the tropical bruh ffolder
2e8f221e,"Battler, Beatrice, Gohda and Nanjo and the rest are Gohda and Nanjo cosplaying"
ae10a8f4,did freak me out for a bit tho
7e5b9ca6,yeah this is exactly how i feel
b4690dc2,they say he's a long time friend
f06d395c,I'm just staring at a bunch of Taiwanese characters on a map
ff63de9e,"""ill buy physical copies of the manga"""
f06d395c,He's not dropping it now
eaddc5d1,Ham I might just have to incorporate this into my worldview going forward
ba52ee3b,SO easy to refute the witch
fa8d08e9,I really like the seagull line
e1688f3c,this must be a conspiracy
87df89af,Yeah but what does that even mean in magical terms...there's much they haven't delved into yet
fce5d05f,I'm 3 umineko streams behind
fa09cb53,what would jesus do 😔
1fd2119c,Umi 4 future Does 07th have the counter?
0e8ba699,ah fuck shannon flagged for pvp
725720d2,">looks into umineko stream chat
>higu 1"
e1688f3c,... maybe make another? ...
31108803,Kyrie suffered for 15 years because of love
e1688f3c,damn bro people who are overdosing on pills must have phd 👍👍
fa09cb53,doctors finally gave da shot
fa09cb53,this you tryna remove the shit you looke up online from the screen
bfdf84c8,It would cause me immense psychic pain if Asmongold was an Umineko reference
0fc6bdb1,oh god we have to hear the VAs say coo-kies
63518930,I've mostly been the same
0b843864,I thought of this too but also Battler is absolutely not a theatre kid
e1688f3c,or latest lts would be fine too
13a6ed2b,mouse im begging you 🙏
d0fb1a3c,What if this is actually a spoiler
d64c58dd,Its insane how greg’s delivery is like 40% of what carries the AI Somnium games
e1688f3c,i remember the secondary building used to be
b4e1f40d,I could simply fix her
eaddc5d1,It wouldn't be the first time Battler was punished for believing he was right prematurely
1fd2119c,I shed tears reading it
fa09cb53,dd do the harlem shakee!!!
d0cb4aa9,most of the stuff away from when they cry
5dc7b18f,well it's simply because Beato is hot and funny so she can't be replaced
5b7aedab,_Umineko: The Abridged Series_
20bf120f,6 hour long George-Beatrice Sex scene
fa09cb53,spent too much time on this
d0d252d6,good work twitch mods
ff63de9e,Rosa fucking hates her occult bullshit why would she let her wear a little black crown be fr 😭
db13175c,umi 5  im sorry can you explain? 
ae10a8f4,George has the biggest sin any character can have
e1688f3c,there's instant noodles though
af26db04,the other one looks like i use him at the beggining and at the end of spoilers on discord
d2cbae83,Absolutely incredible ending
bfdf84c8,Which one is your favorite?
162b34e4,"Everyone be quiet and listen, there's a Danp message coming"
f06d395c,I tolerate iHeartMedia cause they host BtB but I wish BtB went independent
e1688f3c,i renamed the .zip file to .exe and he's questioning my intentions right now
94b5b4c9,"Yeah, let's remember the previous episode was reeeally easy to interpret"
29178c9d,"""a badly paced episode is eventually peak, but a rushed episode is forever a cliff"""
02ff68a1,Shannon was hidden away in the back and thats why she's the least witnessed
7e5b9ca6,why did u call him out
b4690dc2,yeah I missed that detail too
e1688f3c,i thought boku no nightmare didn;t exist???????\\
85e13898,you could say it's a mystery now
eaddc5d1,"He's still ""Battler,"" but maybe he's not Battler in the sense that he's a magical recreation of him"
e1688f3c,i was just visiting there at the time
db13175c,you just hover over something and hold shift and it pops up with a dictionary
e1688f3c,i won't be back until the 19th
0eccefda,You definitely like makoto niijima
17ce7674,"yeah, at this point, I cant imagine how bad it would need to get for me to drop it"
d8b37c35,and most people are going to be there so we are going to be slower today
e1688f3c,also beginning feels kind of slow
13a6ed2b,is it black or white to move
409aa8ed,im not arguing with you about this leaves disgusted
73e128e5,not all eps are the same length tho
fa09cb53,but i dont know how to use it though
b58b70f8,"yeah but it means she's still under it, and patriarchy doesnt have women at the top"
056f5f8d,but i like my first one better cause i like i have a deranged excuse to think that
20bf120f,"I mean, some doors, but not most"
f06d395c,Woah we're going umipro already?
df4aa97d,"its only minus is not allowing the OG sprites, but apparently that's being worked on"
f06d395c,Hmm I think I'm good lol
f06d395c,I hate that it's George but this is great
e2dd6606,"Long-form video analysis youtuber, streams sometimes"
d08f3d94,"umi chat, take a shot every time someone mentions silent hill"
b569c490,i would say im blind especially post episode 3
20bf120f,What doesn't make sense is why Eva would let a dead person in there
d053e1b9,If they did they probably used skin-matched underwear
0c427976,All the subahibi not knowers... you're better off not knowing
eaddc5d1,"EVA, YOUR BUNNYGIRL GUN COLLAPSED"
56d90223,I say to another woman
fa09cb53,teacher showed us video of bomberman
acc72aa2,Columbo could solve this
ea843b1e,fata morgana is indeed pretty good
02ff68a1,hasn't bernkastel already appeared?
d053e1b9,I wish it wasn't so obtuse
60a3779e,This is justifiably Ryukishi
0eccefda,Hideyoshi x Okonogi Mpreg made George
441da1e5,It has to be Natsuhi and Genji at the very least
b4690dc2,(he likes it but thinks some scenes are a touch too long)
5c345fff,that was the first game
fa09cb53,"and the dean guy looked at it, reads it out loud, laughs, then said not doing it"
7b564ea9,"""Junpei what do you mean you've never heard of ice that doesn't melt?"""
b34c2493,maybe I just imagined the pointing soyjak meme there
e1688f3c,and facts needs sources
bfa4eaa7,"yea, ultimately it's in the catbox so we can never really know, both reads are valid in my eyes"
db13175c,i've seen you say this before and i just cant help but disagree with all my heart  im sowwy
fa09cb53,also the part i said were too modern were the bike and hike and also the beginning of they had to go
fa09cb53,but the best time to do it probably when i get my semester break doe
13a6ed2b,i get what you mean because of the other stuff you said but this is a crazy message out of context
73e128e5,you can complain to the devs for making gender normative media if you want ig
fa09cb53,i tried to draw midi for drums using ableton back then
0b843864,Funny enough this final question is exactly what I want to address in my big Ange theory
24ea4ff4,destroy the babushka
725720d2,Coke occasionally but not really
e1688f3c,because you stoopid bro
e1688f3c,and i thought of some
1fd2119c,HER PUDDLE COLLAPSED
fa09cb53,me when modern day cult of personality 😔
e1688f3c,if oyu have discord nitro they give you a shit ton of free games
7e6f63ae,natsuhi doesn't let kinzo sit down while he's at work (pretending to be alive)
e1688f3c,probably because he clicked on the same link
b478b463,"on firefox btw, if that helps. works fine on chrome"
ecece11b,Did someone else make this title
17a6b71b,Already the best episode
eef09ada,Idk if thats allowed I think mods are afraid of slipups
7e92c265,Will Joe get to the part where Relttab makes his grand appearance on tomorrow's stream
fa09cb53,or not squared enough idk
e8ad9e34,very cringe behavior
eaddc5d1,YEAAAAAAAAAAAAAAAAAAAAAH
b58b70f8,with hsr you can auto everything with a good enough team
5b7aedab,am i losing it or is this channel worse today?
f06d395c,"I feel ""requesting"" a repetition wouldn't fit at all"
3eedca15,"Entire SETUP under the blanket, allows more room for jelly and other guests"
fa09cb53,sounds terrible anyways india superpower 2020
b4690dc2,rudolf would play roblox if he were alive today
e1688f3c,i'm trying to read right now but struggling with comprehension
87df89af,....isn't that the point?
e1688f3c,man i used some crazy ass keywords while searching this shit
49b618b9,didn't you see the pins about the spoilers smh 
250b0a9b,There wasnt AI art so thats good
e1849ed8,TRUE it's called supplementation
0b843864,But because they acknowledged it as their real last name today I'm also going to roll with it
fa09cb53,they put it in yo teeth (real) for a solid minute or two (real)
fa09cb53,the floor wet af wetted my sock
888037f1,is this because of CH5 ?
b58b70f8,are we referring to prose when talking about writing
d053e1b9,I passed the d20 so I didn't mention it
b478b463,They already  got recommended Umi full  birth of a new witch 
e1688f3c,and do you think this game should cost money
d64c58dd,how is georg den doing
d053e1b9,The best anime ever made
8f76cfa5,since if she was alive then she'd be in the room
8441b39f,I'm tired of the word epitaph
53a6e340,umineko no naku koro ni
fa09cb53,he got the nuclear code 😨
20bf120f,"If Maria is infact narrating, then nobodies internal dialogue was actually revealed"
8e4b9907,He's got some banger lines (before he gets folded lol)
d053e1b9,I love how evil she is
683b95f7,BEHOLD THE ONE WINGED EAGLE
c3e052ec,Who's the lady two stops above Lain
db13175c,i love every  scene in umineko
73e128e5,natsuhi is mean to servants i like her
17ce7674,What are the names of the Umi 2 Servants that beatrice summoned to kill 
f06d395c,I think I didn't read some of your messages because you've finished episode 4
d0d252d6,I hope umi den isn't that bad tbh
b34c2493,this is my favourite theory ever
ba52ee3b,i can't use the emote since i'm poor dw i'll carry your legacy
e1688f3c,also send me the original dead boy soul image going to send that to him
13a6ed2b,see the accurate prices
3c6ae2a1,eating is more important
73e128e5,pachinko excels at making characters look unlikable so unsurprising
02ff68a1,and also lambdadelta is there as the government
e1688f3c,there he climed the ranks
3c96715a,Can't wait for it to be relevant to the plot 7 episodes later
e1688f3c,so whenever i delete the thing
015b370b,I want to see Edgeworth Investigations
0395bfca,is it in the version joe is using?
1dd860ce,wait he still on persona?! 😭
409aa8ed,on the one hand its funny seeing him dunk on vidya game
fa09cb53,its just my character building day bro
34ab6ea0,Folks tend to root fantastical stories with elements that allow folks to engage with them.
daee0717,"oh the ""you"" there was general"
e1688f3c,argument about why i shouldn't sleep late
441da1e5,RYUKISHI BROUGHT IT BACK
441da1e5,And do it for all the 18<x<19 characters as well?
e1688f3c,basically what i do is i make the basic video in davinci resolve first
8aca22aa,umifull I mean I don't think Beatrice Castiglione came to Japan legally
eaddc5d1,The solution is simple: be a slice of life fan like me and gain a natural immunity to bad pacing
409aa8ed,ngl tho p5 dropped the ball with that shitty gay joke
bfa4eaa7,He was warned ahead of time yeah
d25281cf,I am legend type beat
048fc8de,umi 3 bunnies are peak I'm afraid
f0578b25,thats like required reading for umineko right
24ea4ff4,no idea if it was going to be a plotpoint in 2 tho
e40b50a5,Does Kraus even count
a997b01f,Helltaker dev wins again with his ulterior plan of getting more art of cute girls in suits.
e1688f3c,if bitches can't figure out how to use tabletop simulator by themselves
219c8209,Turns out magic was drugs all along!
d053e1b9,I use a fork so I'm not too worried about it. Not a good sign though
e1688f3c,nah bro it says if i click some link i will be able to experience ultimate pleasure
f06d395c,Jelly's cooking a Michelin star meal
e1688f3c,i will help him for now but hopefully he finds out that this project will fail (i think)
fe851805,this is the plot for the Book of Genesis
e8769870,"im surrounded by a sea of darkness, and i must not give into the urge to bring light to it."
fa09cb53,i still think its like
fa7275a3,You can break into the parlor and the chapel
ff63de9e,"gohda dies
""haha chat he's cooked, get it?"""
409aa8ed,"THATS JUST A FUCKING SANDWICH, KRAUSSS, THATS A FUCKING HOAGIE, WE'VE INVENTED THIS"
e1688f3c,i think something is going on in this room
8e4a44e5,"i think the plan is act 1, so they won't see it, right?"
eaddc5d1,"Battler just wants to play fucking Clue, man"
30a0ff40,Wait what???? I was sure the smol witch will appear
637beb8b,"We have to blame someone, dont question it"
0fc6bdb1,andor does the same in rogue one
fa09cb53,didnt know that archive org save the download files
60863448,maybe the real gold is the friends we made along the way
d25281cf,the voice actors say the names
d25281cf,chat press win + . on your keyboard
b58b70f8,i hope this ep shows the new readers to always trust the process with ryukishi
8441b39f,No it's against the law
29178c9d,why are people spoiling the krauss gohda arc here???
fa09cb53,to play old ass game on da pad
e1688f3c,ok bro i actually have a crazy idea
e1688f3c,cringe democrat bro 🤮🤮🤮🤮
c73b2cb7,I really like 4 and 8
e1688f3c,i bet you take down walls on a regular basis
85416f74,Wuthering Heights 🤝 Umineko: prominently featuring wealthy sad old men
d25281cf,Kindness takes effort sometimes it’s not always easy
f466ee86,bible middle man things got real heated in egypt huh
3161237a,"Okay, but how does the cold always leave them bedridden"
d053e1b9,"I say, trying to get the image off screen"
b58b70f8,umipro translation is so much better but i get why he wont
b8c9a0b4,ciconias got lots of good gender stuff imo
b2620544,Okay. I'll give credit where credit is due. Jeremiah was right. He was right all along.
7e5b9ca6,compared to more fear
b2620544,the goats have boobs now
7f542ba6,we are fine like 98% of the time!
c102de5b,THAT'S WHY I CAME IN HERE AND SAID THAT
8e4b9907,"Yeah but futomomo still doesn't mean 'thick thigh', it's just 'thigh'"
6cd41a0f,~~why would we exist with inferiors~~ we will never come back here again
d053e1b9,The anime is a bit... off... sometimes
20bf120f,I really want to see the people put the portrait of the witch on a side at some point
ff63de9e,you can get the manga for cheap in japanese though
b9f82b61,should we really unleash so many umifullers on the world
e1688f3c,maybe weekly or even daily bro
f06d395c,What does the manga look like
d64c58dd,I can get a more precise number
c73b2cb7,i mean umicord is a thing
fe851805,But it's so businessspeakey
17ce7674,"I also like the horror bits, the atmospheric bits and the family dinamic"
b58b70f8,the second half of umineko is called umineko chiru
fa09cb53,unstoppable force meets immovable object
bfdf84c8,I wonder: Does Umineko or Higurashi have more vocal stims?
078a32ed,it shouldn't be allowed
b821c653,"Yea, agreed. That was also the biggest selling point to me when I was reading it."
b34c2493,Joseph Anderson Umineko Server
fa09cb53,but the very next day
47247786,"Ryukishi definitely hates his fans, all writers do, but it comes down to a question of how much."
6cd41a0f,Me too i finished it and i sat there like thats it? Absolutely ass imo
76d9877b,🌂 The Episode 8 stuff is seeing what Bernkastel and Lambdadelta's fighting styles are.
e1688f3c,daily dose of redpill
f06d395c,The story hasn't made this point clear yet
f06d395c,Could have cut half of the lines
13a6ed2b,"I AGREE
everyone tells me im crazy and ""its useless"" is better"
0c247e09,"Imagine spending money to get to comiket after waiting for months and reading this, I'd be so pissed"
fd46192f,not when kinzo and nanjo plays
e1688f3c,it creates a new instance of that window
49b618b9,jelly theorizing to cuck george
b8eaf23d,a little bit of ciconia on the side m'lord
048fc8de,so far we've just finished my personal bottom two episodes so it's only up from here
76d9877b,🌂 STILL GONNA BANG THAT SERVANT THO—FUCK YOU ON THAT TOPIC MOM
e1688f3c,if you look at the third picture
d25281cf,ZTD is a good bad game
a5dedc72,Getting ppl to do stuff by tricking them into thinking she's a witch
72661a6c,why did they do natsuhi dirty like that shes not furniture man 😢
73e128e5,senator bern... kastel
71084104,I really would like to see joe stream lobotomy Corp to be honest
fd46192f,i see them as the same person in the court
13a6ed2b,i thought it was to share everything with the iOS version
f771a96d,Um2  Is there a  red truth in episode 2 about Jessica being killed ? 
fa09cb53,this humour is patriotic??
f06d395c,This chapter will probably get to that I imagine
56d90223,Head shoulders knees and toes
f06d395c,More Ichi the Witch yay
a72309aa,Thank you ~~Mouse~~ Assmaster
f06d395c,"He says if he drops BG3, he drops Umineko"
13a6ed2b,"idk if thats always gonna be the case, i think its just how it's been happening by chance"
e1688f3c,or dude just used ocr tool
d37288cb,I mean more about what they represent but yeah
a4536011,I'm older than jelly wtf
72661a6c,this looks like a danganronpa cutscene
cbee777f,Or that one time it was light out when it was a nighttime scene
0b843864,Oh yeah what was the solution to Bern's game I missed it
e1688f3c,super gaming house tractor mr incredible what is your decision
b4690dc2,did you post cringe?
b2620544,Everyone is a culprit
bfdf84c8,Rotating kinzo in my mind burning in hell
1fd2119c,I cannot wait for the inevitable Youtube Chat vs Twitch Chat wars
e1688f3c,top 100 richest people on earth
b088e603,"Unfortunately true, after June the sentinels come out and start hunting"
409aa8ed,you need to link it to me
250b0a9b,"Thats brutal, I wish the VN showed a bit more art of the deaths"
637beb8b,So Granny Eva is Ange's illusion? Never considered that uh
fa09cb53,this not horse dick!!
e1688f3c,well actually a lot of school force you to learn bible study
87df89af,"Wait a minute, this isn't Maria's voice"
e1688f3c,tractor beam 6 coins 2 keys
e1688f3c,high quality version
b088e603,Writing so good it sublimates into aura
63518930,tbf I feel like the repetition happens much less often after the first episode
162b34e4,he HATES horror games
409aa8ed,george is very lucky ryuukishi gave him a green suit
eaddc5d1,the p in jph stands for peterson
f06d395c,I don't know. Don't have enough info to know as of now. Can't speculate
37f869c9,I think that bit would be better if he doesn’t develop
87df89af,I'm sorry but Eva is a 5/10
df4aa97d,"oh yeah the manga uses Mayn or something, right?"
b8eaf23d,i cannot support evanatsu cause that shit is pure toxic. not even toxic yuri
f06d395c,I spent a LOT of time just running between places
5c109dad,"Joe gave up, literally Battler"
f06d395c,AND the umibros harass him
fa09cb53,fuck the electricity just went out
0f04debb,part of the rikaverse
fa09cb53,out here living his best life
e1688f3c,have to head down will continue selling later 👍
fa09cb53,but yo ass saved the troll book instead
8e4b9907,"There's a surprising amount of art of this, it's pretty cool"
e1688f3c,youd ownloaded the video though what the ahel?
13a6ed2b,"battler just opened his mouth, someone go hand him a titty rn"
f358d26a,When Japanese people chat on computers or text do they do Kanji or Hiragana?
cb0e9e65,Suddenly everything is about her
3a068e31,"im excited for the fanart stream for umineko, joe hasnt seen them yet right"
1fd2119c,As far as I can recall yes?
d053e1b9,He knows what pocky is
fa09cb53,cat got cheese touch
2485b0b8,yeah it was a little louder normally
e1688f3c,is this the backrooms or the chuck e cheese backrooms
b9f82b61,it's like the only thing they talk about
f06d395c,2 hours in the grand scheme of Umineko seems like a drop in the bucket
e1688f3c,wait a second eating fazbear right now
d0d252d6,what are these boobs
e1688f3c,already spent 100k today
e1688f3c,actually been back for a while but had to do some wifi password guessing since brody moved 😭😭
daee0717,i did not no i dont read reddit
07e46c25,finally... krausscoin
8f76cfa5,its really fucking good
94b5b4c9,Youtube streams are better experience on mobile I think. Twitch app is buggy as fuck
c3e052ec,Your reading was the correct one. I just didn't realize it until now
fce5d05f,i dont think i could rewatch his umi streams over and over
c0672680,NO ONE BEATS MY CHILD BUT ME
9f2e5620,You can really see when in writing the story the author started reading powerscaling forums
f06d395c,Wano was just kinda bad for me
2485b0b8,Jessica live reaction:
ff63de9e,you think rosa domed maria with the MGSV tranq gun
f12c8aac,"oh, your actual user name makes it a lot easier to find than zac 🙂"
6a72c052,he like gaap I'm sure
38ccd930,"Spicy, I'll look it up"
fe911216,"if you dont think this is any fun at all, i don't know what to say to you lol"
b4690dc2,beacoi is drawn in red you know...
5b7aedab,"ah, my amazon package is here"
fa09cb53,nah im having relation with your mom 😔
fa09cb53,bitches got no framework rn
549f4fe0,my god people are genuinely backseating a book
db13175c,turning it from psychological horror into some slasher gore is just atrocious
d64c58dd,my mind says gohda but my gut says krauss
b4690dc2,unsafe for them yeah
87df89af,Top secret mission like smuggling a whole bunch of gold away from Germany
2f767d41,the tsumaris are still gonna be very obvious lol
219c8209,"man, couldn't kinzo be good instead :<"
250b0a9b,There’s no way he solves the epitaph
e1688f3c,communist party history shit classes
ba52ee3b,"use ice to hold the letter in kinzo's room, it melts and then the letter falls down, boom, no magic"
49b618b9,"I take it back, I LOVE them"
b4690dc2,"“Yeah everything’s been good”
“Even war?”"
505a43d8,umi 3 later he still stuck in the mindset that two who are close need to be a couple i see
d25281cf,But if you’re gonna scroll through his media tab there will be umi spoilers eventually so be warned
1fc172f8,not just you buddy gaap is too with that fit
e1688f3c,dead boy saul haunting classroom
17ce7674,But we frankly dont have enough information to be certain
df4aa97d,Just a thing to bully Joe into playing someday don't worry about it
b58b70f8,he covered every wall in vaseline
d25281cf,buy battler stocks now if you're smart
7e5b9ca6,yeah we're blowing you up
fce5d05f,Ryukishi we know it's you ciconia isn't a game lock the fuck in
bfdf84c8,Feels like Episode 8 needed to focus on this part a lot more
5b7aedab,"""hold on i have to turn it down""







-# uu"
f06d395c,Virgilia is the motherly guide. Ronove is the assistant
b58b70f8,umineko atleast ep  7 full Ave Mujica
d25281cf,Great Ace attorney 2 is also the best AA game
e1688f3c,haven't seen him online in a while mf got banned 😭
e1688f3c,but that's what i hear
e1688f3c,anime will be come real in 5
3c6ae2a1,"useless just feels too, wimpy, I guess"
29178c9d,just piss in the corner
b4690dc2,is ronove part of their clubs?
7e5b9ca6,i think it's a finger of speech
7e5b9ca6,i stopped thinking during ep2
20bf120f,"Yeah, it sounded too soft for my liking 🙂"
f06d395c,You can read part 1 in isolation IMO. It works well enough
8f76cfa5,if this keeps up all of us are gonna be umifulls by the time ep4 ends
fa7275a3,Because he doesn't want them to go into crippling student debt
505a43d8,😔 we will never agree on this in this case
8c33dd74,"We're currently the P3 Protagonist, just Staring at the child as they talk at us"
c73b2cb7,"has a lot of ""wow"" visual moments"
f06d395c,This was a very good scene
d64c58dd,or did it just play the regular op
fa09cb53,this will be politics in 2016
f06d395c,But I'm also the sicko who loves ep 4
ff63de9e,shittier quality wins if it comes first
048fc8de,sorry not even related to umi this is pretty crazy
b4690dc2,"poor form, too little hip action"
ae10a8f4,Divine comedy intensifies
0f04debb,This discussion reminds me of the fact that there are novelizations of umineko lol
00d5165a,Was lamb too weeby for him
eaddc5d1,did they explain chiester
f06d395c,All channels so far have been archived not deleted
8c33dd74,"THEY'RE OKAY WITH ONE MORE BEING ADDED, A FOURTH IS TOO MUCH, HOW IS THIS HARD TO COMPREHEND"
17ce7674,I dont wanna click it
d0d252d6,"the other umi chat, cause I feel like we got the best deal with the reading chat"
53a6e340,hell yea i fucking hate george
e1688f3c,can't go home after thursday lunch anymore 😔
5b7aedab,"""hi tom [nuts randomly]"""
c859c264,how do you know solving the epitaph is within his capabilities?
e1688f3c,didn't really notice that part
a5dedc72,"it's the lines bro red lines is family, blue line means servants"
f06d395c,Oh I completely fucking forgot about Will
72661a6c,i still dont remember from that
621bad4b,I think shannon makes the most sense for a few reasons
fd46192f,it's the biggest logical flaw in the story
8aca22aa,he'd finish in like September or October if he did it once a week
51a6abb9,twilight and umineko same universe
409aa8ed,dr nanjo plays the banjo
96bf8c05,he actually outplayed her here
20bf120f,A lot more depressing though
5b7aedab,new twitch chat rule: NO BACKSHOTS
b4e1f40d,yes there's a certain very late out of context character lmao
fa09cb53,that expansionist tendency
2e441894,Yes but the original got deleted
725720d2,Getting zooted on intoxicants
87df89af,"Oh, well I guess. Doesn't really matter either way"
e1688f3c,you want to see a picture
f06d395c,Why is goat-kun not ripped as fuck
048fc8de,I'm xenoblade's strongest soldier shit is peak everyone play the trilogy
24ea4ff4,come back when you read it all
fa09cb53,and keemstar fucking laughed and shit
e1688f3c,nvm i'm not going to send
b4690dc2,have you seen the shitty minigames for every attack
0c3a67d7,Damn there goes my bdsm essay post
0be52b7c,"And now i'm thinking what's up with Kanon
but i'm guessing we'll see soon"
f06d395c,Oh I'm not saying the anime fight is done I just like that we're going back to the core theme
b8eaf23d,yeah his name is vergil
7b056647,But I think he’ll like it a lot either way
505a43d8,this is jsut a malicious theory thats ben left ope to torment natsuhi
c3e052ec,The other 5 chapters are going to be Nanjo Slice of Life
02ff68a1,do you find the lore interesting?
fa09cb53,is this channel rea;
d64c58dd,My brain broke sorry
fd46192f,HE HATES IT (also it's a game now)
5b7aedab,"the beato portrait is probably the most iconic piece of art from the game, it's 100% OG art"
30a0ff40,That wouldn't work in court
94b5b4c9,"Yeah, that explains why I felt sudden urge to post slurs"
fa09cb53,i just want access to the 3d penis 😳
219c8209,"Tom said he will play project once ps3 copy arrives
is it..... joke?"
b4690dc2,I never heard of that being taken out
d053e1b9,I need to buy the umineko manga
30a0ff40,"Yup, never lie, but never tell the full story kinda guy"
8264f965,The Rika thing? Tbh i didn’t think it was a spoiler
e1688f3c,got a little to enthusiastic and accidentally pressed the macro
441da1e5,"Nah, I've been waiting for the Umineko fanart segment for too long"
51a6abb9,HOW DID YOU PICK THIS OUT OF ALL POSSIBLE WORDS
0ef04394,the question is about optimization moreso than probability
e1688f3c,fucking minecraft parodies
fa09cb53,i have to call him please wait dave : - /
f06d395c,She's called FURUDO ERIKA???
87df89af,Yeah I think the mystery is basically just the medium to carry these ideas in a digestible format
c73b2cb7,how many sinners are therE?
b4690dc2,lemme look up a guide on how to properly experience the porn game rq
0eccefda,What if Natsuhi shot and missed and then her head just did that
84589370,The yuri... snatched out from under our noses...
bfa4eaa7,I feel like I'd have an easier time talking to them and engaging them
e1688f3c,don't let him climb the tower of babel
ba52ee3b,i think you should spoil episode 4 as well
fa09cb53,thats true thats true
29178c9d,"if that scene was pure bs then why, because only we were seeing it"
f06d395c,Is... is it ending at this point?
e1849ed8,It was in our faces all along...
441da1e5,What the fuck is this dweeb doing here?
0be52b7c,Its gonna be fun to do a reread and think about every twilight and try to piece together the riddle
219c8209,oh shit I forget every time that beatrice is golden witch because she gave fucking gold lmao
c73b2cb7,"""without love it cannot be seen"""
1fd2119c,We need a third opinion
e1688f3c,more unfinished music
ff63de9e,she also said something about getting really mad if we make bern cry
fa09cb53,feds are... among us...
02ff68a1,Was the george stuff one of the things established in the episode 4 end?
1179fed8,"I think the part where Natsuhi and Krauss freak out about Kinzo's death is true, but I may be wrong."
e1688f3c,movement a bit clunky
2e441894,The VN is significantly better
e1688f3c,you can download peartunes 😳
e1688f3c,trying to pirate some books right now
60863448,which insane person picked krauss
fa8d08e9,dalmek just made this one for me
fa09cb53,guy said american intervention good sometime
fa09cb53,nice defense mechanism
e1688f3c,corny aah hael speech
e1688f3c,real shit can't game online
fa09cb53,i never thought.....
409aa8ed,i hadnt thought about it that way but
f06d395c,"The CG isn't the same but I assume the ""caged room"" was an office of sorts"
d0d252d6,Sekimeiya fans would never do this you should just stream Sekimeiya today cause of these weird posts
eef09ada,That elevates it to a 7/10 for sure
0f04debb,yeah for like a chapter
fd46192f,are you even reading umineko right if you don't feel like a conspiracy theorist tho
17ce7674,"So, guys, what do we think actually happened during the first twilight"
e1688f3c,and then went back to sleep
162b34e4,Its even boring to play 🥹
fa09cb53,trying to do atmospheric synth
02ff68a1,i wish I'd done more with it but it was soooo fun
e1688f3c,learning online right  now
1982b5a7,that's my new theory
e1688f3c,up to reader interpretation
b58b70f8,i need your pfp though
ecece11b,Does he hate everything
fa09cb53,bro gonna get corrected again by yoyobs_manuel sensei
5b7aedab,(yeah i was understating for Reasons)
f06d395c,We only know that Eva was found at Kuwadorian
89d41233,wonder why natsuhi didnt just do that
d64c58dd,Its the only explanation
e1688f3c,just to live in the moment
9976f035,but if you combine it with higurashi 5 it makes it an amazing chapter higurashi spoilers
b4690dc2,we already have a bomb
ba52ee3b,horror games are so good
20bf120f,Just to subvert expectations
e1688f3c,i'm trying to use paint net to do it
13a6ed2b,what's that? i can only find stuff about guitars lol
f0578b25,for what fucking reason would one use bomb dogs. what?????
13a6ed2b,nah i'd rather just make something i actually like
e1688f3c,is this how he becomes player 08:??????
02ff68a1,Battler and Jessica slander
e329c772,would you believe me this was the first 🧑‍🍳 react ive gotten
02ff68a1,"I don't know how much episode 1 serves as wish fulfillment for Sayo, but it's a fair analysis of 2."
e1688f3c,finished reading everything
f06d395c,The story demands a TON of trust
6a72c052,wait what ? I don't run umipro as admin
70cb8f0d,chat site has a new tech
d0fb1a3c,"It's not a theory, it's kanon"
5b7aedab,umineko is about trying to figure out what really happened during the noodle incident
d053e1b9,This character is making me painfully close to wanting to play zzz
e1688f3c,from the makers of sex
d0cb4aa9,goth mythra?????????????
fa09cb53,bitches sitting in the ivory tower of tertiary education
f06d395c,"Despite Rosa's behaviour, this is a very humanist scene"
1982b5a7,mentions: {yourname}
b7287936,亜米利加 is the ateji for America right? These kanji have those phonetic readings in 音 iirc
fa09cb53,you better watch out
b478b463,White album 2 is that high?? Damn
13a6ed2b,he only moved like 3 minutes away
d64c58dd,"how can I have umi stream chat, twitch chat, the stream, AND umi FULL CHAT open all at the same time"
505a43d8,"is it one of those underchin bike helpemt strap type things, but a ribbon?"
20bf120f,Which is honestly really nice
d1bdff86,"yea Higurashi was originally a stage play
said stage play was more faithfully adapted to a vn btw!"
eaddc5d1,"No that one was real actually, Mankind was just fucking crazy like that"
e1688f3c,entire ableton live suite
409aa8ed,you all lack culture
fa09cb53,"what you said was ""for real for real"""
0395bfca,Yea thats my thoughts but i do hope he finishes it
2485b0b8,He gonna travel to the past and undo his umi streams 😢
fa09cb53,everyone in that room is a menace apparently
b4690dc2,what if he's just the soyjack that beatrice draws
bfdf84c8,This had better not be george
e1688f3c,could've sworn bro i haven't done shit tonight
eaddc5d1,"Always happy to provide more feminist analysis, Cyan"
51a6abb9,not the montage oh my god
e1688f3c,but it was flopped towards the camera
e1688f3c,i am going to sit and watch
f358d26a,Hmm all the clueless suggests “yes but actually-“
20bf120f,George kinda feels like is desperate to fit in perfectly
7f542ba6,all of these spoiler tags are umi3 full btw
80db325b,it's a cliff and it's in the story
fa09cb53,what you got for lunch
daee0717,it was the best place to get music online at that point
e1688f3c,can't sound the n word though
1fd2119c,But you can definitely still lock it
51a6abb9,umi den just picking him apart today
3161237a,Why can't Battler explain it with human tricks? Is he stupid?
fa09cb53,this one slower + more stuff happens + new music
250b0a9b,"YTA: Her magic, her rules"
fa09cb53,its only 3 4million for an maudio oxygen 49 keys bro !!!!!
94b5b4c9,"I actually liked Rise more, but I get what you mean."
f466ee86,just play the game then
7e6f63ae,Highlaw keeps nailing it
e1688f3c,i am starting education next week :sad:
deb8f4c6,Stream starting soon?
f06d395c,Yeah that's also on my list
6b890d58,Can't wait for more Baldurs Gate 3 today
162b34e4,this will be very useful on saturday
5dc7b18f,umiden was that code there the entire time?
e1688f3c,based teacher implying how i can plagiarize
ba52ee3b,unless she tells me it in red it did not happen fuck you beatrice
fe851805,at least they got engaged
20bf120f,"compared to umi1, yes"
bfdf84c8,"This is the empyrean, I guess"
056f5f8d,so that's what most people will stay with
fa09cb53,also found the video above vro
683b95f7,"i just watched the saku openings lmao, my goodness"
fa7275a3,I'm mad that I got beatricked
c73b2cb7,the drinking is still in the original pc releases from 2008 it's just alchemist censored them
e1688f3c,if both of them were in a hypothetical battle with ℹ️🅱️s 🔥🔥🔥
fa09cb53,especially donot scroll to the end!!!!
ba52ee3b,yeah you WOULD be an umineko fan
ecece11b,"I became lightheaded when he started talking about this, so rude I say"
6cd41a0f,Yes he still ranting about twin peaks
d053e1b9,I should just get it over with so I can stop worrying about it
7350c9e4,I think chandelier is part of the family
17ce7674,but she just cant keep up the effort
e1688f3c,damn bad wording that is very vague
3161237a,That was Highschool of the Dead right?
e1688f3c,rizzler warning ⚠️⚠️
6cb1e58a,Useful to analyze a Japanese VN
ff63de9e,something from ciconia i think
d053e1b9,Just like umineko yes
e1688f3c,and i just heard my other friend awkwardly laughing 😩
ba52ee3b,i haven't seen people do that here tbh
84589370,Hell yeah get her ass
72661a6c,wait what is that referring to
29178c9d,"guys i figured out the secret message, there's a 10 hour umi stream today"
ecece11b,Glad to hear you are enjoying them
56d90223,The hell you mean no????? Is it UMI8??? Is it like 3hrs????
b4690dc2,I technically started with xrd but the online sucks so bad in that game
87df89af,It exists because it is believed
fa09cb53,"half are saying shit like ""what if its fake"" and half are saying ""there are video evidence"""
d37288cb,i respect that as a hill to die on
f06d395c,Isn't it from the steam page where the word is split in one of the images
6d468d99,you gotta make the best hand
5b7aedab,rosa recounting her meeting with kuwadorian beato in '67
b2620544,we still have ??????????
e1688f3c,there were some really good old one
8248ef7e,"I sorta agree, love Chiyomaru but the middle of his story dragggg (except for Chaos;Head)"
0f04debb,"mhm, like battler and virgilia's convo"
b18daefb,"""so whats that I hear from your earbuds"""
1fd2119c,You can always catch the vod later
a72309aa,🎵 Pulled the trigger now she's dead
87df89af,I'm going to say it. Beatrice would sound cooler speaking in middle English
b8097e51,"And Kinzo clearly is a practitioner of esotercism, not ""witchcraft"""
94b5b4c9," Damn, I love the ""Kanon was killed long time ago"" part "
d25281cf,god his theme song is good
13a6ed2b,sakutarou if he was glorpin
e1688f3c,i will give you my 3d penis
ecece11b,I believe this is simply the reason why
fa09cb53,plus le epic gamer meme edit 🤯🤯
3635ecbf,If mouse is the mousr and august is the cat and I be the rail tracks
0c7d56d4,"If Joe ever does Higu, I'll alt-F4 the stream at the first Irie moment."
fa09cb53,thanks for le pointing it out i would have never le guessed it !!!
1fd2119c,I was actually wondering how they'd do the soundtrack
fa09cb53,he just like me fr!!!!!!!
ba999415,I unironically stopped taking notes everytime it played god damn
e1688f3c,has much higher resolution
7e5b9ca6,who was apparently really bad at teaching german
f466ee86,damn i guess ill check it out
d2cbae83,It might just be me but I honestly count some random proper noun as barely barely a spoiler honestly
fa09cb53,early onset dementia
d0fb1a3c,I love these ange future scenes so much
8248ef7e,"I dunno, honestly it's probably one of my lesser favorite from memory lol"
c73b2cb7,but i can see him getting pissed at some parts
5b7aedab,"for the love of god, montressor"
db13175c,But idk that was probably my favourite umistream lmao
f06d395c,I don't think there are actually N number of goats. It's just a general representation
b2620544,Is Mars needs Senpais a Rabbi Ribbi fanfic?
bfa4eaa7,chat will handle it for me
7e5b9ca6,they were just like oh you should have learned it
e1688f3c,you ever remember very obscure memes from years ago
fa09cb53,now i wait for it to render 1231  frame
1fc172f8,"2,578,916 worlds of misery..."
87df89af,We just need an epilgoue at this point
725720d2,Bluey dethroning paw patrol as this servers favored children’s show
13a6ed2b,especially because it's cursive romaji
e1688f3c,at the end of the video
621bad4b,"not counting ARPGs, which usually aren't THAT rng reliant"
e1688f3c,why is his cock just a sack
83cb2bb1,Eva Beatrice has taken OG Beatrice's spot huh
b4690dc2,before she goes back to the abuse
a11b1797,Like how we only witnessed kanons murder in episode 1. I can only wonder why.
b4690dc2,who died then? George and Shannon? Jessica and Kanon?
d64c58dd,spoilers are untagged up to joe's stream but everything after that has to be tagged
20bf120f,Translated the japanese version of fighter into english
07e46c25,"Are you the chatter that gets owned? I have not met the chatter, but I have heard of him"
f06d395c,This feels like a much longer game and he stll doesn't even know the rules
eaddc5d1,"OH RIGHT, SHE HAS BRASS KNUCKLES"
b58b70f8,im too much of a Fate fan that i LOVED the virgilia fight
1fd2119c,"You either want to bang Kinzo, or you don't. Easy as"
f06d395c,I feel like I wanna give the benefit of the doubt to people on this discord
b4690dc2,but when you make a compound word you frequently voice the first consonant
8e4a44e5,"yea, one had a successful anime, another had 'an' anime"
1fc172f8,you might be mistaking it for the opening used for the umineko saku port which was for the switch
60863448,sorry my brain just defaults to thinking about the epitaph lol
fa09cb53,66666666666666666666666666666666666666666666666666666666666666666666666666666666
34ab5fad,We cant help ourselves
87df89af,As it stands he's just starting to turn into an obnoxious redditor
b58b70f8,if he watched monogatari
409aa8ed,i reject this based on the fact that you included dr stone
6c6ab8c5,didnt he do this in ep 2
250b0a9b,"Thank you Coru, I know I can’t count on you to have the correct opinion"
e1688f3c,uncanny skibibapbidoppabob toilet
b8eaf23d,If you just do it one at a time whilst you read
62c1fbf7,however a 4'10 woman using ore is based as hell
c7120964,The witch of hair and receding
e1688f3c,don't want to shit myself
30a0ff40,Ive been trying to finish Baldur for 4 months already
13a6ed2b,6th place in terms of word count
bfdf84c8,I'm surprised that Umineko has a stageplay
eaddc5d1,"OH SHIT I THINK SOMEONE WANTED ME TO LOOK AT THIS EARLIER 
SO CUTE"
b2620544,Yeah. Really sucks George got none of that
20bf120f,No congratulations for you
aeda0791,Woman likers be normal about bunny girls challenge
bfa4eaa7,this sounds like mandalore
d25281cf,vladdy don't get in your head about it
daee0717,sort of but i also personally think it’s just missing the point
eef09ada,Holy shit those fire effects lmao
84589370,Hasn't mentioned Kanon...
c221bc92,"is umi really popular in japan, i know higurashi is"
40497259,Battler wakes up from the coma to realize he's actually Kinzo and it is 1935
e1688f3c,i don't know what teacher is
f358d26a,Hey Battler POV is a part of the novel
5dc7b18f,wait is Genji a playable character? I hope he has something like a halo mech or something
d0d252d6,Do you think Joe will finish Persona 3 next week btw
73e128e5,The Bisexual Community Has FORGIVEN Battler For His Crimes
162b34e4,On Persona days he usually starts about 11 and ends 5pm so I end up missing the last 30 minutes 😔
db13175c,i want joe to play lobcorp
b2620544,At least it will be 🔥
60863448,why would you even answer the question if youve read umineko lol
31a02125,"yeah just looks up a guide for the mod, should be easy to find"
505a43d8,I will but jsut to keep learning to draw kun on top
1fd2119c,"""Why you have to be mad, is only a game"""
e1688f3c,i thought you have to write some bruh ass academic essay
b621b1a2,oooh. the power of belief!
8aca22aa,previous stream series ztd
e1688f3c,ayo terraria on the right
d64c58dd,Sakutaro is such a bro
409aa8ed,she fucking ate with that
70cb8f0d,so this was a topical fanart
e1688f3c,what if mom got custody
17a6b71b,Joe trying to find the start/top of a circle
7e5b9ca6,first two bites maybe
ae10a8f4,GO TO READING CLUB DON'T SCARE THE JOE STREAM WATCHES
5376ff2f,"in conclusion, hurt people hurt people"
23cb59d8,Someone told me to search and watch two girls 1 cup.
b821c653,I like the characters a lot in Fata but I don't think I like the dialogue in comparison.
72661a6c,no thank you i would like to go on that journey myeself
73e128e5,no he's just proud of his clean shave
5b7aedab,angloph- what herbert said
d5284187,an ancient device that I've seen in history books
f06d395c,Maybe George wasn't planning on proposing on that day and didn't have a ring
12e5897b,If it's a bunny girl thing then it does show the leotard look by giving that window
5b7aedab,"```ansi
[2;31mNo; that's a whole new sentence.[0m
```"
e1688f3c,what do you mean i can't?
250b0a9b,Jacob Geller is like Joe but actually makes videos
5b7aedab,yeah these are all fair points
219c8209,yes cuz it was already peak
9f2e5620,Thomas Todd Anderson
d25281cf,too intensive for modern computers
162b34e4,and the persona 3 flip phone game
83cb2bb1,ZTD is a good game if you think about it as a comedy instead of trying to take it seriously tbh
07e46c25,beato cg !!!!!!!!!!!!
e1688f3c,and i came here at 1
e1688f3c,nvm they not stopping at the airport
f06d395c,I feel there's a lot left to go
12e5897b,Still not as many bits across all the Joe streams
b58b70f8,could you elaborate on what you mean
fa09cb53,or that can be the intro then you can break down the melody and harmony for other instruments ig
21bd6810,Its in units of 10000 so is that half a marble or 5%?
fa09cb53,bro do the rest of the song
441da1e5,"Don’t mind me, I’m just being contrarian cause of umifullers setting expectations"
5b7aedab,are you trying to summon jelly
b4e5f498,Wait so Beatrice is Joe's waifu confirmed?
3a068e31,get them umifullers out of here
c11040f9,Your Nanjo collapsed : (
d64c58dd,THIS ISNT READING DEN?
7b01763e,it's a picture of owen wilson that i morphed into krauss
f06d395c,Yeah true it could just be Sayo
bfa4eaa7,about clash royale fanfics...?
7e5b9ca6,no more sebastian debeste...
505a43d8,but you will prob also find umi right away so dont
441da1e5,In what language did he read it?
5b7aedab,rights shenanigans i assume
24ea4ff4,umineko is hard to fully spoil with one thumbnail tbf
b58b70f8,and you can get spoiled for things early on
e1688f3c,10 thousand dolla????
bfa4eaa7,man this VN turned me into a weeb
bfa4eaa7,i thought shikashi = however
e1688f3c,i thought you already watched the long ass rabbit hole video
1fc172f8,do you think bern is the type to play kusoge
8248ef7e,"With love, the importance and the beauty of the slice of life in Higurashi can be seen"
8264f965,they say if you shoot a magical being with a gun they die i think
b4690dc2,finishing the game just to write this fanfic
84589370,I really liked that. If the other episodes keep up that energy this may indeed be peak fiction
dd9e2814,It fits goat-kun fight music too much XD
f06d395c,I think before I read the tea party I might have agreed
d053e1b9,I LOOKED AWAY WHO IS THIS
1fc172f8,my sincerest congratulations to all the erika stans in chat
02ff68a1,I think it can be satisfying by itself to see the answers trickle in a little.
71084104,Thats cause he has a... particular taste in women
dfbdeb12,they had a nice logistics update recently
409aa8ed,i was just thinking about
da0c8d98,Oh yeah I forgot that too
fa09cb53,the housing market is stable
3c96715a,Is it so bad in umifull?
e1688f3c,which went ok because i showed him
fa09cb53,have to make an account to save a fuckign ref pic
d0d252d6,I need an apology video with a ukelele
d08f3d94,why’s this lion look so much like a goat…
8e4b9907,"wait what does that have to do with the o vowel
Isn't that 'ronowe' instead of 'ronobe'"
e1688f3c,purchasing time :trhumb
83aa7c93,George had longer to groom
b821c653,Where are we gonna stop next stream I wonder
87df89af,I've heard the Fate VN is better than the anime so I'm kind of interested
13a6ed2b,today would be his 57th
d053e1b9,Some tablets have weird driver issues
fa09cb53,when the facts are checked by brandon acolytes..
e1688f3c,BOMB (sorry for joke)
d1bdff86,PHASE 2 COMING OUT THIS YEAR TRUST GUYS
b2620544,Memes aside I think Shannon was 10 (but actually 13) Battler was 12 and Joji was 17.
24ea4ff4,I listen to like 40-60% of it more or less regularly
e1688f3c,man it would suck ass if dungerz didn't play
73e128e5,"don't they specify in the vn that it's like maria brains, not her whole fucking head"
14b12b71,Kyrie would football slam a baby to the ground if it meant staying with Rudolf
b58b70f8,its unironically how news outlets would call it irl
2e441894,Do you mean ep 2 as a whole?
162b34e4,36.8% through Umineko currently
621bad4b,"like the whole setup ends with ""and rosa is the only ones who had the keys to anything"""
e1688f3c,yeah that's fine bro just need to get to space! 11111
b9f82b61,there's sekiro style parrying in this game actually
72661a6c,do we know whose photo this is
ba52ee3b,THE PROBLEM IS READING OUT ALLOUD
49b618b9,Yeah I heard. I'm just waiting for the next ff mmo at this point tbh
29178c9d,"oh yeah i forgot about the rudolf ""i think i might die"" moment"
b4e5f498,Without Joe it cannot be seen
5c345fff,‘umineko: recreating the murders in CS:GO’
0f04debb,let's see if there will be improvement
fa09cb53,erm... ill put it in wish list
b478b463,There are already a few
17ce7674,but its on a 70% discount
e1688f3c,bitches know my shit is raw
e1688f3c,and he be like sorry mistaken
e1688f3c,that your setup? ? ? ?
1fd2119c,"""Man fuck my stupid baka life"""
0b843864,This Episode's doing it a lot and it's been happening in EP7 too
7e5b9ca6,damn are you outside my house
d053e1b9,idk why it's so funny
fa09cb53,his ass must do it often bro
1dd860ce,umi full  at the end you become kinzo.... 
d053e1b9,What? You need a raised bed to go with your sleeping bed and sex bed
fd46192f,with a dress that looks like the belt of the treadmill
e1688f3c,the case is closed so it would take
fa09cb53,aight but put in some actual value if you want it to have value
fa09cb53,a bit better but i think what if the option box were equal size
219c8209,He hates COMMUNITY of people so much he added their parody to story
e1688f3c,if my whole body gets shocked
20bf120f,Is this a character joe hasn't seen before?
56d90223,Tell them “what are these boobs” is a line that’s important for the finale ep
2a73986c,damn ronove is there
eaddc5d1,"CHIESTERS STILL THERE
KINO CONFIRMED, NIHI"
b4690dc2,"kyrie and pegs, name a better combo"
b8eaf23d,since he's mentioned that before in a not jokey manner
ff63de9e,"if its good, yes, i dont really care"
fa09cb53,barely fucked on 3d game engine !!!!!!!!!!
db13175c,I'm also someone who doesn't care about pacing as long as the content is good for me
d64c58dd,Now that theres an inferno cop marble we need a space patrol luluco marble
0ef04394,"ergo, the epitaph sucked"
83aa7c93,Funny you use smug renne emote since she's prob one of my favorite female characters in media
3161237a,"Right, 20 I forgot about bernkastel"
e1688f3c,also the funeral took place at a hospital?
5dc7b18f,"ok question, is the rest of the story like this?"
621bad4b,crypto didn't exist yet but enron was founded in 1985
b18daefb,i love everyone groaning
fa09cb53,true epic based redpilled mindset
e1688f3c,anyways tomorrow final examination of this week
e1688f3c,out of all vietnamese players
17ce7674,"And then, at the end, she snaps and tries kill the culprit, which is why she dies"
e1688f3c,are you fucking serious??
b478b463,"buff and fat at the same time, i aspire for this build <3"
13a6ed2b,the PS3/Switch/Umineko Project (which is based on the PS3 version) versions
7586ad7c,There is literally not a single spoiler
505a43d8,"ok thi convo onna happen for a while, imma get more coffee"
fa09cb53,i just sent you that 😤
1982b5a7,Just say It's Beatrice
fa09cb53,also just realize wed is free day
13a6ed2b,i think she said 40-50 but that's based on reading on a stream
87df89af,Ryukishi's not woke enough/10
f06d395c,Ok I need to reread this whole bit cause it's not making any sense
441da1e5,Rudolph was 100% on pretending Battler was Asumu's son
cbee777f,I understood none of that but now I'm just thinking of Beatrice's soup-fork metaphor
b4690dc2,"the entire like, final fight was the normal tea party"
20bf120f,"Well, at least the boobs aren't too bad compared to some pachinko sprites"
e1688f3c,sorry that was my little brother
ae10a8f4,~~I do not care for george stop showing him on the screen~~
219c8209,IT WASN'T never happened
8c2d3d2b,that was the line yeah
409aa8ed,WAIT WHY ARE PEOPLE DOUBTING
048fc8de,umi 2 I think we get to just before the kanon fight scene
b8eaf23d,in the first 30 minutes
ae10a8f4,Oof I don’t have it open how their being weird
725720d2,Fork found in kitchen
b9f82b61,"umibros who've read the whole thing: is there a reason that they're bunnies, or is it just for fun"
e1688f3c,just put a fan over it bro
409aa8ed,who has the rabies shot?
5c345fff,purgatorio gap is entirely ridiculous witch outifts so he keeps his vanilla suit
f358d26a,Wasn’t 4 ending with Battler holding Beato all romantically
5b7aedab,the music is low for my taste but well-balanced for joe's voice and the overall level is fine
eaddc5d1,"Target lock engaged, nihi."
1dd860ce,nanjo into the nanjoverse
bfdf84c8,That book was a massive pageturner for me
fa09cb53,bro the amount of scum these fucking people
e1688f3c,and i'm over here just sitting in silence
e1688f3c,dracula cat confirmed???????????
1fd2119c,Do you have any thoughts on joining streams again in the future?
b9f82b61,i will crash out if EVA trice appears in the Velvet Room
df4aa97d,also all the between volume gag panels are hilarious
e1688f3c,what is he talking about in number 5
20bf120f,"Rather, this is the phrasing of a person with no empathy at all"
bfdf84c8,Like  an after party  ? (Higu 1)
f06d395c,Yeah I was wondering lol
e1688f3c,i'll maybe fix camera movemnt
fa09cb53,i think the whole thing have a problem with the syncopation
f06d395c,"As always, thanks Hannah"
02ff68a1,I might also just be stockholming
fa09cb53,tuck you in for bedtime will always be best lyrics
e1688f3c,apparently (from one unofficial source i have heard) a year ago
fa09cb53,ngl not my most inspired track
db13175c,it's the geusthouse yeah
e1688f3c,been laughing at this shit for the past 30 minutes
63518930,the best thing we could do for Umineko
db13175c,sonata for you and ware for I
b58b70f8,did you mean eva? also interesting theory
13a6ed2b,just watching streams
505a43d8,I never read inside mari but i did watch a video essay on it lol
da0c8d98,Divine comedy invented the idea of hell for the Catholics
e1688f3c,jeff da killer arc doe
bfdf84c8,Are we about to reveal the guy in the wheelchair just off camera left?
94aea54b,umi 3  this ep is actually rather quick with getting into it from what I remember. 
a997b01f,I hesitated sending that one
60863448,i mean u can also send it idc who sends it lol
162b34e4,Mouse wanted it down in 50 seconds 😔
b18daefb,thank you english teacher
d053e1b9,I feel the need to apologise
fe911216,what are people's thoughts on maria? i think she's probably a top 5 character for me so far
ff63de9e,~~just not one of the good ones~~
d0fb1a3c,Maybe he should just start from second season
3a068e31,its all incredibly fucked up
20bf120f,It's not even deniable now
ecece11b,My profile picture is like part of my personal identity atp
b9f82b61,so this is 100% out of character
12e5897b,Yeah Death Note doesn't have a mystery but I don't think that's necessarily a point against it
31108803,"if they mention maria, just say fascist in potentia"
fa09cb53,kill them they are gangstalkers !1111
e1688f3c,what the comments say
a5dedc72,"is he gonna do the AP test on friday or BG3, has he said"
0be52b7c,"like the flat-earth people, i can't believe that's still a thing"
ff63de9e,umineko if it was boring fr
ba52ee3b,"uhhh good luck, it was in this chat though"
da0c8d98,Umi 2 & epitaph when they come out of the church after finding the bodies
7e5b9ca6,"""my favorite smt game is strange journey, and-"""
d64c58dd,sorry I haven't read it since high school
94b5b4c9,I hate when my youtuber prankster persona takes over
b58b70f8,burnout and busy lol
b478b463,Yeah she hast he least alibis
048fc8de,yeah that's what he means
73e128e5,i love csm but comparing umineko to it is slander for umi
17ce7674,"Btw, I love this scene rn so much"
b4690dc2,"beatrice taunts him about it, but I don't remember"
725720d2,To not write in cursive
a5dedc72,Dis supposed to be the dtream chat stop reading ahead
31a02125,yeah from people's recent playthroughs the impression is it's pretty deep into the episode
162b34e4,Is Fata Morgana top 5 visual novels
e1688f3c,yo but what does math mean though
fa09cb53,he got that rowblocks
d64c58dd,what the hell is happening behind beato's back
44721f1f,any pachinko experts in chat
3c6ae2a1,p sure you can skip cases in the re-release but double check
0f04debb,only good thing is george wanting to distance himself from the family
96bf8c05,50/50 split on this chart is crazy
e1688f3c,promise i won't cringe
e1688f3c,ben 10 sticker pack 5
f06d395c,It's legit almost as good as the Umi streams for me right now
17a6b71b,Mouse's humansona design is very cute. Love the hair vents
e1688f3c,i can'/t think of anything
7e6f63ae,We're in the 12 hour scene huh
fd46192f,hmm maybe i can get my mum interested too then
e1688f3c,i'm outside right now internet is shit
e1688f3c,aww turns out they can't
fa09cb53,it scream loud and the eyes becomes red 😢
fa09cb53,there is this calculation in the 60s
e1688f3c,surely the police would not oppose the will of god
5b7aedab,cackle-based voice therapy
13a6ed2b,we played gartic and jackbox in undercourt
73e128e5,that's an alt color for battler btw
f06d395c,What do you think I think lmao
0f04debb,maybe a goat did it for her idk
f06d395c,I remember thinking specifically that the reason Rosa stays behind in the garden changed
31108803,this does not bode well
d0d252d6,im biased but I love the AA streams
24ea4ff4,are they worth the time?
fa09cb53,sinepsinepsinepsinepsinep
8aca22aa,depends what you mean by that lmao
e1688f3c,followed a long ass tutorial
637beb8b,Jerry has been suspiciously quiet
c3e052ec,Equal Rites was a lot of fun
8f76cfa5,also is there like an archive that i can go thru for the previous episodes to check text and such
ff63de9e,rance X translation cannot come soon enough
29178c9d,spoilers for anyone who doesn't wanna know but we're now entering chapter 14 out of 20
20bf120f,no one talks about umi5 anyways 🙂
621bad4b,"in that it is both made in japan, and in the typical japanese RPG style"
8c2d3d2b,this is so fucking true
e1688f3c,also bro studying ahead for object oriented programming profeciency exam right now to skip class
219c8209,"Yes, but when is next umineko stream"
ba52ee3b,I AM NOW HOMELESS MONOCOINLESS
d053e1b9,I'm a little upset THIS is how I find out videos like this exist
409aa8ed,why would yo do this to me
0b843864,I'm assuming it'll have to do with her not being able to blame Eva for everything like she has been
c73b2cb7,I can't understand how this would happen
d64c58dd,what's your kinzo theory?
fa09cb53,damn its not lang quan ho que toi but beo dat may troi
e1688f3c,i need credit card!! ! ! ! ! ! ! !
8c2d3d2b,GNOME TECH HOPPED THE CLIFF
e2dd6606,How does the sign appear then?
fa09cb53,but the bruh thing says week 2
68aa81ad,trans brazillian girls girls can jump 4 times actually
e1688f3c,new definition foudn
fce5d05f,So true btw (but coffee is good)
d2cbae83,Yeah maybe Im reaching too far on that way
e1688f3c,ok mr moe i'll still be here
d25281cf,i adore phoenix in AJ
8e4b9907,"These are just spoiler tags for theories, not actual spoilers"
eef09ada,This depends on the quest
94b5b4c9,There is only one real main character
02ff68a1,I think that if the story ever sits down and just tells the story of Sayo it could get me.
fa09cb53,i was working on it then online class 😔
acc72aa2,the credits roll with all of the family wearing witch hats for their driver's license photos
e1688f3c,good thing i know how to use
b621b1a2,kinzo absolutelyy dons the bunny ears
94b5b4c9,"yeah, nobody normal is active in twitch chat"
c221bc92,i don’t hate them in the way i hate the pachinko ones but something is lost in translation
5dc7b18f,but we also have to consider how much Batman would add to the story
d053e1b9,IS THE BLANKET EVEN REAL
29178c9d,i have no red to counter
e1688f3c,garfield broadcasat??
85e13898,and it was 15 years ago
20bf120f,Big Seagull infiltrating Jads
eaddc5d1,"sayo watching all of this like ""i literally gave you everything, whats happening"""
ecece11b,It's lik a house cat
f466ee86,when i inevitably dress up as a umineko character for halloween should it be george or batler
c73b2cb7,"I was thinking the decrepit art of joe as a vtuber, the one he did for the awardshow is too happy"
e1688f3c,just waiting for suffocation
db13175c,anyway guys. i cannot wait for tomorrow's stream
db13175c,novel mode is only in 07th mod
02ff68a1,I'm very open to a different theory but this is the only one that works for me right now
aa8f5f2f,Well I know it had new one idk if it is reboot or not
eaddc5d1,is that a queen or a rook
94b5b4c9,THE SECRET TECHNIQUE
ba52ee3b,"hmmmmmm where do we think joe'll stop this stream, considering it'll have a fanart section as well"
fa09cb53,iraq seems like a great place
fa09cb53,they turned on the mic!!!!!!
fd46192f,can't believe umineko is soon over
fa09cb53,oh shit its gay month!!!!!!
fa09cb53,getting flashed with disturbing imageries
b8097e51,"beato be like, I am the senate!"
1dde7edb,bruh i want to read umi full den so bad
94b5b4c9,"This is another thing on my mind, are these metaphor for something? It drives me nuts"
162b34e4,hold on i missed a secret 20 minute chunk
e1688f3c,and then mom come over and be like
b4690dc2,They’re just also goofy
d053e1b9,"I just wouldn't lump the stakes in with bern, lambda, and dlanor at the very least"
40497259,I hope you understand I'm imagining you as George saying this in the middle of all the murders 👍
da0c8d98,Unironically where it should have ended
b9f82b61,gold covered gold leaf
87df89af,Although that's a fairly low bar given what the other two are like
d0d252d6,Check Stream announcements
37f869c9,The gohda line was a few ago I think?
b4690dc2,What if they swapped it
fa09cb53,lib status unsmashed
20bf120f,I only know the joe streams
eaddc5d1,"B
R Y U K I S H I
A
V I N C E
O"
1fd2119c,Then I realized the obvious mistake
7e5b9ca6,basically putting out an entire book in 6 months
f06d395c,If it gets a bit too much I'll remove the patch
31a02125,the economy is rough
da0c8d98,"What Irtakus just said yeah, and that was before the murders too"
b58b70f8,onimai to scare them off forever
e1688f3c,if you have an account
8f76cfa5,From tje velvet roo.
4e2a80fc,what did u think of the way they revealed it
29178c9d,it's about 4-5 hours from now
83cb2bb1,"We are way past 18 < x < 19 George, get with the program"
94b5b4c9,"WTF ARE THESE SOUNDS, RYUKISHI IN THE RECORDING BOOTH WITH HIS COOKING PAN"
fa09cb53,did u kno… orwell wrote more than 2 books… infact he wrote… 1984… books.
ae10a8f4,having the ability to just read in your head
e1688f3c,cubase got a shit ton of preset sounds doe
d5284187,"I have around 50 pages of notes, but I stopped because I had 50 pages of notes"
fa09cb53,cause the mf smoked weed in class
e1688f3c,not free fire or lien quan mobile??
fe7bc02b,maybe events will make more sense for him now
ba52ee3b,not sleepy might open umineko or somethjing
70cb8f0d,good attention to details
29178c9d,might not be aware but opinions on future stuff do need to be tagged here its in the rules
e1688f3c,did some reasearch earlier
0c247e09,Battler is gonna survive and say he listens to audio books at 10x speed
e949382e,"""hag energy"" actual child"
e87f292e,"If you enjoy trash media, maybe? (I love trash media tbf)"
eae8991a,Just a warning that part is very long. It might not play until later into it
7e92c265,It's more like dirty blonde
fa09cb53,the akai oni strikes fear into bitches heart
eaddc5d1,so whats the topic this time specifically
1fd2119c,I'm so certain of it
83aa7c93,I dont care cause this is the fake beatrice still
b4690dc2,"like, sure shannon and kanon are the same person but it's all the same person"
e1688f3c,what about last christmas
1fd2119c,"So these bodyguards are in Golden Fantasia, right?"
f0578b25,she locks you up in her agatha christie-themed bdsm dungeon
ba52ee3b,but veeeeeeeeery slightly
ae10a8f4,Yeah it keeps things dynamic for such a long story
056f5f8d,so this is the closest you can get
f06d395c,It's so innocent and beautiful that her desire is to simply wait for Battler
3c6ae2a1,I forgot about time zones I'm literally just a weeb sue me
daee0717,that was my reasoning yes
949814c4,I feel so bad i can relate to George......
6d468d99,i'm guessing it's like poker
94b5b4c9,Basically the whole journey is to stop Battler from assaulting women
fa09cb53,i used my dryer on it and the thing doesnt care
24ea4ff4,"no, you need tsurupetta"
bef31d57,He read western audience feedbacks?
73e128e5,like it's such an awesome feeling
7e5b9ca6,wrong chat full spoilers is two down
b2620544,They can only communicate via smoke signals.
1fc172f8,Is this the Dragon King or whatever all those magic characters keep talking about?
ba52ee3b,hope its a peak stream
f06d395c,Wait so this depends on whether someone checked them?
fa09cb53,shit so well written
e1688f3c,sixteen thousand three hundred and eighth fourth bit
d0d252d6,I enjoyed reading your theories pub
8f76cfa5,GOHDA LEVEL COOKING INBOUND
e1688f3c,i don't know how it functions
fa09cb53,he was right there 😔😔
fa09cb53,they forgot the iconic special move
621bad4b,"you could also just drop it because you find it boring, yes"
fd46192f,the anime even occasionally looks good
fa09cb53,feminism going to start army type beat 😩
db13175c,"but yeah most of the ""umineko music mix"" videos are full spoilers"
056f5f8d,episode 3 as a whole
71084104,God I love him so much
31a02125,playing all 3 in one year
83cb2bb1,I was thinking about how the first half of the epitaph has gone pretty much entirely ignored
1fd2119c,HE'S WATCHING THE STREAM
0fc6bdb1,would that mean kinzo was doing kumasawa?
17ce7674,"Its easily my least favorite, but still good stuff"
56d90223,However if I don’t have any ideas the drawing takes me more days to finish
f06d395c,"Hence the ""admin privileges"" granted to her"
056f5f8d,ten years in the joint made you a fucking pussy
ff63de9e,"""T-THEY JUST DO, OK!?"""
e1688f3c,living in a ganster paradise
fa09cb53,wholesome minecraft youtuber hopes he have a wholesome fanbase 🥰🥰
8441b39f,But I'm too lazy so it probably never gonna happen
16196e15,joseph even had his questions answered about how jessica does school
e1688f3c,dumbass i wasn't talking about you 🤦🤦‍♂️🤦‍♀️🤦🤦🤦‍♀️
7b01763e,mostly though yes dialogue is not the problem
6cd41a0f,Umi full but he didnt send them in a white horse
e1688f3c,yo that's actually crazy
7e5b9ca6,his name is pedro beato
9976f035,higu 4 is ultra mega short
637beb8b,"He doesnt know, chat"
77ee69dd,I dont think people who like anime are into VNs to begin with anyway
76d9877b,"🌂 it was a good bit, nonetheless"
f466ee86,"while the servants quarter was unlocked, they stole the box full of keys"
56d90223,Jelly not wanting to hear from a woman crazy
fd46192f,but it's been specified before that there are no more than 17
0b843864,Oh wow I have a vod to finish don’t tell me there’s Anti-ShKanon evidence now
fa09cb53,so had to join another vc
7e5b9ca6,i got them to agree to sunday along with thursdays
d053e1b9,I really want to know the thought process of whoever made this
fe851805,And partners will ask you to do stuff if you're proven capable
219c8209,Umibros done it again
ba999415,Christ I am gunna have to spead up
60a3779e,He was gonna finish by August-September at one stream a week. Its gonna be way before then
70cb8f0d,I don't think you should
23cb59d8,Something you have to reply to with red
621bad4b,"kinzo's gotta be fortune, it's all about fate and unpredictability"
fa09cb53,remember when we look at your house camera
adb72a1d,religion theorycrafting
13a6ed2b,like white on yellow
eef09ada,Its like that movie chicken run
f06d395c,"They just want to come in, feel smug and not give a shit about anything else"
db13175c,this chat is  only untagged up to where Joe is
1fd2119c,"JADS, ban Ryukishi permanently for 5 minutes"
94b5b4c9,"Man, a paranoia ending"
ecece11b,Magic circles drawn in marinara
e967d591,we can forget about ep 2 now
5dc7b18f,does she just use the gun?
94aea54b,That’s honestly the best part with how synced up with Battler Joe is
0be52b7c,Now I'm curious about Yasus real appearance
d25281cf,battler's cuteness <3
fa09cb53,rap verse kinda epic idea but im lazy nwo
07e46c25,if joe is the jordan peterson of the left then who is jelly
d64c58dd,I want to get joe and pat to interact with each other
d053e1b9,like a virgin margarita or something
f06d395c,So maybe another hour or so?
8248ef7e,"october 4th, but close!"
1fd2119c,A Nanjo mod where every single sprite becomes Nanjo would go so hard
fa09cb53,mf is playing stock at school
8c2d3d2b,they're such good friends
e1688f3c,whenever i go outside always get splash damage
3161237a,"Yeah, but puck is annoying sometimes. It balances out"
ba52ee3b,2 streams from now i believe maybe
7f5df344,the manga can get pretty spoilery i don't recommend reading it until you're finished with the vn
44721f1f,love your cackles btw!
56d90223,Someone give me a full body Maria sprite
1fc172f8,she's nothing if not economical!
c221bc92,i really like some of the long scenes
89d41233,The gold is in sh/kanons boobs all along
7979ec9a,what if you are both
7e6f63ae,so it's two thirds umineko
1dd860ce,I think Joe would have liked S;G 0 10x more lmao
a997b01f,To be honest I don't particularly care about either of them I just like to stoke the umiden fires
7ebc065d,battler how do you not get the themes yet bro
7e5b9ca6,make him watch the persona 4 anime (its actually good)
c7120964,There is even an Opera of Higurashi
0be52b7c,"maybe it was a defense mechanism, coping , idk"
e1688f3c,it's going to be awesome
20bf120f,Is umi4 just the episode with the most stuff in it?
db13175c,i think the implication here would be that mouse reads it With Joe
f0578b25,live pegging on stream
250b0a9b,"""munching your cookies"" 🏳️‍🌈"
b4690dc2,Also the music is what most normal people would engage with
fa09cb53,when the sample is unreliable! 😳
c73b2cb7,they all look a little off
e1688f3c,same as yesterday bro
a997b01f,It's a mystery how that dress stays on
b34c2493,been using Obsidian for a while now so might use that to take some notes on it
f06d395c,I have a legit windows key
fa7275a3,If you know what the North wind and the sun is is the trick really obvious
73e128e5,perhaps it's because he's such a loser that he can be so cool
fd46192f,why is he in the void
ba52ee3b,can't wait for nanjo to be evil and instantly turn his voice sexy
fa09cb53,is not compatible with the new win 10 update
441da1e5,"Well, to be fair, the blue truth that allowed Battler back into the game came from Ange"
20bf120f,Spearmaster was definitely better
7e6f63ae,Oh okay she's just fully nude under there huh
7e5b9ca6,if you want to defeat me you have to elemental burst my seven evil orbs
fa09cb53,will send pics later
fa09cb53,le bruh pong and shit
fa09cb53,nothing some guy just said bing chilling
653b6fd3,We are floor sitting now
d053e1b9,Stake sisters on screen how could it be bad
e1849ed8,he will LOVE Ronove I'm calling it(umi3)
02ff68a1,It feels good to be right about this because its where ive been hoping the story would go
eaddc5d1,I'm very suddenly understanding why no one ever plays on the seesaw with Krauss
b478b463,theyre pretty bad spoilers yea
fa09cb53,but bro.. one time i went to venezuela.. and there  was no ifone! 🤯
c0672680,i mean it's good like this
eaddc5d1,"this is stolen valor from another server btw, enjoy"
f06d395c,I don't watch the nodja VODs cause I don't like the editing so I wasn't aware it was this high
e1688f3c,make an ironically unironic post on r/russian
505a43d8,wait is umineko a roguelike
fd46192f,that's kinda what i believe too
e1688f3c,i got bored with the robot
219c8209,it's the one i'm 100% sure about
1fd2119c,And cocaine used to be in cola
e1688f3c,i don't use resolve that much 👍
47247786,Epic is now canon to the streams.
b4690dc2,I have a cube with a long Chinese name so that’s how you know I’m mid
8248ef7e,this phrase should have won best slang of 2024
20bf120f,For example: I refuse to believe that Kanon saw Golden Butterflies in the Boiler room
fa09cb53,now get a lightning shot ‼️‼️
e8769870,but exactly what that level is i have no clue
02ff68a1,"The scene with knox, the character description, end of ep 6, etc."
fce5d05f,Like george existing
f06d395c,That doesn't actually narrow things lol
eaddc5d1,But that doesn't necessarily mean that everything in the texts comprises the whole truth
fa09cb53,im doing the end of broad cast and apologies rn
24ea4ff4,he'll def go over 150 for umineko lol
5b7aedab,listen to mike he knows what's up
162b34e4,theres a big one for questions arc
1fd2119c,MF HOW OLD IS UMINEKO
29178c9d,"battler continues to deny the witch, but now for the right reasons"
fa09cb53,teach him the hingejoint so he can code floppy cock
02ff68a1,Oddly fitting for today's stream
d053e1b9,I swear if george wasn't dating a 16 year old he'd be one of the best characters in the story
e1688f3c,2070 sounds like like
b4690dc2,"I mean I kinda wish I tracked them down and bought their services just to like, see if it's worth"
b478b463,worst ending in television (i have  not seen game of thrones)
96bf8c05,"I have no love for battler, he will be back right after.. the ange city section"
c0bf1352,That's true. I wonder if he did a similar ritual the last time?
e1688f3c,got a fart stored up
fa09cb53,no street fighters though (fail)
bfdf84c8,She didn't live that long after she and kinzo got together
e1688f3c,it will eventually get stuck below you
409aa8ed,but he cares about world events and doesnt wanna trivialize them
f06d395c,Good god I've just had that image in my system for like 6 months
b478b463,Rick and Morty is fantastic memes aside
fa09cb53,like franz ferdinand in world war 1
e1849ed8,they're basically forcing her to stay there
409aa8ed,OHHHHHHHHHHHH MY GODDDDDDDDDDDDDDDDDD
e1688f3c,"```































```"
5dc7b18f,“Ha ha! Embezzlement!” dies
13a6ed2b,"Umineko Concerto will have this, it's a cool feature"
e8769870,"Who wouldn't want two Dora, your almost to a Mangan at that point."
29178c9d,it can unlock jessicas room
56d90223,"oh so I am the odd one out, to be fair I’ve seen a LOT of bad anime for fun"
b621b1a2,forgot to crucify the doctor
1fd2119c,Live Evil And Intimidating Horsejo
bfdf84c8,Rudolf and Kyrie are just playing old maid in the corner
3161237a,Joe used magic. He can't be trusted anymore
5c345fff,visual novels were mistake
e967d591,and I almost never buy games at release time
441da1e5,"Yo, I’m going the opposite way lol"
84589370,He better use that voice for all of that girl's dialogue
7e92c265,idk why they didnt just switch between adv for dialogue and nvl for inner monologue
bfdf84c8,This is stealthily one of the best written scenes in the VN
73e128e5,it's also awesome how everytime battler is a little stupid you can refer back to this
17ce7674,"She is deeply hurt, but still manages to treat Battler well"
e01533e7,Kinzottler theory gaining traction
72661a6c,thats not the first thing id say about that chapter
409aa8ed,and also like...how old was george when they started dating?
e1688f3c,"ayo buddy... retaard!! nascar to,e"
da0c8d98,"I’ve fallen so far, almost where I have stopped being able to deny ~~the witch~~ being a weeb"
5dc7b18f,"from what I've seen, if it's to spite Battler she would absolute eat the instructions"
db13175c,"sure it might be paced not as good, but it's not meaningless"
7e5b9ca6,"on the third twilight, praise joe's noble name"
fa09cb53,nightmare fandom is real???
f06d395c,Beers don't get me that drunk but I am a lightweight these days. I don't drink much anymore
20bf120f,Can't get more peak than that
fa09cb53,ghost really be looking up kiddie shit on da onion browser
87df89af,"Based on everything we've seen so far, yeah"
d5284187,Preached the George word
219c8209,I wonder if he hates it
1fd2119c,"Nope, never mentioned once (or if it did, it was very vey very very subtle)"
13a6ed2b,where did joe leave off?
20bf120f,And then she would just emigrate to him once things turned sour
d64c58dd,Wait does that mean he killed nanjo
fa09cb53,bloods sabotages obama's campaign
17ce7674,OMFG THE SAME DRAGON
d0d252d6,LIS before the Storm
f06d395c,With Higu there was a very clear winnder in terms of favourites but can't really find one with this
1179fed8,I was afraind of that. Turns out my fears were not unbiased
056f5f8d,if you know something is a spoiler do not say it outloud
e1688f3c,i am just simply providing a reason
20bf120f,"It is implied that he can see through normal battler, right?"
e96e7c0f,oh it’s not so bad. they definitely look more realistically 50+ in the pachinko ig
87df89af,We've reached the peak
505a43d8,wait no didn't someone else use gold truth just last stream i forgot who
fa09cb53,dont know tf they were doing
b9f82b61,i mean she could also just Not Be There
fa09cb53,those were expensive birds
ae10a8f4,I do agree that george an djessica are pretty boring
fe851805,Nat20 we go right to bg3
5c345fff,i guess i’d have to read up on it
fa09cb53,bro just start making a bunch of retarded htmls veo
b088e603,When umifull dies none will be left alive
0f04debb,"we're back with ange and amakusa, so i suppose"
07e46c25,i find the first aai1 very weak
3161237a,"Yeah, but it's weird how he stops Battler from interfering."
e1688f3c,fuck blurry ass image
94b5b4c9,"Battler: ""Well, so that just happened"""
f06d395c,I feel like the love story could have been paced a little better
b58b70f8,"""the neo libertarian themes showcase a marxist communist viewpoint only shown by lenin"""
fa09cb53,sucking dick down tha corner store
ae10a8f4,with the rosa scene ner the end
b58b70f8,youre not furfur and zepar pilled
fa09cb53,but is rumoured that i will get abother for soem cavity
fce5d05f,Stage play adaptation is actually fantastic
162b34e4,It does not. It also has glitchy textures in later episodes
b4690dc2,"is that one ""praise my name""?"
5b7aedab,DREAD OF THE GRAVE (ESTROGEN VER)
7e5b9ca6,there's a full spoiler channel
8f76cfa5,BATTLER YOUR SISTER COLLAPSED
7e92c265,I beat episode 8 can I still do the ap test
20bf120f,"The teacher flashback is in the beginning of umi3, no?"
84589370,Toe's little grey cells are expanding
2485b0b8,Oh no potato sprites spoilers 😔
aeda0791,I keep getting thrown off by umipro having the moving mouths
a41e37a5,"WE""RE BACK TO STEINS GATE"
d64c58dd,This reminds me of a castle super beast story
68aa81ad,USE GREASE  NOW ANGE
fa09cb53,to see if they have a disc reader...
02ff68a1,Just someone else needs the computer for the night
d64c58dd,On release it WAS hello neighbor tier
d64c58dd,mix it up listen to far next
fd46192f,really? what didn't you like about it
7e5b9ca6,business idea: fbattler and beatrice yaoi
db13175c,there's a lot of multi page long monologues in their heads that characters go on
0fc6bdb1,I thought dlanor was a tool to explain logical techniques to 4chan weebs
e1688f3c,not even out yet smh my head
8b197101,This is maybe the most joettler stream to date
1fd2119c,It always stands out to me
eae8991a,Virgilia is awesome and goated in real life
c73b2cb7,"Believe what you belive, that is to say, in other words, believe what I believe"
e1688f3c,heart locket that opens video
b4690dc2,my buddy eric is actually one of the top level  joms suppliers in the continental united states
b58b70f8,i personally think erika is funnier than beato
fa09cb53,time to enjoy graphical images entertainment
a4ed1eac,"But unlike Joe, I think she's awesome"
e1688f3c,and keep grabbing onto it
56d90223,Chat will we finish umineko for Halloween?
d053e1b9,If it's old enough then yeah
bfa4eaa7,"don't worry, i'm not insane
i've reread it with friends to force them to become umipilled"
d64c58dd,you totally can lmao
e1688f3c,fbill bates in the afternoon
ea843b1e,actual house of leaves experience
b58b70f8,liz and the bluebird is a beautiful movie pls watch it
c3e052ec,I've heard it was solved as early as episode 2?
d053e1b9,see my previous message
f0578b25,dont worry about it kitten
409aa8ed,am i dumb? i cant find it
ae10a8f4,I wish umineko gold was real
f06d395c,How does Ange get Maria's diary btw
d053e1b9,They make it look really appetising
70cb8f0d,"```Kotlin
('what will that be?')```"
20bf120f,Pony Island ripped of Umineko 😦
20bf120f,I hate that I know that persons name
d64c58dd,That chainsaw man shirt is awesome
f466ee86,"spoiler, toe is already old"
5c109dad,"```ansi
[1;2m[1;31mCream stream.[0m[0m
```"
e1688f3c,wtf they added rape to fortnite???
8f76cfa5,and rudolf/kyrie is just such a power couple
5b7aedab,i'm literally not it just sucked?
0f04debb,do you wanna know how long the long chapter is
7586ad7c,"CRYSTAL, someone and umi 8 said glorp chan"
fa09cb53,can i have 50 thousand pleaaseeeee
17ce7674,And I really need to do that edit
683b95f7,you still have tp to go through
e1688f3c,coo like 300 million a year
f06d395c,Yeah it's got a lot of issues outside of the plot
d0fb1a3c,Mouse do you know if joe is finishing umi3 this weekend?
17ce7674,"wait, there isnt voice acting without 7th project?"
d053e1b9,"I'll get it when it does again, I can get both for like $30"
f06d395c,"If they didn't, then that's a ""media literacy"" problem lol as loathe as I am to invoke that phrase"
60863448,creepy child lends itself well to that
e1688f3c,gotta make it fresh doe
0c247e09,Ryukishi07 running the moefication gimmick 3 times in the same novel
e1688f3c,my messages are again being delayed due to the queue
441da1e5,"I really hope they do, but I know deep in my heart they wont"
6c6ab8c5,my average umi reading pace
fd46192f,wait so this is actually a game now??
fa8d08e9,"yeah, that's my main gripe with it"
e1688f3c,not a day goes by without mention 😤😤😤😤
fa09cb53,i still have one week left of submitting shit
048fc8de,"I think steins gate is great but it’s definitely not a Joe game, very slow paced and sol heavy"
87df89af,"But, all he did was just beat Erika"
d053e1b9,Or am I thinking of something else
e1688f3c,zelensky epic adventure bow down to him!!
a997b01f,"I'm looking forward to it, because I sure as hell won't make a fucking Obisdian vault for it"
2f767d41,i wonder how he's gonna react to eva beatrice torturing rosa and maria umi 3 full
f12c8aac,If you understand the strategy almost all sports have a lot of inherently interesting elements
fa09cb53,where is the spanisg then??
219c8209,"Okay, thank you, that's what we need"
056f5f8d,is erika L like or light like
e1688f3c,and found the hour of code certificate
fd46192f,don't do that if you're an umi fuller
fa09cb53,havent said anything
3eedca15,He’s going to have to hire people to make joke accounts for him
ff63de9e,why is satoko aura farming on the side im tryna trickshot girl
1ccf6c00,First time reader or not
441da1e5,Guys I’m starting to think that this Beatrice is an impostor
219c8209,It must be hard to write ongoing mystery stories now
1fd2119c,So you can skip all of episode 1
17ce7674,"Actually, most of the fight scenes are kinda lame."
b58b70f8,i remember watching that on my first play session
1fd2119c,"Dammit, I won't be awake for that"
219c8209,ah shit it's beato's backstory
56d90223,I’ll be honest I thought it was spoilers so I scrolled away from it as fast as I could just in case
ae10a8f4,now I just read books like a nerd
409aa8ed,you need to go back to the academy
ff63de9e,i only remember the normie tracks everyone likes
e1688f3c,and they have that thing in
1fc172f8,"I'm also gonna turn in, great stream and hope everyone had fun today"
7e5b9ca6,is Madden 24 an rpg?
e967d591,"yeah, because episodes 5 and 6 differ greatly in atmosphere"
f06d395c,I wanted to post that on the best girl channel
60863448,"ciconia doesnt exist, chatter"
e1688f3c,and stumbled upon it
63518930,yea Jessica has been meh so far
b4690dc2,I do like the implication that battler killed off most of the women because he can't write them
b4690dc2,the second time in the last hour
e01533e7,I got a nosebleed the moment I saw this. I am turning into an anime character
13a6ed2b,loves umineko so much
7e6f63ae,that's still 30-40 minutes of GPU time I'd have to spend per gallery
b58b70f8,"umi is one of the best ""recontextualize"" stories ive read tbh"
16196e15,an interesting question
5b7aedab,also you have reminded me i have fantastic collarbones and i should take more selfies
d64c58dd,"umi3 going through the lparchive, yeah umi3 SPEEDS through its opening really quickly"
d64c58dd,oh ok it was the bit
5b7aedab,you're so real for this
daee0717,you’re all good! it’s no problem
0f04debb,wouldn't they ask him tho???? or are they that dumb
e96e7c0f,kanon looks like a french army cadet
a997b01f,The cliff is the 19th person!
13a6ed2b,it's the best isnt it
b4690dc2,what did he mean by this
fa09cb53,aight bruh just got basck from le convenience stroe
443663fd,ok i might have missed a bit of umineko what the FUCK is that outfit
83cb2bb1,So a considerable portion of that is Battler x Beatrice
b4690dc2,umi3  yeahhh sorry I didn't know exactly where you were or if you knew lol
f466ee86,i wasnt even aware there was a sequel
fa09cb53,atleast kindergarten 😤😤😤👍👍
a912f63f,also its dante not virgil (duh)
fa09cb53,me when lost the round in csgo
fa09cb53,joe biden actually said this in thr un meeting last month
f06d395c,I just know that term is used for scenes like that
f06d395c,One sec I'll link what I said
da0c8d98,I cannot WAIT for the first scene of umi 4 to be okarin
e1688f3c,there's one week where there is 3 fire drills
fa09cb53,trolled epic style by hatsune mik u :trollfac
e1688f3c,greater mana concoction
e1688f3c,also it isn't required to write devlogs
13a6ed2b,i dont look at twitch tho
fa09cb53,yeah but with the cap
eaddc5d1,At this rate the only thing Rosa can't beat is the parental abuse allegations
d64c58dd,Right? It's been around a long time
fa09cb53,"70 Hào Nam, Chợ Dừa, Đống Đa, Hà Nội 115070"
13a6ed2b,Idk who he is really
eaddc5d1,she really looks like a yugioh character here
e1688f3c,que es numero tres??
13a6ed2b,sucker merry barrellers
fa7275a3,I feel like you need to take massive leaps in logic to solve this at where we are currently
e1688f3c,dungerz transformation
e1688f3c,if you look closely the chair is a bit elevated from the bed
83aa7c93,What does Kanon think about this huh? MAKE HIM WALK ON SCREEN COWARD
70cb8f0d,I hope it's about gender roles in Umineko's narrative
83cb2bb1,He could be trying to carry out the ritual by tearing apart those who are close
94b5b4c9,that says a lot about society
e1688f3c,bitches be wondering what does this have to do with math
db13175c,then I would go with the one that manages to carry that across without being difficult to read
7b01763e,it was yesterday though so it doesn't count as brainrot
5b7aedab,how unique _is_ umi in terms of joe stream potential?
810fde7b,She got powerpoint’d
f06d395c,So many superb artists
b4690dc2,I honestly just wish I could get enough friends together to run a game at all
df4aa97d,"That said, I might try to look again, so thank you for reminding me"
bfa4eaa7,krauss is just elon musk before social media
d0cb4aa9,Umi isnt for everyone
b58b70f8,what even happened in the last hour
f06d395c,I've already said I like it. One of the best shonen
a5dedc72,so it still could've been painted within a couple years of the present and be of beatrice mk 3
d64c58dd,Though useless fits well with joe because its a stream meme and we have an emote for it
70cb8f0d,a chatter who called us goats just got purged I fucking saw it mods
20bf120f,I read the spoiler 😦
d25281cf,God this cover art is gross
7e5b9ca6,anime bestgirl discussion
fa09cb53,misused facts to push agenda
db13175c,pitch accent is more about memorisation and picking up native speaking habits
6cd41a0f,Although you should have been starting at george instead
72661a6c,the optimal umineko experience is to get in on the ground floor in 2007
f06d395c,"At this point I want to say overall right now it's 50% stream entertainment, 50% pretty good story"
ecece11b,All aboard the rokkenjima express
0f04debb,early episode 1 vibes
b4690dc2,someone needs to get the clip
72661a6c,balatro jokers be like
d25281cf,"im a joe stream umifuller, i came from the future where he's done with streams actually"
e1688f3c,they doing this all for my sake 🥰🥰🥰🥰
30a0ff40,it's not like he wants to make it more fun lol
d64c58dd,let the moment it plays in game be the first time you hear it
c3e052ec,no he said that like 30 mins ago
d053e1b9,So like three more streams
e1688f3c,my university counseling teacher also in the metting
29178c9d,"there were no murders, there was no 18 people on the island, there was only 1 man"
162b34e4,I read the main story in 1 week or about 45 hours
07e46c25,"```ansi
[2;31mThe schedule is dead![0m
```"
d0fb1a3c,"Without love, the bunnygirls can't be seen umi3 full"
29178c9d,early ass stream what
29178c9d,the original sprites give everyone weird blobby proportions
da0c8d98,Kinzo DOES love having furniture around
fa09cb53,i need to see this mf on openai
47247786,"Yeah, I've read this scene before."
fa09cb53,finish obama now!!!!!!!!!!!!!
30a0ff40," Everyone else might have pulled a switcheroo, but bRonove will turn it around I'm telling you "
fa09cb53,do it and family share
fa09cb53,does look like it but small plus color desaturated
e1688f3c,likely won't be able to hear if the door is closed
b478b463,can someone send hideyoshijo and kyriejo
e1688f3c,gpu more important fr
d053e1b9,"Open the main menu ""Oh hey I hear the seagulls crying. Good game."""
5b7aedab,bandwidth is almost certainly not the issue if he has fibre
eaddc5d1,Why do I feel like I just witnessed a title drop in a movie
ba52ee3b,why are people clueless'ing my message
0fc6bdb1,fuck now I'm seeing parallels between beatrice and DEdolores dei / dora ingurland
f06d395c,Wait... was I kind of... right???
250b0a9b,Most characters in Umineko seem to be products of their circumstances and be decent people at heart
e1688f3c,breaking bad reference/?????
e1688f3c,the next event happens after the set up
fa09cb53,a little trolling :troll:
219c8209,Kawh-Kawh Maria was fucking dead the whole time! Kawh-Kawh
fa09cb53,you when tomorrow you see game maker dissapear from your steam library
f06d395c,The moment Kumasawa said that line I put in chat that it was very play-like
21bd6810,Can somebody shoot me this? I need to know.
fa09cb53,we havent do tile set yet
d0d252d6,It has to be something really bad to make me call it shit
5376ff2f,Jessica bout to murder someone 🍿
d08f3d94,if you know of quantum mechanics when not observed x can be in two separate states of matter at once
